price_date,fund_code,unit_price,investor_count,total_fund_value
2026-04-20,NBE,1.580431,11,997382308.14
2026-04-20,NBH,5.824279,147,1070224346.07
2026-04-20,NBO,1.320786,402,1253683783.73
2026-04-20,NBZ,66.871760,287,1391553037.32
2026-04-20,NCS,53.038641,1852,7720281136.20
2026-04-20,NCU,56.179275,12,136054125.78
2026-04-20,NDL,2.109979,1,11898407.74
2026-04-20,NDS,0.878716,12,528941280.81
2026-04-20,NES,2.044039,2,2042004027.04
2026-04-20,NFF,1.201960,48,1795996308.54
2026-04-20,NFH,2.098059,51,140064058.83
2026-04-20,NFK,4.766240,98,1569785417.16
2026-04-20,NHP,5.301901,172,12072470.53
2026-04-20,NHT,59.431299,2,589271785.12
2026-04-20,NHV,4.080195,2,7519615153.25
2026-04-20,NHY,5.595692,2525,172652029.09
2026-04-20,NIG,1.017937,12,257357138.86
2026-04-20,NIS,1.506628,26,1013199248.94
2026-04-20,NJF,12.621499,1768,1330285805.97
2026-04-20,NJG,2.682743,15,65754579.57
2026-04-20,NJR,5.052125,2855,1257296918.88
2026-04-20,NJY,6.607680,1359,293351470.48
2026-04-20,NKA,45.897969,15,156394576.37
2026-04-20,NKC,1.277212,1310,541768466.37
2026-04-20,NKH,1.540361,12,143043966.26
2026-04-20,NKJ,15.214847,1,1561628169.02
2026-04-20,NKK,7.835950,11,1495925844.89
2026-04-20,NKL,3.104803,2648,13679648891.72
2026-04-20,NKM,1.004388,568,52148011.00
2026-04-20,NKP,1.177426,3171,157683295.20
2026-04-20,NKS,1.758231,11,23736287.62
2026-04-20,NKT,1.351681,426,56494872.91
2026-04-20,NKV,2.025368,1,13129883408.23
2026-04-20,NLC,47.182264,60,564039811.20
2026-04-20,NLD,50.391057,1,1320338050.81
2026-04-20,NLE,1.447621,11669,421145557.06
2026-04-20,NLK,1.645369,1166,5256678263.25
2026-04-20,NLL,3.841602,22,1555938090.00
2026-04-20,NME,54.568889,65,71658064.15
2026-04-20,NMG,119.217485,11,2692131687.64
2026-04-20,NMU,1.096691,50,27866811.43
2026-04-20,NNF,22.995235,22516,3238364936.96
2026-04-20,NOA,1.469608,11,559366878.98
2026-04-20,NOI,1.288934,13,885303637.57
2026-04-20,NOV,61.342129,1,1100522507.94
2026-04-20,NPH,1.752794,1009,293616292.87
2026-04-20,NPK,1.473211,1,873660733.10
2026-04-20,NP1,5.191495,166,1577200860.64
2026-04-20,NRC,11.526027,4210,247936094.56
2026-04-20,NRG,4.890578,3833,6561760764.55
2026-04-20,NRM,136.150886,12,352685663.88
2026-04-20,NSA,2.233536,309,1314572348.62
2026-04-20,NSD,59.660801,139,13399296458.82
2026-04-20,NSH,1.927042,1483,1405017937.74
2026-04-20,NSK,5.896935,103,330936681.60
2026-04-20,NSP,1.617813,2719,1605231198.42
2026-04-20,NSS,59.001066,1,1021885784.97
2026-04-20,NST,1.237628,4412,85852017.00
2026-04-20,NSY,1.301482,75,1057173868.24
2026-04-20,NTB,5.868996,1,3233606872.54
2026-04-20,NTD,0.437114,1,592475002.87
2026-04-20,NTF,2.776442,10,227848029.33
2026-04-20,NTI,1.308019,564,135619064.41
2026-04-20,NTO,60.467300,1,3273969642.22
2026-04-20,NTS,2.702719,33,199098408.65
2026-04-20,NUB,56.397630,878,2003163003.59
2026-04-20,NUG,45.603141,11,3039747983.90
2026-04-20,NUH,1.236189,871,90794274.05
2026-04-20,NVB,4.237678,5290,5813229421.85
2026-04-20,NVC,4.530924,102,11329212.88
2026-04-20,NVK,43.253926,19,38626534.53
2026-04-20,NVP,63.253889,1,56681430.85
2026-04-20,NVT,4.100985,71,604944389.97
2026-04-20,NVZ,54.475445,311,690076083.32
2026-04-20,NYH,57.400355,1,986702577.16
2026-04-20,NZH,3.240653,279,217948712.36
2026-04-20,NZT,5.327645,464,6299380243.39
2026-04-20,NZU,47.120463,39,51908562.03
2026-04-20,OAB,71.472796,3,627790876.81
2026-04-20,OBI,2.815219,513,294309341.14
2026-04-20,OBN,54.044125,137,156172983.35
2026-04-20,OBP,0.190627,858,35533376.74
2026-04-20,OBR,49.858954,11451,47598186883.73
2026-04-20,OCM,64.042781,2,467546050.56
2026-04-20,OCN,46.782152,4,109503218.11
2026-04-20,OCT,68.119742,5,439004763.25
2026-04-20,ODD,9.988763,33,425877344.11
2026-04-20,ODG,1.039306,25,19638924.60
2026-04-20,ODN,52.369290,173,164888637.45
2026-04-20,ODP,5.952407,120,215758502.15
2026-04-20,ODS,65.724014,134,123262497.12
2026-04-20,ODV,19.751311,4316,1730645857.33
2026-04-20,OFA,54.455819,146,244029487.13
2026-04-20,OFB,9.969085,14,902671632.79
2026-04-20,OFI,3.820532,733,151738064.98
2026-04-20,OFK,48.253598,293,1115126811.44
2026-04-20,OFO,64.430794,1,2024016330.14
2026-04-20,OFS,7.871515,510,185286539.17
2026-04-20,OGD,11.929330,3424,837884936.40
2026-04-20,OGF,8.272388,442,125765441.78
2026-04-20,OGV,66.666305,1,304841678.71
2026-04-20,OHB,24.436537,1155,1546217367.03
2026-04-20,OHI,0.018622,46,48063640.43
2026-04-20,OHK,2.608123,1157,28015483.44
2026-04-20,OIL,3.979893,674,34784429.54
2026-04-20,OIR,4.679552,274,26712094.01
2026-04-20,OIS,3.137013,1,563076994.17
2026-04-20,OJB,49.259922,7486,28158638817.11
2026-04-20,OJH,10.225698,30,29047035.83
2026-04-20,OJK,13.645287,30770,51598052497.75
2026-04-20,OJT,10.638855,11117,3165628573.35
2026-04-20,OJU,63.522925,2,53819988.85
2026-04-20,OJY,73.904394,6,2711427403.57
2026-04-20,OKD,0.584013,1066,90007630.91
2026-04-20,OKF,4.162677,12,7380319852.69
2026-04-20,OKP,5.697743,452,73568836.05
2026-04-20,OKT,0.143876,869,111625787.38
2026-04-20,OLA,51.681249,33,19758723.01
2026-04-20,OLD,3.063193,6011,145097673.10
2026-04-20,OLE,4.436655,507,310581238.36
2026-04-20,OMB,59.075431,3,181754187.13
2026-04-20,OMC,67.068473,2,390961174.34
2026-04-20,OME,22.791587,70,77856401.49
2026-04-20,OMG,1.775005,684,1254757494.33
2026-04-20,ONB,48.417239,582,5743828813.21
2026-04-20,OND,44.747683,636,3307301283.41
2026-04-20,ONE,1.531563,787,40679649.74
2026-04-20,ONF,61.036337,604,2503401154.81
2026-04-20,ONK,56.778136,22321,74112565314.12
2026-04-20,ONN,5.704869,839,1758940377.15
2026-04-20,ONS,49.967656,23076,149661260022.73
2026-04-20,ONT,48.875315,421,5618897737.58
2026-04-20,ONY,61.704017,748,2209000490.19
2026-04-20,OPB,12.413343,438,47040551.38
2026-04-20,OPD,7.516105,21,59798586.46
2026-04-20,OPF,2.735235,939,294427811.68
2026-04-20,OPH,24.832593,2739,831100872.32
2026-04-20,OPI,23.930898,1499,235197534.09
2026-04-20,OPJ,1.483556,2441,424736856.44
2026-04-20,OPL,9.345982,1025,111103942.15
2026-04-20,OPZ,5.193383,1,649988101.62
2026-04-20,ORC,1.478629,47,1181244232.32
2026-04-20,ORI,56.375140,5,1548941373.21
2026-04-20,OSD,12.446555,955,584536256.26
2026-04-20,OSF,97.717875,17,5353744086.20
2026-04-20,OSH,0.524986,17,59217551.81
2026-04-20,OSL,0.137150,4389,1132301553.10
2026-04-20,OSN,1.414586,122,40675338.14
2026-04-20,OTE,62.328821,2,188578589.49
2026-04-20,OTF,6.134625,1826,704124627.47
2026-04-20,OTJ,7.916932,27641,4184370575.16
2026-04-20,OTK,7.450181,62,3903343.71
2026-04-20,OTM,1.369070,105,14586352.63
2026-04-20,OTZ,65.378351,4,292385521.19
2026-04-20,OUB,6.191750,14,773725606.75
2026-04-20,OUD,61.875857,127,125159576.04
2026-04-20,OUN,50.025768,211,180331086.32
2026-04-20,OUR,78.186931,11,20543694.19
2026-04-20,OUY,61.706730,2,1570571117.87
2026-04-20,OVD,3.130198,3270,827646354.47
2026-04-20,OVR,65.186274,1,464970631.62
2026-04-20,OVT,76.319100,1,718062375.83
2026-04-20,OYL,0.142252,9121,3693691394.43
2026-04-20,OYS,8.895173,11,16186775500.26
2026-04-20,OYT,0.120734,72,1842985675.99
2026-04-20,OZC,2.912298,1,1054602083.59
2026-04-20,PAB,1.227846,409,84379809.32
2026-04-20,PAC,3.358193,1,860594829.20
2026-04-20,PAF,3.662544,4130,374226233.40
2026-04-20,PAI,6.322986,717,889210191.63
2026-04-20,PAL,52.659535,33059,164858496598.17
2026-04-20,PAO,1.322202,360,13515736.80
2026-04-20,PAP,61.723136,1,188615720.11
2026-04-20,PAU,62.715672,3847,10550037758.35
2026-04-20,PBE,3.792415,11,34977353.32
2026-04-20,PBF,1.893496,2,2579382004.90
2026-04-20,PBH,1.828006,12,4364784400.29
2026-04-20,PBI,2.044667,295,96904205.10
2026-04-20,PBK,54.621180,142,134170046.03
2026-04-20,PBN,1.342863,973,485381848.55
2026-04-20,PBR,3.700069,33054,12537265941.90
2026-04-20,PBS,64.426234,22,355012387.52
2026-04-20,PBY,2.952580,56,225883413.17
2026-04-20,PCE,1.148392,213,228264122.59
2026-04-20,PCH,3.587214,57,876919309.14
2026-04-20,PCN,60.749642,13,523268131.10
2026-04-20,PCS,3.139970,38,26000082248.18
2026-04-20,PDC,0.718405,13,1054737210.90
2026-04-20,PDD,5.335521,199,963476282.29
2026-04-20,PDE,1.191223,13,12258623732.50
2026-04-20,PDF,55.865597,62,460072410.75
2026-04-20,PDG,0.169434,12,837176545.72
2026-04-20,PDH,17.062726,79,5728426736.18
2026-04-20,PDS,0.300792,43,735294731.40
2026-04-20,PEA,1.504929,98,75175849.70
2026-04-20,PFO,2.253499,333,75771919.94
2026-04-20,PFS,2.659645,95,23754297.21
2026-04-20,PGD,1.570788,100,139982049.59
2026-04-20,PGE,12.790453,46,5165199336.82
2026-04-20,PGH,7.116229,12,9440774789.20
2026-04-20,PGS,1.271249,551,203767703.44
2026-04-20,PHB,1.550149,13,596220052.76
2026-04-20,PHE,2.822538,84113,35080049985.54
2026-04-20,PHF,0.991413,12,291531412.05
2026-04-20,PHI,1.500437,120,68508356.98
2026-04-20,PHK,1.468067,210,75177457.72
2026-04-20,PHN,459.012915,15,14067984806.24
2026-04-20,PHS,4.243272,20,382414910.39
2026-04-20,PHY,8.017576,46,1104120121.32
2026-04-20,PID,1.668970,90,51603919.19
2026-04-20,PIL,3.951968,8179,523525166.44
2026-04-20,PIP,1.476256,479,46919400745.62
2026-04-20,PIR,1.740032,1312,219698330.63
2026-04-20,PIS,1.260559,299,1639779832.07
2026-04-20,PJL,4.569840,3603,1548826341.40
2026-04-20,PJP,46.123169,15,368657003.90
2026-04-20,PKD,0.856827,54,13930723.85
2026-04-20,PKF,4.859455,1760,627541574.47
2026-04-20,PKH,0.888776,11,97189106.34
2026-04-20,PKL,2.210898,14,5605474431.96
2026-04-20,PKN,1.837662,15,242726141.84
2026-04-20,PKP,1.101985,68,423500862.89
2026-04-20,PKR,1.373701,157,616492107.29
2026-04-20,PKT,1.395924,678,8610539566.66
2026-04-20,PKU,6.218110,46,5247361237.54
2026-04-20,PKV,1.771927,3725,16853278744.38
2026-04-20,PKZ,6.175336,12,37681397527.62
2026-04-20,PLA,1.113755,114,2660724.75
2026-04-20,PLR,1.462636,759,585479467.69
2026-04-20,PLS,25.655179,8,907644499.79
2026-04-20,PMG,1.597085,1,1396940652.33
2026-04-20,PMH,0.018478,44,17685274.93
2026-04-20,PMP,1.210354,822,47319969.19
2026-04-20,PNU,1.052812,1137,6104766355.11
2026-04-20,POB,4.726563,46,4878145490.22
2026-04-20,POD,63.673823,1418,4524275402.92
2026-04-20,POF,7.160619,46,6263945195.97
2026-04-20,POH,1.134236,4,1941108805.61
2026-04-20,POI,0.107205,43,268462722.34
2026-04-20,POS,1.161906,563,86414678.44
2026-04-20,POU,2.098137,75,5925008791.29
2026-04-20,PO7,0.905768,44,2588380557.56
2026-04-20,PO8,3.686590,51,432354613.41
2026-04-20,PO9,0.907967,148,13801897.32
2026-04-20,PPB,10.545256,1886,425074242.78
2026-04-20,PPD,34.190608,104,2121972319.56
2026-04-20,PPE,58.438947,75,773624070.92
2026-04-20,PPF,4.541245,22,488462332.82
2026-04-20,PPG,1.279871,988,651586323.25
2026-04-20,PPH,1.612437,3613,108524422.66
2026-04-20,PPI,2.011019,3183,7478851538.95
2026-04-20,PPJ,1.617731,6536,52031113768.81
2026-04-20,PPK,1.976237,2721,4777759334.56
2026-04-20,PPM,1.927884,222,291036374.73
2026-04-20,PPN,5.045418,15201,12972997531.59
2026-04-20,PPO,1.411776,45,86384811.07
2026-04-20,PPP,2.741657,393,4281298772.50
2026-04-20,PPS,4.147690,6931,2264078801.85
2026-04-20,PPT,2.837021,3683,1717063137.53
2026-04-20,PPU,2.068889,45,35030672.46
2026-04-20,PPV,1.007439,24,105662534.88
2026-04-20,PPZ,5.780716,8015,12997094661.31
2026-04-20,PP1,1.695195,373,44979440.53
2026-04-20,PRD,2.039308,636,411057184.05
2026-04-20,PRF,58.816631,2,161454887.47
2026-04-20,PRH,1.921409,387,656259620.68
2026-04-20,PRR,1.172013,115,399944732.08
2026-04-20,PRU,3.132446,1608,3123124342.47
2026-04-20,PRV,1.179062,73,2518911370.77
2026-04-20,PRY,2.706947,36547,71284459954.73
2026-04-20,PRZ,0.000000,0,13858.95
2026-04-20,PSD,49.840718,1,2539990907.95
2026-04-20,PSE,1.604660,6353,18171225150.76
2026-04-20,PSG,8.856213,15,146349268.60
2026-04-20,PSH,1.025280,25,11559812.89
2026-04-20,PSL,7.722018,53,699896434.62
2026-04-20,PSO,0.415226,1,849663675.63
2026-04-20,PSR,6.383031,46,160926440.36
2026-04-20,PSS,5.289788,11,354335671.72
2026-04-20,PST,0.026345,51,322977646.51
2026-04-20,PTC,60.935489,16,971645065.81
2026-04-20,PTE,1.489616,4667,42186662051.60
2026-04-20,PTF,1.307340,389,1018419432.38
2026-04-20,PTG,59.395969,1,115762743.48
2026-04-20,PTL,1.638202,744,573676245.47
2026-04-20,PTN,1.674660,1097,708507078.99
2026-04-20,PTO,1.434187,528,286849470.95
2026-04-20,PTP,1.050851,154,20299580.43
2026-04-20,PTS,1.402760,638,6413166280.96
2026-04-20,PUA,9.068283,1,4509400159.10
2026-04-20,PUC,6.459195,802,1302125314.07
2026-04-20,PUH,1.552327,26,360525447.62
2026-04-20,PUR,9.153252,41730,113627146276.60
2026-04-20,PUT,7.378736,1,6476961051.57
2026-04-20,PUV,52.920134,1,1129836029.46
2026-04-20,PUZ,9.288222,2,149732177.84
2026-04-20,PVK,5.100908,8624,37654678631.04
2026-04-20,PYB,1.640428,309,1017634919.30
2026-04-20,PYD,0.725738,45,132473236.30
2026-04-20,PYF,9.322766,10,808400426.79
2026-04-20,PYH,7.535282,11,5504937801.18
2026-04-20,PYI,3.700957,45,1394977931.44
2026-04-20,PYL,8.789731,33,403705975.35
2026-04-20,PYR,2.005751,1838,153481151.40
2026-04-20,PYS,55.144265,49,1321896377.51
2026-04-20,P1A,1.322523,309,984778167.14
2026-04-20,RAF,3.578405,12,189417574.23
2026-04-20,RAI,2.079831,1,5429123197.58
2026-04-20,RAN,53.919944,1,1001927132.07
2026-04-20,RAV,1.329541,12,1032627742.30
2026-04-20,RAY,3.629361,1,1585281079.86
2026-04-20,RBA,22.459481,6605,2558485043.12
2026-04-20,RBB,1.466568,53,55704397.82
2026-04-20,RBE,3.745454,16,2628887813.10
2026-04-20,RBF,1.659240,90,28392251.93
2026-04-20,RBH,31.983537,5109,1000454207.34
2026-04-20,RBI,53.652478,129,194936566.74
2026-04-20,RBK,8.022287,1095,43986490.92
2026-04-20,RBL,1.587689,838,367199796.69
2026-04-20,RBN,1.577493,204,44935192.94
2026-04-20,RBP,1.967239,702,1862604085.59
2026-04-20,RBR,2.854740,115,31848136.48
2026-04-20,RBT,5.756033,1793,620132529.35
2026-04-20,RBV,6.101811,15520,5724025847.35
2026-04-20,RCL,56.887399,1,152743292.70
2026-04-20,RCS,5.760104,1,2644803.44
2026-04-20,RCV,1.582509,92,137161482.06
2026-04-20,RDF,1.599260,1250,249569657.56
2026-04-20,RDH,4.078711,18,1746064781.69
2026-04-20,RDK,1.357008,2,629697.76
2026-04-20,RDS,0.000000,0,43.69
2026-04-20,RDT,1.008919,57,74966796.95
2026-04-20,RDZ,46.409266,115,612402197.26
2026-04-20,RD1,1.756773,172,62608688.76
2026-04-20,RE7,1.123688,12,189992883.94
2026-04-20,RE8,3.166304,12,1201646918.34
2026-04-20,RGD,1.043357,163,32390047.32
2026-04-20,RGH,1.055753,35,39096919.99
2026-04-20,RHD,1.867097,12,144943152.94
2026-04-20,RHI,1.606491,567,138902728.03
2026-04-20,RHS,7.574503,1792,901253029.21
2026-04-20,RIA,1.245399,81,160754862.78
2026-04-20,RIH,6.411435,593,181952156.35
2026-04-20,RIK,5.347437,7062,1512627620.49
2026-04-20,RJG,3.543776,658,137242781.55
2026-04-20,RKC,1.578376,474,136058786.66
2026-04-20,RKH,1.011260,87,8791768.38
2026-04-20,RKL,3.156166,1,2470022642.84
2026-04-20,RKS,1.876863,135,125353977.62
2026-04-20,RKV,2.291100,260,551072289.04
2026-04-20,RLH,1.534621,26,251223221.55
2026-04-20,ROD,51.676622,849,3022304591.58
2026-04-20,ROF,3.332489,1277,600662689.62
2026-04-20,ROS,0.000000,0,3.95
2026-04-20,ROY,1.233341,11,137411249.86
2026-04-20,RO1,1.133833,24,164727131.71
2026-04-20,RPC,4.845225,561,27501692.30
2026-04-20,RPD,13.295855,2280,311129858.48
2026-04-20,RPE,0.000000,0,2.71
2026-04-20,RPG,6.367877,1704,1462139625.17
2026-04-20,RPI,1.372313,344,17567929.34
2026-04-20,RPK,59.456820,5,115627222.76
2026-04-20,RPL,1.529664,13,111341979.18
2026-04-20,RPM,3.935106,2894,66568447.93
2026-04-20,RPN,5.178441,23,823678234.26
2026-04-20,RPO,6.913267,3,1679807492.68
2026-04-20,RPP,4.351798,8626,5936894047.53
2026-04-20,RPS,59.801141,113,206199416.74
2026-04-20,RPT,4.536275,208,1212568594.98
2026-04-20,RPU,3.240995,12,2337196762.66
2026-04-20,RPX,58.335611,149,1550904491.75
2026-04-20,RRA,1.317132,232,2713293298.38
2026-04-20,RRP,1.448598,73,164139882.46
2026-04-20,RSF,3.867785,13,954122953.60
2026-04-20,RSK,1.603556,186,185227879.13
2026-04-20,RSY,0.986338,11,145429358.38
2026-04-20,RSZ,5.341946,25,1182262121.45
2026-04-20,RS1,1.411771,128,510700317.96
2026-04-20,RTA,1.857020,15,3410453280.04
2026-04-20,RTB,2.368084,11,348493388.24
2026-04-20,RTD,1.692705,208,20443292.65
2026-04-20,RTG,4.816860,4056,171263409.39
2026-04-20,RTH,6.446151,326,33214960.41
2026-04-20,RTI,2.973053,50,30765999955.56
2026-04-20,RTP,12.059754,2397,492014971.77
2026-04-20,RUH,2.569030,17,88613922.27
2026-04-20,RUT,2.145759,3834,121370078.42
2026-04-20,RVI,1.327634,11,19939799.19
2026-04-20,RVS,2.567698,20,3990342291.58
2026-04-20,RYA,1.183876,1,355904626.49
2026-04-20,RYB,46.251392,11,4626757.98
2026-04-20,RYD,1.397469,13,308805738.03
2026-04-20,RYF,14.988819,32,474247548.55
2026-04-20,RYU,45.491639,45,256562518.96
2026-04-20,RZR,4.802726,2,16993186.37
2026-04-20,SAP,1.625258,346,156706688.49
2026-04-20,SAR,49.137490,9,833558699.94
2026-04-20,SAS,1.777397,47337,1580417417.68
2026-04-20,SAT,291.462140,4,2317888813.50
2026-04-20,SBH,1.974686,1096,311172851.08
2026-04-20,SBI,4.356304,15,41151155.95
2026-04-20,SBR,1.372910,25,15828246.48
2026-04-20,SBS,66.538662,1,227867969.83
2026-04-20,SCZ,1.386501,188,81188523.66
2026-04-20,SDA,46.540551,1069,5914845521.63
2026-04-20,SEH,1.093397,46,52406097.94
2026-04-20,SER,53.837481,794,6548479036.45
2026-04-20,SFA,17.757294,16,887457528.61
2026-04-20,SFS,1.318450,78,30087557.98
2026-04-20,SGT,1.451089,832,231849556.62
2026-04-20,SHE,3.806005,728,60157538.92
2026-04-20,SHI,2.685374,47,1778344368.34
2026-04-20,SHU,1.454795,18,235844060.18
2026-04-20,SIS,1.794366,11,59777435.52
2026-04-20,SJP,57.699687,29,298327057.87
2026-04-20,SKL,1.786403,833,207364696.95
2026-04-20,SKO,1.725393,5235,324633753.43
2026-04-20,SKS,47.285793,3,1182144820.18
2026-04-20,SKT,0.103667,2070,45332907.21
2026-04-20,SKZ,0.904855,1765,266500606.23
2026-04-20,SLF,9.939104,7132,1214595357.12
2026-04-20,SLG,1.368715,955,459195076.17
2026-04-20,SLR,0.335331,5,1273151952.58
2026-04-20,SLS,1.079974,11,118797.19
2026-04-20,SMP,1.021120,1,1429568625.69
2026-04-20,SNY,2.313093,688,818433196.90
2026-04-20,SOS,1.369250,158,10063901.37
2026-04-20,SPA,62.932180,208,2783224666.04
2026-04-20,SPD,76.046416,1,322003338.58
2026-04-20,SPE,98.620174,1137,3535965995.49
2026-04-20,SPN,8.938024,509,2538693995.61
2026-04-20,SPP,1.388974,147,240288375.32
2026-04-20,SPR,1.267580,166,15807654.46
2026-04-20,SPT,1.970057,939,104186345.84
2026-04-20,SRA,19.451160,1,3875774519.10
2026-04-20,SRE,60.007314,1,939186288.85
2026-04-20,SRL,1.479821,316,20037695.00
2026-04-20,SRO,25.187547,6,7021151784.06
2026-04-20,SSD,51.727482,1,534480779.49
2026-04-20,SSE,0.004326,11,135724084.60
2026-04-20,SSF,1.028951,15,1331099.66
2026-04-20,SSK,1.500796,496,36892078.29
2026-04-20,SSN,54.842414,4,715609539.88
2026-04-20,SSO,13.022534,1,6639903980.62
2026-04-20,SSS,1.466046,4855,261698744.36
2026-04-20,SST,1.456470,22,8593920.96
2026-04-20,STI,1.208819,93,130054780.36
2026-04-20,STM,4.712090,12,562392.69
2026-04-20,STS,79.827494,27,402252339.48
2026-04-20,STZ,25.372944,85,581102734.70
2026-04-20,ST1,197.963917,3194,718565598.45
2026-04-20,SUA,0.530077,1396,2573113558.70
2026-04-20,SUB,0.399169,845,115235647.68
2026-04-20,SUC,20.117015,520,458191605.16
2026-04-20,SUR,1.231429,105,194156613.18
2026-04-20,SVB,9.303594,1617,294847805.50
2026-04-20,SVS,2.557541,1,1662986686.08
2026-04-20,SVY,1.633246,2,3461196556.03
2026-04-20,SYF,298.863524,6,2340791768.67
2026-04-20,SYL,4199.494406,1,1162445248.61
2026-04-20,SYR,48.167166,22,309042414.36
2026-04-20,SYS,45.733395,123,1650409168.35
2026-04-20,TAL,2.892028,833,39975074.67
2026-04-20,TAO,19.582264,1,1035048669.02
2026-04-20,TAR,2.281129,6743,115682996.25
2026-04-20,TAU,0.724622,38918,2753370349.33
2026-04-20,TAZ,2.300891,2,1084913793.96
2026-04-20,TBP,0.259683,210,443391816.63
2026-04-20,TBT,51.137468,2811,423930661.57
2026-04-20,TBV,0.362279,8446,1316505904.84
2026-04-20,TB9,49.345637,11364,40412369439.13
2026-04-20,TCA,0.834883,51438,16414985224.84
2026-04-20,TCB,0.205976,4981,3854506833.25
2026-04-20,TCC,0.076832,285,396889162.92
2026-04-20,TCD,46.301777,12646,1482618472.93
2026-04-20,TCF,4.043731,3374,5565119452.53
2026-04-20,TCG,1.369743,1,194033843.97
2026-04-20,TCH,2.045385,74,280243099.79
2026-04-20,TCI,10.113820,17,1309203413.83
2026-04-20,TCS,42.253405,45,1465908703.03
2026-04-20,TDG,0.495029,2144,661582997.16
2026-04-20,TDP,55.346710,44,302177929.23
2026-04-20,TEJ,2.186703,1103,528548698.60
2026-04-20,TE3,38.714061,3224,1273701980.13
2026-04-20,TE4,5.812532,1738,2375521121.73
2026-04-20,TFE,2.502396,104,31984190.53
2026-04-20,TFF,34.406176,8488,1137798532.82
2026-04-20,TFU,1.157235,3474,922202037.71
2026-04-20,TGA,0.463393,6838,851470160.56
2026-04-20,TGE,0.268898,42511,3434221838.76
2026-04-20,TGN,1.270703,1986,2331916581.29
2026-04-20,TGR,6.756961,5971,122576276.89
2026-04-20,TGT,0.106114,62213,3282259340.37
2026-04-20,TGV,19.720452,13,12547269133.63
2026-04-20,TGZ,5.396978,11,980253708.55
2026-04-20,THD,2.772325,212,9324672.96
2026-04-20,THF,2.252808,6862,1100801819.05
2026-04-20,THG,6.310147,189,164650346.15
2026-04-20,THH,130.261685,1,1661943972.26
2026-04-20,THO,46.852047,12,1120759851.14
2026-04-20,THS,58.894862,1,386418259.24
2026-04-20,THT,0.255270,360,9167316.95
2026-04-20,THV,89.471354,21,4034669200.14
2026-04-20,TIE,0.766802,17708,1916328641.34
2026-04-20,TIL,1.388913,1623,92542343.42
2026-04-20,TIP,46.340735,31,168642369.16
2026-04-20,TIV,46.981918,112947,19662748237.01
2026-04-20,TI1,1464.182503,228894,173651405984.19
2026-04-20,TI2,0.136389,22779,4414645242.31
2026-04-20,TI3,0.127131,24852,2566322381.43
2026-04-20,TI4,0.059086,16158,2487773141.78
2026-04-20,TI6,0.049950,4859,796469271.52
2026-04-20,TI7,72.744882,10710,1349066560.70
2026-04-20,TJB,9.600018,1,784344762.37
2026-04-20,TJF,5.211527,578,61699398.05
2026-04-20,TJI,6.244295,924,781491110.80
2026-04-20,TJL,21.046078,4,1430944752.07
2026-04-20,TJT,64.076208,2010,2387479501.36
2026-04-20,TKF,66.231632,4654,1058173580.62
2026-04-20,TKH,2.193889,1,448123728.62
2026-04-20,TKK,1.713306,114764,1829035760.07
2026-04-20,TKM,0.189100,498922,60943197907.91
2026-04-20,TLE,26.441411,983,558937154.99
2026-04-20,TLH,31.976382,449,152590465.05
2026-04-20,TLK,1.554427,933,2616684448.62
2026-04-20,TLT,65.552192,1,371265917.09
2026-04-20,TLU,49.471213,547,9972000673.99
2026-04-20,TLV,1.193874,6632,3998201370.80
2026-04-20,TLY,5142.418363,82739,121760248456.87
2026-04-20,TLZ,17.966979,805,57088136.85
2026-04-20,TMC,0.150273,11080,100222122.04
2026-04-20,TMG,1.244381,32471,4439498346.35
2026-04-20,TMH,0.000000,12,0.00
2026-04-20,TMM,65.013300,1203,817544455.65
2026-04-20,TMR,7.064575,1,9001151375.72
2026-04-20,TMS,1.871951,88,334347227.09
2026-04-20,TMU,1.290679,101,107991998.04
2026-04-20,TMV,5.030688,1396,5498020756.37
2026-04-20,TMZ,1.819778,2504,48686912.76
2026-04-20,TNA,1.649936,1,5630327101.92
2026-04-20,TNB,47.245776,87,716505627.42
2026-04-20,TND,1.321741,386,175323302.73
2026-04-20,TNF,3.721099,3,4722581257.32
2026-04-20,TNH,12.090954,2,109967313.89
2026-04-20,TNI,10.040946,3602,10219073759.13
2026-04-20,TNK,29.883757,75467,3731551389.62
2026-04-20,TNS,10.539272,30,392393808.38
2026-04-20,TOK,55.847104,7362,23793252934.27
2026-04-20,TOT,839.581593,807,150953412.15
2026-04-20,TO8,53.271576,99,753340155.49
2026-04-20,TPC,14.260310,17887,8515971444.46
2026-04-20,TPE,0.504792,34,2292963368.43
2026-04-20,TPF,9.812945,597,167912590.88
2026-04-20,TPJ,72.453420,1616,2518719392.74
2026-04-20,TPL,19.733061,1427,690131324.80
2026-04-20,TPO,0.162604,3,95860896.36
2026-04-20,TPP,68.059152,410,1505060093.79
2026-04-20,TPR,0.502331,2,306366497.13
2026-04-20,TPV,10.314025,38,6504776.89
2026-04-20,TPZ,26.159186,1557,139057680.07
2026-04-20,TP1,62.707143,1,355373543.84
2026-04-20,TP2,1.854466,95634,128622955035.87
2026-04-20,TRJ,1.850316,2940,1807572637.39
2026-04-20,TRN,1.254455,1,2294551818.26
2026-04-20,TRO,2.585956,473,35806276.05
2026-04-20,TRR,5.647527,506,2667408712.36
2026-04-20,TRU,1.399401,265,278984630.52
2026-04-20,TSI,0.183245,78167,20397605983.50
2026-04-20,TSP,65.365218,5,1603969838.49
2026-04-20,TTA,0.648034,222158,30076771483.89
2026-04-20,TTE,1.437635,38228,2856626174.61
2026-04-20,TTL,36.049929,386,225775839.80
2026-04-20,TTP,47.563442,109,833969929.80
2026-04-20,TTS,64.892621,1,2017284851.96
2026-04-20,TTV,7.766017,19,2419649258.87
2026-04-20,TTZ,3.591065,9,306650552.72
2026-04-20,TUA,1.504215,35118,18557230387.57
2026-04-20,TVE,1.162867,261,145345796.01
2026-04-20,TVN,2.476859,555,7589320.10
2026-04-20,TYH,2.205843,7098,2001920017.79
2026-04-20,TZC,0.302425,1136,30705690.62
2026-04-20,TZD,2.444991,7977,1197627036.21
2026-04-20,TZH,7.779036,1,55999256729.16
2026-04-20,TZL,0.121209,176352,70022260052.62
2026-04-20,TZP,12.355920,14,980957597.61
2026-04-20,YP2,68.571970,1,1274694507.38
2026-04-20,YP4,50.292708,30446,137795934439.21
2026-04-20,YRZ,45.192451,159,746015962.88
2026-04-20,YSA,45.234208,196,192340195.15
2026-04-20,YSL,41.818015,421,710553183.83
2026-04-20,YSO,1.260317,192,63742801.25
2026-04-20,YSU,0.161747,6403,249891719.29
2026-04-20,YTC,62.491731,120,311441350.42
2026-04-20,YTD,0.803588,15238,1603571709.79
2026-04-20,YTJ,65.141091,1,1144440375.26
2026-04-20,YTO,50.309420,4,710298726.11
2026-04-20,YTR,75.922485,2,588049860.89
2026-04-20,YTV,2.846227,2408,218125679.61
2026-04-20,YTY,55.781584,20581,100867979537.11
2026-04-20,YUB,5.663006,668,600791287.08
2026-04-20,YUD,70.342353,2,241330897.97
2026-04-20,YUI,1.911803,9,1233266612.88
2026-04-20,YUK,46.863382,149,1282890241.66
2026-04-20,YUN,53.518340,476,2726559270.63
2026-04-20,YUY,1.022276,2,1012422617.39
2026-04-20,YVB,1.286276,729,112202907.86
2026-04-20,YVD,3.889883,82886,43013057076.13
2026-04-20,YVF,69.054517,4,900151250.10
2026-04-20,YVG,59.640185,1223,5951035749.57
2026-04-20,YVO,65.526670,2,686892228.54
2026-04-20,YVS,70.282723,6,406073333.45
2026-04-20,YZC,4.176643,12673,541956513.15
2026-04-20,YZF,90.182750,1,450913750.91
2026-04-20,YZG,15.499322,70407,14681171397.36
2026-04-20,YZH,12.469058,6452,1235051505.34
2026-04-20,YZK,7.393557,212,208013069.74
2026-04-20,YZL,4.857151,74,609479018.96
2026-04-20,ZAD,43.589616,27,11094952.18
2026-04-20,ZAV,54.300759,4836,68703885234.05
2026-04-20,ZAY,5.720412,3773,1443275278.88
2026-04-20,ZA2,1.759311,2528,15126672995.75
2026-04-20,ZBD,665.814222,2207,931507654.14
2026-04-20,ZBI,2.039456,1781,223456818.59
2026-04-20,ZBJ,4.533928,19603,31567973376.76
2026-04-20,ZBN,24.394136,184,125488533.12
2026-04-20,ZBO,2.971476,251,418337012.38
2026-04-20,ZBZ,62.810174,1,329743050.15
2026-04-20,ZCA,7.553861,1,56922858.79
2026-04-20,ZCB,68.180432,3,73494141.89
2026-04-20,ZCC,74.552916,2,393928141.62
2026-04-20,ZCD,4.558213,639,1477266698.40
2026-04-20,ZCE,4.108150,1,11534591399.19
2026-04-20,ZCF,3.739731,1,1724009099.38
2026-04-20,ZCG,5.835529,163,550377335.62
2026-04-20,ZCH,2.438967,1,5019382033.48
2026-04-20,ZCK,1.641913,1927,383112348.18
2026-04-20,ZCN,3.831398,7837,640853945.62
2026-04-20,ZDD,6.860537,1456,481244193.86
2026-04-20,ZDK,15.047047,1,3152928.20
2026-04-20,ZDZ,12.394848,9394,1059583851.04
2026-04-20,ZFB,6.475537,16182,865225806.31
2026-04-20,ZFZ,64.355917,3,20685736122.54
2026-04-20,ZHH,1.450791,1135,113290206.94
2026-04-20,ZJB,11.611304,2295,11146082908.13
2026-04-20,ZJH,57.233851,1,193793760.71
2026-04-20,ZJI,12.151188,2319,8768347619.05
2026-04-20,ZJL,14.180721,2965,416940148.37
2026-04-20,ZJR,6.858871,1,1331868905.34
2026-04-20,ZJT,63.048065,1,1254116923.21
2026-04-20,ZJV,10.701981,1467,601061753.85
2026-04-20,ZKK,23.694919,1,2219340854.24
2026-04-20,ZK1,46.844815,120,2072032238.71
2026-04-20,ZK2,54.995268,72,1857860992.02
2026-04-20,ZLB,47.054783,60,547827033.39
2026-04-20,ZLG,59.903568,1,1008345495.59
2026-04-20,ZLH,11.641433,3721,472733001.79
2026-04-20,ZMT,59.144278,298,1186028134.12
2026-04-20,ZMU,0.191055,13,20166588.14
2026-04-20,ZMY,6.076723,2899,184257779.90
2026-04-20,ZNF,51.851811,1,1900635015.69
2026-04-20,ZOS,1.720815,11,527466722.16
2026-04-20,ZPA,62.021580,879,3963400111.22
2026-04-20,ZPC,18.867900,2990,3155551192.59
2026-04-20,ZPE,33.434822,6697,1236435265.44
2026-04-20,ZPF,21.429498,3382,792400684.71
2026-04-20,ZPG,9.472585,5702,1306949292.34
2026-04-20,ZPH,1.328266,62,98530524.49
2026-04-20,ZPJ,11.529944,407,146618118.56
2026-04-20,ZPK,7.429554,27348,16080735145.98
2026-04-20,ZPN,67.222687,1,1905480506.12
2026-04-20,ZPR,1.350067,897,14801705506.70
2026-04-20,ZP1,58.813622,2,59633365.83
2026-04-20,ZP2,5.064264,1,542101040.36
2026-04-20,ZP3,4.107163,1,59911841.08
2026-04-20,ZP6,54.179003,1615,7023131846.26
2026-04-20,ZP7,64.043345,1,1601083627.56
2026-04-20,ZP8,3.576670,5064,59631498672.26
2026-04-20,ZP9,57.305992,835,1736453263.71
2026-04-20,ZR2,1.309586,1,2625453562.54
2026-04-20,ZR3,0.647871,162,199536270.34
2026-04-20,ZSB,9.747673,18,2693508200.58
2026-04-20,ZSF,53.013778,1747,44250971.32
2026-04-20,ZSG,4.118869,1017,51362712.08
2026-04-20,ZSK,54.611843,1,576112237.15
2026-04-20,ZSN,52.063737,2,2839332696.83
2026-04-20,ZTF,6.648260,1,1827354574.30
2026-04-20,ZTG,1.174774,839,31859054.80
2026-04-20,ZUD,3.889441,1,2806800341.73
2026-04-20,ZUE,4.551014,1,5737084980.35
2026-04-20,ZUS,46.801401,3359,72920775935.08
2026-04-20,ZVB,83.925348,11,224156883.84
2026-04-20,ZVO,3.811844,405,905672916.22
2026-04-20,ZYC,4.311904,1,7907111018.03
2026-04-20,ZYD,4.314078,1,7955969981.34
2026-04-20,ZZL,76.232905,15,38826866.97
2026-04-20,T3B,0.164379,26,12601132600.40
2026-04-20,TZT,0.155514,6023,323130301.19
2026-04-20,UAB,4.978908,2,319720211.21
2026-04-20,UAP,64.916538,1,426271199.00
2026-04-20,UCN,2.141954,2,1167215056.65
2026-04-20,UCP,1.162387,28,21054380223.75
2026-04-20,UFH,67.599202,1,248514877.03
2026-04-20,UHL,67.993081,1,2428968513.40
2026-04-20,UHS,7.496785,13,403416503.03
2026-04-20,ULH,6.270094,267,1250595247.11
2026-04-20,ULL,65.461375,3,268194924.76
2026-04-20,UNT,1.373452,232,100934906.85
2026-04-20,UPD,20.395048,293,2590174955.92
2026-04-20,UPH,31.861491,593,203871073.29
2026-04-20,UPP,6.180428,1014,3061318457.85
2026-04-20,UPS,4.686862,1,541422571.35
2026-04-20,UP1,6.398908,1673,1317716834.33
2026-04-20,UP2,3.694120,264,2585042986.75
2026-04-20,URA,1.972482,11676,952875490.92
2026-04-20,URC,52.092279,183,200924503.49
2026-04-20,URD,45.839259,12,10219532346.66
2026-04-20,URG,70.300168,1,527444727.28
2026-04-20,URM,46.094691,1,8755824.86
2026-04-20,URS,3.554866,1,931691693.63
2026-04-20,URV,3.926978,2,10545506387.30
2026-04-20,USS,3.380010,1,3664048182.80
2026-04-20,UST,3.677964,1,1724372897.32
2026-04-20,USY,0.235709,487,1258501573.47
2026-04-20,UYH,4.505323,12,873241334.80
2026-04-20,UZY,2.606700,16,81566.25
2026-04-20,VAY,1.639575,3283,48509050.28
2026-04-20,VCD,5.558275,12,61142980.68
2026-04-20,VCG,5.025591,20,1742270992.95
2026-04-20,VCY,3.268457,12127,147198164.94
2026-04-20,VFK,4.828600,5453,3034496893.09
2026-04-20,VFS,1.821622,1,5866888.55
2026-04-20,VKI,2.743135,589,2136480233.31
2026-04-20,VKT,0.107565,45454,4630609839.09
2026-04-20,VK6,3.644794,156251,65174677944.72
2026-04-20,VMV,2.445124,151,6885896291.16
2026-04-20,VNK,2.347659,470,7820246544.06
2026-04-20,VPP,47.988689,431,1350718632.35
2026-04-20,VPS,1.435269,11680,5066469932.20
2026-04-20,VRK,1.213048,152,24738889.63
2026-04-20,VTF,2.104363,1,402339554.01
2026-04-20,YAC,13.929760,10429,5592651209.99
2026-04-20,YAE,1.054037,800,253775942.37
2026-04-20,YAK,4.855442,109778,1113871479.98
2026-04-20,YAN,13.154154,3710,1784903084.89
2026-04-20,YAR,26.996259,1,755895243.93
2026-04-20,YAS,15.451326,71267,7740228404.57
2026-04-20,YAY,1473.230320,36714,10012401782.67
2026-04-20,YA1,1.250313,19,721021017.35
2026-04-20,YBE,1.704323,14323,5377159726.39
2026-04-20,YBH,49.959693,661,731327475.04
2026-04-20,YBJ,54.437270,1,1799992491.16
2026-04-20,YBP,11.415536,56,859512727.99
2026-04-20,YBR,51.578360,2275,5036278376.47
2026-04-20,YBS,0.127892,11287,1759805652.18
2026-04-20,YCG,56.658973,4,188685995.44
2026-04-20,YCH,2.420430,137,121553707.48
2026-04-20,YCK,4.040253,36,478839012.87
2026-04-20,YCL,10.854266,12,390309646.83
2026-04-20,YCP,9.650639,2285,1343852825.68
2026-04-20,YCY,3.650132,274,247635139.44
2026-04-20,YDI,0.462859,7537,1257248104.64
2026-04-20,YDK,0.106007,48816,134524746.16
2026-04-20,YDL,55.117804,8,1149493881.23
2026-04-20,YDM,1.599798,2,1109161552.62
2026-04-20,YDP,2.096179,2376,370803436.13
2026-04-20,YDZ,50.599509,3121,12233167426.83
2026-04-20,YEF,0.974562,13724,2035338200.98
2026-04-20,YFV,0.095648,7419,900317069.81
2026-04-20,YGM,3.199373,2531,660631214.83
2026-04-20,YHB,2.256416,7700,305526312.35
2026-04-20,YHI,1.478359,278,66622377.34
2026-04-20,YHK,1.871650,5393,956087168.40
2026-04-20,YHP,4.130141,1,1734659119.63
2026-04-20,YHS,26.211123,8722,3772565550.71
2026-04-20,YHT,0.367601,86529,2163575049.17
2026-04-20,YHY,1.307469,16,1646332.49
2026-04-20,YHZ,8.066439,13786,910924082.66
2026-04-20,YIK,1.346927,1461,25654238686.32
2026-04-20,YIS,1.249145,1,924704181.42
2026-04-20,YIT,2.223252,5374,597164334.59
2026-04-20,YIV,3.402857,2,4633865339.63
2026-04-20,YJA,62.423191,4,373723462.18
2026-04-20,YJH,3.670280,3773,181427886.32
2026-04-20,YJK,4.728117,9166,629692777.03
2026-04-20,YJU,61.911884,1,412184989.13
2026-04-20,YJY,53.400701,8305,67254161207.59
2026-04-20,YKS,0.318428,378,191366085.34
2026-04-20,YKT,0.911719,94587,36359566864.44
2026-04-20,YLB,1.599039,333932,67346247764.96
2026-04-20,YLC,3.658247,1483,80335957.38
2026-04-20,YLE,8.834307,2488,329962834.82
2026-04-20,YLO,4.964913,4812,218402729.70
2026-04-20,YLR,13.105455,4,64190.52
2026-04-20,YLY,2.482312,589,41477378.86
2026-04-20,YLZ,3.592970,13,2019941741.21
2026-04-20,YMD,52.266302,1319,6051643593.71
2026-04-20,YMH,1.425851,355,475966795.71
2026-04-20,YMP,1.006472,1,20129444.77
2026-04-20,YNK,45.796482,1159,17336144540.89
2026-04-20,YNL,51.889823,1,206621642.02
2026-04-20,YOA,83.007384,142,1808625730.19
2026-04-20,YOS,53.291471,224,977881753.56
2026-04-20,YOT,36.607481,10199,2310988611.30
2026-04-20,YOZ,45.630840,1180,23452295841.77
2026-04-20,YPC,4.871812,2342,42459576.00
2026-04-20,YPD,63.594261,2,93398411.50
2026-04-20,YPF,9.087783,456,1124128502.30
2026-04-20,YPI,52.196596,68,1990226359.88
2026-04-20,YPK,13.594868,273,224722008.28
2026-04-20,YPL,68.111773,1610,13104365098.56
2026-04-20,YPN,62.649709,100,1800034900.34
2026-04-20,YPP,24.430167,1,4569877851.86
2026-04-20,YPR,1.658428,294,205141336.92
2026-04-20,YPT,3.628761,18729,106905094980.56
2026-04-20,YPU,61.647923,1728,3754593378.66
2026-04-20,YPV,7.682588,3624,6689991389.62
2026-04-20,YP1,61.453632,3,216772032.47
2026-04-20,AAK,35.786689,784,35023681.18
2026-04-20,AAL,3.150690,4821,2958418879.14
2026-04-20,AAS,11.295821,157,23828783.64
2026-04-20,AAV,64.000212,2309,313636814.76
2026-04-20,ABG,61.319711,158,7568367436.84
2026-04-20,ABJ,0.923735,3,1235349762.81
2026-04-20,ABU,0.093274,31,3193683.17
2026-04-20,ACC,45.114861,1451,194494949.91
2026-04-20,ACD,5.688224,1569,329431561.59
2026-04-20,ACN,11.699678,16,630692079.81
2026-04-20,ACU,52.381347,156,1337432516.29
2026-04-20,AC1,2.838451,163,282916137.21
2026-04-20,AC2,3.599045,48,8921019041.49
2026-04-20,AC3,66.311602,14,138628515.08
2026-04-20,AC4,3.484118,3614,1953008580.31
2026-04-20,AC5,3.398753,185,52303800.30
2026-04-20,AC6,55.673420,107,75961983.72
2026-04-20,AC7,11.242261,46,6075148861.50
2026-04-20,AC8,193.317069,98,2385417990.95
2026-04-20,ADE,0.877846,27167,1070000577.39
2026-04-20,ADP,1.421437,22577,4478842469.56
2026-04-20,AED,110.812509,817,43650964.54
2026-04-20,AES,0.150215,37000,1755911889.38
2026-04-20,AEV,1.942705,397,11009249.58
2026-04-20,AFA,1.085026,45949,5324049330.19
2026-04-20,AFO,1.365802,87946,23879824794.27
2026-04-20,AFS,0.305550,27012,779934072.51
2026-04-20,AFT,0.904217,143561,25498953835.77
2026-04-20,AFV,0.543018,15754,1203521159.77
2026-04-20,AGC,8.605629,2495,99189690.61
2026-04-20,AHH,9.484905,15,202698200.57
2026-04-20,AHI,38.767920,2677,151016439.10
2026-04-20,AHN,66.520360,101,28834779.84
2026-04-20,AHU,10.076689,609,212489946.31
2026-04-20,AHV,19.715171,150,116929770.30
2026-04-20,AHZ,26.909973,12,630685814.43
2026-04-20,AIH,18.840287,4,181691091.53
2026-04-20,AII,88.940312,3,363854818.21
2026-04-20,AIM,25.766816,1,24196818.52
2026-04-20,AIR,152.791461,1,1337857156.13
2026-04-20,AIS,0.094260,12388,12052357836.96
2026-04-20,AI1,1.098623,19,64728805.71
2026-04-20,AJE,58.370243,1025,4413681539.93
2026-04-20,AJK,59.794816,131,134592749.84
2026-04-20,AJL,59.382854,1492,5392784439.36
2026-04-20,AJN,57.703513,359,566590274.43
2026-04-20,AJ1,1.194803,109,32523070.53
2026-04-20,AKE,0.490534,13928,1050607397.75
2026-04-20,AKU,0.962597,17084,1587032778.51
2026-04-20,AK2,0.514804,9495,220385622.53
2026-04-20,AK3,53.671968,20905,9049377349.94
2026-04-20,ALC,0.371540,26677,2058459274.16
2026-04-20,ALE,11.868667,133912,64366284165.86
2026-04-20,AL4,3.511650,12,1118622234.78
2026-04-20,AL5,50.108550,2464,14974660196.38
2026-04-20,AL6,3.433993,12,4898910246.12
2026-04-20,AL7,3.319714,110,6544965884.54
2026-04-20,ANL,32.907630,4146,555866438.58
2026-04-20,ANZ,20.338036,182,267044805.20
2026-04-20,AN1,96.913775,2575,1411415324.12
2026-04-20,AOJ,1.572137,248,22226118.32
2026-04-20,AOY,0.347899,36606,984263873.99
2026-04-20,APJ,7.132421,3193,105918315.40
2026-04-20,APP,32.927169,2,211244320.41
2026-04-20,APT,0.149171,13596,325220026.74
2026-04-20,AP2,3.575224,36,1030023552.65
2026-04-20,AP4,0.984491,11,245353205.66
2026-04-20,AP5,1.078097,12,1106765.97
2026-04-20,AP6,8.908758,46,1074385477.88
2026-04-20,AP7,2.291866,552,178145077.66
2026-04-20,ARE,0.219433,1671,37033894.65
2026-04-20,ARF,7.871183,1,711160575.64
2026-04-20,ARL,15.002995,7895,4204391929.35
2026-04-20,ARM,17.931285,5646,3366386887.42
2026-04-20,ARP,42.980383,1,3247769494.96
2026-04-20,ASJ,3.957573,854,74580298.85
2026-04-20,AS1,44.737328,41,6578445.14
2026-04-20,AS3,0.763622,16,172462637.79
2026-04-20,ATJ,22.825191,11,1092667815.27
2026-04-20,AUT,9.091808,158,2799758.78
2026-04-20,AUV,46.474000,614,786941414.51
2026-04-20,AU1,1.204681,626,59797608.99
2026-04-20,AVC,148.580932,12,250469563.85
2026-04-20,AVT,199.390283,19508,3238612218.55
2026-04-20,AVZ,95.852491,1,220697484.98
2026-04-20,AYA,19.368186,10457,1258052009.41
2026-04-20,AYR,0.123143,13242,1603191966.65
2026-04-20,AY6,1.326858,11,103842823.17
2026-04-20,AY7,1.473498,12,208844829.95
2026-04-20,AZF,0.162204,4,539353829.07
2026-04-20,AZJ,18.055339,43,660547248.24
2026-04-20,AZV,24.942024,4,4196415996.14
2026-04-20,AZZ,58.668672,7,26841386415.61
2026-04-20,BAC,8.178049,11,6171960979.82
2026-04-20,BAG,0.892615,54,45610187.52
2026-04-20,BAL,46.280901,1,1016989943.06
2026-04-20,BAO,3.312272,4,154115115.72
2026-04-20,BAS,50.018627,1,1431072119.47
2026-04-20,BA1,1.376881,25,276252990.10
2026-04-20,BBF,3.172845,1147,180349692.48
2026-04-20,BBI,1.326620,12,44441811.81
2026-04-20,BBN,0.679852,13,1564040727.70
2026-04-20,BBO,2.041545,13,676646584.78
2026-04-20,BBP,2.052446,793,35483418.09
2026-04-20,BBS,1.375996,792,1626451137.12
2026-04-20,BCC,63.180536,2,2541332360.05
2026-04-20,BCK,1.774286,1767,93199518.67
2026-04-20,BCO,1.734842,453,47192600.06
2026-04-20,BDA,53.292294,432,1156020763.67
2026-04-20,BDC,9.010864,40,394368350.54
2026-04-20,BDI,0.547593,75,446505250.45
2026-04-20,BDO,2.839116,11,4764885758.82
2026-04-20,BDS,2.389215,12941,537614632.03
2026-04-20,BDY,1.607240,2484,104289934.09
2026-04-20,BFE,1.777764,60,9365235.71
2026-04-20,BFO,49.682550,1,3500121028.65
2026-04-20,BFS,1.043363,34,6092899.53
2026-04-20,BFT,1.258454,553,205306085.12
2026-04-20,BGH,2.167130,1,1018614886.81
2026-04-20,BGP,5.729811,31242,58140276405.02
2026-04-20,BHA,1.589106,918,109311235.82
2026-04-20,BHE,1.938858,83,41091836.75
2026-04-20,BHF,3.038310,2583,372505359.80
2026-04-20,BHH,0.566160,75,1004927691.80
2026-04-20,BHI,2.058022,354,663089533.59
2026-04-20,BHL,1.222931,780,60277987.91
2026-04-20,BHO,1.112899,1,1036458897.44
2026-04-20,BIA,0.258540,12,661912.10
2026-04-20,BID,3.480093,2262,307286976.42
2026-04-20,BIG,1.407684,3796,593421191.68
2026-04-20,BIH,7.512883,409,749384264.78
2026-04-20,BIK,1.471130,14,3417461948.02
2026-04-20,BIO,2.556016,12161,1155625708.51
2026-04-20,BIP,1.432613,193,5222780912.86
2026-04-20,BIS,1.614720,76,1057663085.60
2026-04-20,BIY,1.296045,299,79116697.73
2026-04-20,BI5,2.325963,12,869855433.26
2026-04-20,BJD,49.280415,78,2648314421.05
2026-04-20,BKO,1.124092,1,3032132516.29
2026-04-20,BKY,45.737477,558,2106927662.99
2026-04-20,BLA,8.336895,15,7790329929.81
2026-04-20,BLD,1.464062,735,466776210.70
2026-04-20,BLT,1.794847,3165,401476075.83
2026-04-20,BMU,1.271011,12,1057525656.77
2026-04-20,BNC,2.003037,257,717344592.57
2026-04-20,BNH,1.377328,204,142114778.83
2026-04-20,BOH,1.019625,11,255487024.83
2026-04-20,BOL,1.561849,255,46863045.89
2026-04-20,BON,1.251388,349,29755227.21
2026-04-20,BOP,45.715053,9,1120212042.62
2026-04-20,BOS,1.462558,1430,2453393605.51
2026-04-20,BPD,49.198602,11,135218863.83
2026-04-20,BPZ,1.373768,434,330518406.52
2026-04-20,BP5,1.552405,15,414234658.69
2026-04-20,BRB,1.391848,11,918398270.96
2026-04-20,BRC,1.206005,38,126275721.15
2026-04-20,BRF,1.487219,1065,105523219.13
2026-04-20,BRG,4.491703,1623,1813724537.73
2026-04-20,BRH,5.340217,15,4305393533.91
2026-04-20,BRR,1.455584,263,291861853.21
2026-04-20,BRT,1.272686,500,36685866.00
2026-04-20,BRZ,50.932351,5,1595080416.56
2026-04-20,BSA,0.426126,1,869094165.49
2026-04-20,BSD,1.101877,82,268786870.07
2026-04-20,BSE,0.910043,67,636766748.83
2026-04-20,BSF,1.402053,1,7926512056.38
2026-04-20,BSH,1.150138,166,9166607.59
2026-04-20,BSM,1.443454,1786,1370744923.28
2026-04-20,BSN,1.418195,12,11150893.45
2026-04-20,BST,10.230038,706,61933583.04
2026-04-20,BS1,1.138092,134,7223066.27
2026-04-20,BTE,4.007143,953,210659704.75
2026-04-20,BTJ,1.234761,82,28258261.92
2026-04-20,BTK,1.285517,284,81418078.46
2026-04-20,BTP,0.506420,15,5250203.98
2026-04-20,BTY,54.589235,3,771782608.67
2026-04-20,BTZ,1.278909,204,8482847.73
2026-04-20,BUB,1.039777,36,3307485.19
2026-04-20,BUC,0.987382,23,242027486.84
2026-04-20,BUP,3.720652,1,12481959195.11
2026-04-20,BUT,1.766622,4,209799286.31
2026-04-20,BUV,1.404994,481,66986592.62
2026-04-20,BUY,1.862171,18302,422292619.05
2026-04-20,BVB,4.027193,1,4329244393.14
2026-04-20,BVC,3.823997,1,6200007474.03
2026-04-20,BVD,1.193014,362,218103851.03
2026-04-20,BVF,1.234773,542,941155916.60
2026-04-20,BVH,1.701753,14,109706602.96
2026-04-20,BVI,3.077206,31,326445246.99
2026-04-20,BVK,1.018767,32,2210105.88
2026-04-20,BVM,1.304528,164,11426398.08
2026-04-20,BVT,5.106173,10,19222172.88
2026-04-20,BVV,2.747124,507,98045890.67
2026-04-20,BVZ,3.934620,763,2259186946.40
2026-04-20,BV1,1.572056,825,156328289.46
2026-04-20,BYZ,2.220863,42,182452360.50
2026-04-20,CAH,1.389030,362,55564705.97
2026-04-20,CBD,3.163426,15,301763993.15
2026-04-20,CBN,48.663664,6,625720208.84
2026-04-20,CBO,297.515542,3,2152600511.92
2026-04-20,CEY,61.705269,3,204518103.40
2026-04-20,CFO,2.206302,506,2636109544.00
2026-04-20,CGD,53.944754,2,597143291.04
2026-04-20,CHY,0.650177,42,232960645.64
2026-04-20,CIN,1.606596,523,37570819.90
2026-04-20,CJD,47.534173,30,49036871.08
2026-04-20,CJF,60.656636,3,1840591901.48
2026-04-20,CJG,61.186412,1,1853564889.99
2026-04-20,CJH,58.358936,1813,3222597322.97
2026-04-20,CKF,1.848427,1600,512102224.00
2026-04-20,CKL,1.405266,810,349063544.23
2026-04-20,CKS,56.674269,2435,5936912925.36
2026-04-20,COT,55.978360,200,517856480.34
2026-04-20,CPT,3.185621,8002,433453553.13
2026-04-20,CPU,3.025435,12527,860028587.62
2026-04-20,CRL,45.311663,3,974200758.23
2026-04-20,CSD,59.907648,1,624282562.09
2026-04-20,CSH,3.293251,56,4631778021.52
2026-04-20,CTF,8.650886,1,323297063.96
2026-04-20,CTG,7.071670,1,15319386.67
2026-04-20,CTM,5.933258,1,15321879.60
2026-04-20,CTP,57.972571,1,524760179.61
2026-04-20,CTV,10.096760,4,191240431.62
2026-04-20,CVA,3.682192,1,8509441886.57
2026-04-20,CVB,3.789876,5,1793050432.56
2026-04-20,CVC,2.593079,2,651189054.19
2026-04-20,CVD,59.086997,2,1009477244.59
2026-04-20,CVE,2.455310,1,270138754.87
2026-04-20,CVF,4.159567,1,860128268.59
2026-04-20,CVK,4.644351,2089,643658253.64
2026-04-20,CVL,1.238283,88,28536273.44
2026-04-20,CYD,54.439500,383,1296041071.64
2026-04-20,DAC,67.552845,1,519804282.59
2026-04-20,DAE,3.428133,1,1722947636.38
2026-04-20,DAH,3.851662,2910,785094359.39
2026-04-20,DAI,89.167627,4,341558465.93
2026-04-20,DAL,67.333689,1,584130658.81
2026-04-20,DAS,50.868944,26754,131494494169.45
2026-04-20,DAT,90.160917,6,403720031.71
2026-04-20,DAV,54.612797,133,1033697746.23
2026-04-20,DAZ,12.118727,4,320596675.09
2026-04-20,DA1,46.069165,46,30841601.42
2026-04-20,DBA,0.761213,27598,11657753803.30
2026-04-20,DBB,0.102857,1954,329950390.16
2026-04-20,DBG,0.570257,3,2345999408.45
2026-04-20,DBH,0.353308,9235,1011464505.14
2026-04-20,DBK,0.106670,86062,634728791.21
2026-04-20,DBP,0.457626,1105,160131961.39
2026-04-20,DBZ,0.123691,3096,787749968.92
2026-04-20,DB2,1.837493,18,121575011.71
2026-04-20,DCB,4.173616,22638,131004967791.38
2026-04-20,DCD,61.782777,1,265376425.60
2026-04-20,DCE,67.831113,3,1180220594.75
2026-04-20,DCN,1.265257,1098,150689634.98
2026-04-20,DCP,69.462686,3,247598494.48
2026-04-20,DDA,14.362879,1248,273840645.33
2026-04-20,DDC,9.868379,11,3310452793.53
2026-04-20,DDE,70.882725,1,390923402.12
2026-04-20,DDF,10.768910,545,254247074.40
2026-04-20,DDP,69.048564,1,72227698.19
2026-04-20,DEF,2.564126,95,68750463.55
2026-04-20,DEI,0.034759,13,3129018.97
2026-04-20,DFC,3.119443,1691,126476977.26
2026-04-20,DFD,2.531292,546,161875684.20
2026-04-20,DFI,3.707212,39313,17770388144.46
2026-04-20,DFO,3.453145,2,1021321511.52
2026-04-20,DGF,1.291915,229,27306852.34
2026-04-20,DGH,9.411037,239,1149411724.35
2026-04-20,DHI,6.021972,46,904628801.38
2026-04-20,DHJ,7.053368,3011,228133272.01
2026-04-20,DHM,5.177298,1290,31060350.18
2026-04-20,DHP,4.050560,1,7645404.16
2026-04-20,DHS,321.292757,1,4242779453.81
2026-04-20,DHT,1.102399,565,84583745.26
2026-04-20,DHV,2.038476,11,311598058.18
2026-04-20,DID,1.401507,165,36466254.65
2026-04-20,DIH,1.868941,11,140278233.82
2026-04-20,DIM,48.762610,1,111544859.95
2026-04-20,DIP,1.379038,1240,49183001783.28
2026-04-20,DKA,44.827106,239,2285233462.27
2026-04-20,DKC,0.691022,13,216639.67
2026-04-20,DKH,3.597756,1540,211955787.37
2026-04-20,DKL,46.998939,102,406745974.11
2026-04-20,DKP,44.807936,649,3951611860.01
2026-04-20,DKR,0.751932,514,120895692.79
2026-04-20,DKS,67.102887,2,215261365.26
2026-04-20,DKY,44.745472,231,2542638536.15
2026-04-20,DK1,1.311260,69,4212563283.28
2026-04-20,DK8,44.903069,315,1740642938.98
2026-04-20,DLD,7.491458,619,82532863.65
2026-04-20,DLG,1.179807,42,4376923.46
2026-04-20,DLN,1.888699,12,30259774.79
2026-04-20,DLY,5.339844,314465,66359387526.08
2026-04-20,DLZ,1.469138,13,181324.01
2026-04-20,DL2,2.176954,738,12648913212.22
2026-04-20,DMG,7.935714,16763,4007408427.94
2026-04-20,DMR,53.770881,1,15941406505.62
2026-04-20,DMV,65.484829,2,314744055.71
2026-04-20,DMZ,59.495627,5,593510287.81
2026-04-20,DNA,8.691984,5,1729908534.31
2026-04-20,DNF,1.184941,98,23697091.40
2026-04-20,DNH,1.181472,79,19092338.58
2026-04-20,DNK,1.732266,212,21442108.30
2026-04-20,DNL,51.583742,1,205546048.09
2026-04-20,DNM,48.584493,1236,1804560504.51
2026-04-20,DNP,1.259214,230,1230442602.41
2026-04-20,DNU,44.596808,16,36668164.68
2026-04-20,DOC,44.913519,178,4599095413.73
2026-04-20,DOD,63.766274,11,8421930856.69
2026-04-20,DOH,2.186706,4554,922077790.73
2026-04-20,DOL,48.679109,381,3364309071.61
2026-04-20,DOR,66.262327,1,477269315.73
2026-04-20,DOS,64.967443,2,3062001748.79
2026-04-20,DOV,57.020812,17767,70818112624.52
2026-04-20,DPB,22.733233,3853,20814610294.07
2026-04-20,DPC,92.026484,1,316973722.39
2026-04-20,DPE,21.068533,1,1379076231.59
2026-04-20,DPG,93.551139,2,536440288.07
2026-04-20,DPI,7.883671,108,261681947.08
2026-04-20,DPK,7.651247,1315,830948427.48
2026-04-20,DPL,95.808825,1,2476809884.38
2026-04-20,DPN,56.197832,1,2205202.91
2026-04-20,DPP,160.816164,2,217090886.42
2026-04-20,DPT,17.605852,5516,354473101.38
2026-04-20,DPZ,76.118776,1,114758340.85
2026-04-20,DP1,18.078691,7,5144776562.69
2026-04-20,DP2,62.235291,11,335927304.86
2026-04-20,DP3,65.051098,4,232110710.41
2026-04-20,DP4,67.745763,3,508058737.80
2026-04-20,DP5,79.297082,1,1717326922.08
2026-04-20,DP6,44.521480,215,1797390500.45
2026-04-20,DP7,56.434294,3,508009207.76
2026-04-20,DP8,45.046493,50,374475053.65
2026-04-20,DP9,44.903594,155,5675322388.25
2026-04-20,DRA,1.264509,16,51259117.52
2026-04-20,DRD,52.976828,153,1660637448.80
2026-04-20,DRH,1.038123,70,143934565.52
2026-04-20,DRS,70.124704,3,232972148.11
2026-04-20,DRT,1.082142,330,18233845.42
2026-04-20,DSC,62.174635,1,923921785.60
2026-04-20,DSD,67.893431,1671,5817854123.42
2026-04-20,DSH,2.003539,102,24301993.37
2026-04-20,DSP,13.609397,1098,142101798.43
2026-04-20,DSV,45.804938,49,868264251.24
2026-04-20,DTH,1.228262,123,171260078.16
2026-04-20,DTL,3.905998,3806,171789647.77
2026-04-20,DTM,1.383722,3156,68232043.14
2026-04-20,DTO,44.721501,161,111471694.49
2026-04-20,DTP,1.827878,4,1656002472.02
2026-04-20,DTV,63.453203,4,3827888560.82
2026-04-20,DTZ,4.485526,6149,340368622.03
2026-04-20,DUC,0.670691,12,232301.22
2026-04-20,DUD,48.822656,262,327175704.27
2026-04-20,DUH,1.238318,79,5301307.79
2026-04-20,DUT,44.942172,262,830176379.21
2026-04-20,DUV,1.234213,217,73239528.48
2026-04-20,DVC,63.457406,1,52352360.07
2026-04-20,DVI,72.480272,2,182860404.91
2026-04-20,DVN,60.474176,1,289643362.59
2026-04-20,DVO,4.695352,1,30085877.84
2026-04-20,DVS,1.380825,314,249341982.73
2026-04-20,DVT,7.924901,10770,702471053.66
2026-04-20,DVU,7.656378,5,1378336433.00
2026-04-20,DVZ,61.662697,1,1295629216.70
2026-04-20,DXP,1.842858,1192,54662606.88
2026-04-20,DYJ,44.861318,156,1057268881.27
2026-04-20,DYN,4.256451,1666,56627450.52
2026-04-20,DYS,1.477868,13,17159220.38
2026-04-20,DZE,1.025279,3042,262163207.70
2026-04-20,DZM,80.720625,4846,19861597906.05
2026-04-20,DZP,56.104700,2,441413263.30
2026-04-20,DZS,1.400490,156,61863351.23
2026-04-20,DZ2,1.454406,2,12574620264.78
2026-04-20,EBD,0.223172,388,39655428.01
2026-04-20,EBI,53.555994,29,588843011.32
2026-04-20,EBS,45.377267,29,3166814306.34
2026-04-20,ECA,1.701636,380,109560665.53
2026-04-20,ECB,47.000923,3206,842199764.89
2026-04-20,ECV,0.432684,2414,96718841.49
2026-04-20,EC2,88.780569,2634,92272379.73
2026-04-20,EDD,1.051029,13,10595835.83
2026-04-20,EDP,1.019583,24,51850564.13
2026-04-20,EDT,1.981682,612,951583237.72
2026-04-20,EDU,3.264403,663,437144677.80
2026-04-20,EES,54.955867,1,459509474.30
2026-04-20,EGP,53.707052,50,245663682.32
2026-04-20,EHS,2.822612,3,665964109.22
2026-04-20,EIB,0.578335,450,280707969.77
2026-04-20,EID,1.907407,2219,124731754.71
2026-04-20,EIL,4.613147,1941,1370615644.46
2026-04-20,EJG,9.601729,1,656942680.24
2026-04-20,EKF,0.123978,5411,1897442509.89
2026-04-20,EKL,1.605228,1436,22821600582.11
2026-04-20,ELZ,13.871291,788,570125209.58
2026-04-20,EME,1.253070,26,43301621.82
2026-04-20,EML,1.174532,753,43119257.18
2026-04-20,ENA,1.055933,16,10648109.59
2026-04-20,ENJ,1.352219,735,39402088.96
2026-04-20,ENO,44.804847,8,44843916.56
2026-04-20,ENR,1.056184,37,12839528.45
2026-04-20,ENS,1.068873,10,10725972.73
2026-04-20,EPA,1.208491,83,434639790.86
2026-04-20,EPI,1.179841,186,279092770.42
2026-04-20,EPK,1.510903,2123,299838823.65
2026-04-20,EPO,57.434649,1,424441770.50
2026-04-20,EPP,1.292387,40,1653128668.22
2026-04-20,EPT,1.170627,53,904074220.49
2026-04-20,ESG,4.298512,83,120032105.92
2026-04-20,ESN,1.636039,12,65078341.26
2026-04-20,ESP,0.519645,278,43153350.90
2026-04-20,EUN,60.010185,3598,6421482177.37
2026-04-20,EUZ,59.163864,39864,137955906275.94
2026-04-20,EVM,1.079766,583,44207279.19
2026-04-20,EYT,2.785547,632,92989353.49
2026-04-20,EZM,41.957776,1,4195777.55
2026-04-20,FAK,1.428750,462,36956406.28
2026-04-20,FAL,1.293520,964,368180225.88
2026-04-20,FBC,2.279906,5894,194981104.22
2026-04-20,FBI,48.961719,5413,19289225703.88
2026-04-20,FBN,10.454260,15,55042891.36
2026-04-20,FBV,7.310615,2338,741397574.35
2026-04-20,FBZ,4.010973,377,192527303.70
2026-04-20,FCK,1.968533,858,347442775.47
2026-04-20,FCS,2.028175,177,1492833209.87
2026-04-20,FDE,44.745094,901,4178744303.83
2026-04-20,FDG,2.651691,1527,315845790.85
2026-04-20,FDO,57.028456,1,270164496.54
2026-04-20,FDV,5.240323,1,1310080635.21
2026-04-20,FDY,44.868397,894,3875285600.11
2026-04-20,FDZ,0.302221,12,229427219.83
2026-04-20,FD1,1.826164,177,30834765.50
2026-04-20,FFD,0.044914,299,192210066.42
2026-04-20,FFF,62.302907,1,1048079943.41
2026-04-20,FFH,7.911241,1942,1195663668.51
2026-04-20,FFO,57.867254,7,104268342.74
2026-04-20,FFP,7.381623,2847,2578326822.30
2026-04-20,FHI,1.516696,11,237714329.26
2026-04-20,FHP,2.975585,47,11020879027.00
2026-04-20,FHZ,62.714619,3,726894232.34
2026-04-20,FIB,0.520980,13745,6356384838.87
2026-04-20,FID,1.016501,1818,982839596.71
2026-04-20,FIL,0.326436,19162,12590671418.99
2026-04-20,FIT,0.219607,609,220793692.49
2026-04-20,FI3,734.056302,9878,1839933870.13
2026-04-20,FI5,651.758040,52024,93148698581.76
2026-04-20,FJB,6.247694,825,389176649.66
2026-04-20,FJC,55.286981,88,1257003813.21
2026-04-20,FJM,53.344870,1745,8625428691.83
2026-04-20,FJN,53.144204,1356,5454338305.80
2026-04-20,FJZ,61.524078,889,1728978862.31
2026-04-20,FKE,55.946967,12705,49171607851.36
2026-04-20,FKH,45.279999,2137,12500449248.96
2026-04-20,FKV,44.910933,490,2219947442.58
2026-04-20,FLS,58.158206,2036,3036184145.73
2026-04-20,FLY,1.724932,1657,134629497.62
2026-04-20,FMG,3.931611,13027,15650277329.94
2026-04-20,FMS,53.507886,1,627204565.01
2026-04-20,FMV,1.249110,24,137339052.96
2026-04-20,FNE,2.725779,1,1062617.54
2026-04-20,FNN,0.000000,1,0.00
2026-04-20,FNO,0.191380,8730,16237262653.10
2026-04-20,FNT,2.019364,2167,592757536.15
2026-04-20,FPE,70.955636,1436,323621062.49
2026-04-20,FPG,2.589947,2595,1355909404.04
2026-04-20,FPH,34.585318,4865,1561008391.67
2026-04-20,FPI,2.325131,180,112391883.37
2026-04-20,FPK,0.087180,1204,279374704.72
2026-04-20,FPR,11.512753,21,178258088.03
2026-04-20,FPZ,63.814775,19445,131919505395.29
2026-04-20,FP4,1.274342,123,46829047.95
2026-04-20,FRA,33.251841,2,543541970.38
2026-04-20,FRC,1.711208,428,96435429.86
2026-04-20,FRZ,15.879037,2,284244965.71
2026-04-20,FR1,1.442602,21,549121007.13
2026-04-20,FSF,6.060780,7325,10888418771.48
2026-04-20,FSG,3.814922,856,1071721208.32
2026-04-20,FSH,3.997335,468,329006185.24
2026-04-20,FSK,5.379502,2627,6996583284.61
2026-04-20,FSM,7.234574,21,970869158.60
2026-04-20,FSP,37.100699,24,515180.30
2026-04-20,FSR,44.861220,2542,6770434582.07
2026-04-20,FSU,1.353202,7009,917962678.35
2026-04-20,FSV,52.838069,877,5376273552.50
2026-04-20,FS1,1.687925,297,206930468.96
2026-04-20,FS2,2.016597,28,15859403.51
2026-04-20,FS3,2.051921,22,1744712059.81
2026-04-20,FS4,9.983939,21,5125523840.83
2026-04-20,FS5,2.500385,9,21984038.22
2026-04-20,FS6,1.594179,418,129692877.67
2026-04-20,FTL,1.345071,220,336697938.04
2026-04-20,FTM,52.000751,14,1687106070.04
2026-04-20,FTY,0.000000,1253,0.00
2026-04-20,FUA,5.398414,5070,341587794.07
2026-04-20,FUB,0.710568,2276,1434387883.33
2026-04-20,FUM,58.531084,2,420898894.85
2026-04-20,FUN,1.469419,11,18030627.07
2026-04-20,FUP,102.474148,2,449622949.52
2026-04-20,FVL,4.339198,55,1429691070.53
2026-04-20,FYA,0.054792,157,1814431251.82
2026-04-20,FYB,93.407605,9,190728520.75
2026-04-20,FYD,12.343508,5919,3949105601.24
2026-04-20,FYF,0.100195,11,35139123.37
2026-04-20,FYG,15.493851,2,89124443.70
2026-04-20,FYH,82.951300,29,986164450.61
2026-04-20,FYI,9.340386,191,41546427.73
2026-04-20,FYM,0.409046,15,320566324.77
2026-04-20,FYO,1.043060,1294,971912429.14
2026-04-20,FYT,0.323889,99233,3050735874.52
2026-04-20,FYZ,6.337677,2,275160903.31
2026-04-20,FZJ,5.237734,2348,1263772754.76
2026-04-20,FZP,6.010673,657,1043731632.38
2026-04-20,GAC,70.890850,1,391861723.13
2026-04-20,GAE,0.465497,14988,1598564669.77
2026-04-20,GAF,1.780993,1792,221741669.01
2026-04-20,GAG,16.686333,227,827357748.84
2026-04-20,GAH,11.582867,3086,440013850.19
2026-04-20,GAJ,59.108281,1,469028226.97
2026-04-20,GAL,361.349093,57148,61517090769.93
2026-04-20,GAN,9.493184,11,25565714.18
2026-04-20,GAS,0.294813,2324,3319070115.08
2026-04-20,GAU,61.089226,5,1978089168.41
2026-04-20,GAV,57.726163,1,227498807.92
2026-04-20,GA1,1.805192,1574,399979113.54
2026-04-20,GBC,0.276039,1624,291805698.98
2026-04-20,GBG,0.498768,3312,157657671.63
2026-04-20,GBH,4.301439,2711,2270118858.76
2026-04-20,GBJ,1.630306,2149,704342214.62
2026-04-20,GBL,0.764431,1763,3338705616.07
2026-04-20,GBN,6.040365,474,5627073274.36
2026-04-20,GBP,67.004216,2,3674884412.15
2026-04-20,GBV,11.338264,22999,2382776840.26
2026-04-20,GBZ,3.403085,3537,1584015269.00
2026-04-20,GCA,67.302278,2,779602466.41
2026-04-20,GCC,5.553063,2,1233115241.76
2026-04-20,GCD,3.402833,13,443654331.76
2026-04-20,GCI,59.821297,3,204941542.71
2026-04-20,GCZ,57.247666,1,11146979.33
2026-04-20,GDJ,56.827628,4,460384934.96
2026-04-20,GDP,61.671776,1,1433008469.28
2026-04-20,GEC,71.083453,3,398890769.28
2026-04-20,GEI,116.759947,11,4316379146.37
2026-04-20,GEZ,56.104020,1,372219653.92
2026-04-20,GFB,65.019931,4,397015402.98
2026-04-20,GFD,64.823915,2,115409776.54
2026-04-20,GFI,49.595659,3,1603801564.77
2026-04-20,GFL,10.515438,1,441363721.43
2026-04-20,GFN,74.323051,3,860173077.64
2026-04-20,GFY,64.489645,3,395898125.22
2026-04-20,GGA,62.356810,3,8129441860.74
2026-04-20,GGC,5.257774,5,184721372.90
2026-04-20,GGD,60.963996,2,5330109549.78
2026-04-20,GGK,14.281315,13387,2912379498.97
2026-04-20,GGM,7.422340,1,2540599611.18
2026-04-20,GGN,63.574174,4,442694057.33
2026-04-20,GGP,26.322252,1,182334.24
2026-04-20,GGR,63.075327,3,1505413917.49
2026-04-20,GHS,41.002982,14670,3397997701.63
2026-04-20,GID,1.685697,2298,56208282.59
2026-04-20,GIE,3.757102,5143,95540637.76
2026-04-20,GIH,2.434130,630,10974562.14
2026-04-20,GJA,61.114111,3,871692326.58
2026-04-20,GJB,10.204398,1072,78987330.05
2026-04-20,GJD,58.868167,3,383143404.20
2026-04-20,GJE,59.012738,2,136715577.96
2026-04-20,GJF,59.741663,2,227384474.93
2026-04-20,GJH,3.453142,26446,137391585791.50
2026-04-20,GJM,39.606592,69,452140105.64
2026-04-20,GJO,55.609631,1,543831551.41
2026-04-20,GKE,0.000000,0,0.01
2026-04-20,GKF,4.855876,799,46051721.46
2026-04-20,GKG,1.400125,1312,46197138.89
2026-04-20,GKH,3.942549,1866,5465771600.17
2026-04-20,GKK,61.070367,2,1869828484.78
2026-04-20,GKL,15.538999,4,874056347.64
2026-04-20,GKM,45.042034,14,121776543.22
2026-04-20,GKO,0.000000,0,0.01
2026-04-20,GKV,7.671136,3449,394162290.87
2026-04-20,GLC,4.255779,73,16486927.87
2026-04-20,GLG,8.410247,656,73664842.37
2026-04-20,GLM,0.520689,11,262464572.40
2026-04-20,GLP,62.736156,4,514563265.89
2026-04-20,GLS,0.150808,1406,553233284.63
2026-04-20,GLV,8.418786,22,20338195.81
2026-04-20,GL1,1468.310836,1004,1289812692.89
2026-04-20,GMA,1.945938,1550,2499750224.06
2026-04-20,GMC,9.523164,25190,5628203444.10
2026-04-20,GMD,2.558670,116,3095791.09
2026-04-20,GME,26.491721,2,373776436.25
2026-04-20,GMI,1.602848,6329,573995955.24
2026-04-20,GMM,44.771501,27,417247781.56
2026-04-20,GMN,1.199264,31,95394021.89
2026-04-20,GMO,3.115340,4,2493676930.49
2026-04-20,GMP,58.420093,1,1526785768.69
2026-04-20,GMR,1.399416,5149,213700499.39
2026-04-20,GMV,0.000000,0,0.01
2026-04-20,GMZ,13.175306,2,358665936.12
2026-04-20,GNH,1.488697,197,7472067.29
2026-04-20,GNK,64.143731,1,439741965.11
2026-04-20,GNL,56.123873,4,1669482494.31
2026-04-20,GNP,1.297513,4348,1129182260.18
2026-04-20,GNS,1.545386,1439,76245702.11
2026-04-20,GNZ,1.408668,466,1715802.26
2026-04-20,GOF,46.516541,129,65055988.10
2026-04-20,GOH,16.062541,9016,677450307.86
2026-04-20,GOL,2.886114,13715,5448495154.15
2026-04-20,GOP,1.062574,445,671525005.03
2026-04-20,GO1,4.316032,1101,158782628.87
2026-04-20,GO2,4.578210,595,35387767.48
2026-04-20,GO3,4.713517,601,46972615.51
2026-04-20,GO4,5.107861,971,65770054.37
2026-04-20,GO6,3.698169,4289,4822635304.31
2026-04-20,GO9,2.543871,1807,414494683.69
2026-04-20,GPA,21.615052,5667,762180202.49
2026-04-20,GPB,11.072168,9872,1220879804.08
2026-04-20,GPC,66.931428,3962,7401190472.72
2026-04-20,GPF,8.238030,2876,847202123.61
2026-04-20,GPG,14.552564,2737,867018914.66
2026-04-20,GPH,43.069793,1,2525483.45
2026-04-20,GPI,16.916786,3042,747247212.64
2026-04-20,GPJ,53.614775,2,878890809.94
2026-04-20,GPL,49.140255,39376,99474692096.96
2026-04-20,GPM,57.887837,2,1206213382.73
2026-04-20,GPN,1.219940,2052,1945307612.56
2026-04-20,GPT,2.356722,2666,85761680.69
2026-04-20,GPU,19.950504,2729,415751082.48
2026-04-20,GPV,63.347436,1,546704838.91
2026-04-20,GPZ,1.725311,218,8497917199.68
2026-04-20,GP1,3.832397,1,175209068.95
2026-04-20,GP3,58.756789,284,373545994.09
2026-04-20,GRL,1.736800,356,1030236529.45
2026-04-20,GRO,50.032485,27081,185648415386.84
2026-04-20,GRT,1.552529,1421,73893821.09
2026-04-20,GSE,59.619876,104,1445529257.64
2026-04-20,GSG,66.120251,1,81810322.68
2026-04-20,GSL,3.017125,1,291885922.39
2026-04-20,GSO,13.396767,5,306844821.18
2026-04-20,GSP,0.555203,13905,2635821961.01
2026-04-20,GSR,52.814631,2,245226783.04
2026-04-20,GSU,0.000000,0,0.01
2026-04-20,GTA,1.647317,81982,28645357046.91
2026-04-20,GTF,13.721438,576,205658666.62
2026-04-20,GTH,1.334729,389,9795971.47
2026-04-20,GTK,6.326169,1,25491089212.03
2026-04-20,GTL,0.118397,322135,137387174482.68
2026-04-20,GTM,7.955405,14396,1205367770.22
2026-04-20,GTN,48.551778,2,1360058392.80
2026-04-20,GTY,5.849277,669,484417171.16
2026-04-20,GTZ,13.952786,71460,17354965119.85
2026-04-20,GUA,5.455223,1,1864926721.86
2026-04-20,GUB,2.256648,3380,1966229590.20
2026-04-20,GUC,1.282762,1,2832154681.06
2026-04-20,GUH,0.357810,26372,2531420333.88
2026-04-20,GUK,1.682764,3433,1407563507.01
2026-04-20,GUM,14.765114,59205,8722050320.16
2026-04-20,GUV,1.634011,2122,671731068.54
2026-04-20,GVA,4.146641,3409,92645102.22
2026-04-20,GVB,63.176405,3,3316738498.67
2026-04-20,GVC,59.805071,1,283432257.24
2026-04-20,GVD,19.932868,1,440815.38
2026-04-20,GVI,5.554481,5443,1442844124.26
2026-04-20,GVL,61.697896,3,485692871.59
2026-04-20,GVZ,68.886932,2,381175782.90
2026-04-20,GYC,3.654453,1,15000397062.46
2026-04-20,GYG,67.062632,4,499487915.60
2026-04-20,GYK,0.101263,279,73206036.77
2026-04-20,GYL,12.830089,7750,1056727035.79
2026-04-20,GYN,62.956165,1,1297750997.30
2026-04-20,GYR,58.443719,5,562233834.46
2026-04-20,GZB,6.656960,1,1264822440.88
2026-04-20,GZD,57.487474,3,50399153.61
2026-04-20,GZE,7.107944,5356,1878116169.06
2026-04-20,GZG,5.962954,1625,434834143.22
2026-04-20,GZH,4.929184,6141,388065584.14
2026-04-20,GZJ,8.330330,6083,2033834850.29
2026-04-20,GZL,5.256789,6234,352379604.11
2026-04-20,GZM,8.101319,300,108420392.23
2026-04-20,GZN,44.917009,1372,422414776.83
2026-04-20,GZO,66.044633,1,108624796.41
2026-04-20,GZP,7.064067,9677,4269889854.30
2026-04-20,GZR,12.009160,2177,1098619899.15
2026-04-20,GZU,63.036485,2,430517064.13
2026-04-20,GZV,7.893563,1385,93382906.46
2026-04-20,GZY,7.520627,2346,67654125.44
2026-04-20,GZZ,6.707983,1304,63560175.52
2026-04-20,TZV,838.170810,133207,21938945356.43
2026-04-20,HAE,51.853793,1064,2321804355.21
2026-04-20,HAG,57.376335,47,406542084.03
2026-04-20,HAM,3.202060,9083,1886810250.35
2026-04-20,HAR,1.048426,64,40925158.24
2026-04-20,HAT,1.787584,123,8923576.76
2026-04-20,HBF,52.467220,12868,7348586580.32
2026-04-20,HBJ,2.430988,1,243098.81
2026-04-20,HBN,4.075222,1132,537019228.95
2026-04-20,HBU,1.482199,2803,516038953.95
2026-04-20,HBV,15.290734,18,879965391.85
2026-04-20,HB1,46.683873,334,21122739058.95
2026-04-20,HB2,54.388351,189,10807571258.43
2026-04-20,HCV,1.064554,187,57737975.98
2026-04-20,HDA,2.817737,801,414917029.88
2026-04-20,HDE,54.270958,4377,7966762875.49
2026-04-20,HDH,8472.584183,18,31422577974.02
2026-04-20,HDJ,5.629844,11,13959795.69
2026-04-20,HDK,2.793062,154,12582064.08
2026-04-20,HDS,15.280035,13,1534396625.77
2026-04-20,HDV,61.511201,2196,4273696955.94
2026-04-20,HEH,2.885942,1924,749639896.79
2026-04-20,HFA,2.935104,2,4149740637.14
2026-04-20,HFI,1.645541,149,45906326.47
2026-04-20,HFR,1.533849,785,94351978.08
2026-04-20,HFV,59.256338,3365,9015176947.35
2026-04-20,HFY,1.155702,30,981720448.99
2026-04-20,HGC,49.152471,191,307020390.69
2026-04-20,HGH,1.757223,21,77995130.69
2026-04-20,HGJ,12.966216,11,5794977.73
2026-04-20,HGM,3.968545,2008,149516205.12
2026-04-20,HGR,1.178671,399,64612426.88
2026-04-20,HGT,88.174096,14,3611906725.34
2026-04-20,HGU,4.390512,2,2463158914.85
2026-04-20,HGV,5.296528,565,59886784.34
2026-04-20,HIA,1.370043,361,384141685.92
2026-04-20,HIF,0.662422,12,976039.29
2026-04-20,HIH,1.458788,6310,400327505.50
2026-04-20,HII,3.076503,1,1013299167.36
2026-04-20,HIM,3.549716,302,411493840.04
2026-04-20,HIP,1.900574,852,1803611691.15
2026-04-20,HIS,3.494908,12,1423269.93
2026-04-20,HIZ,1.932230,1085,160903313.64
2026-04-20,HJA,27.371544,13,3175641342.65
2026-04-20,HJB,4.394006,1804,139215051.54
2026-04-20,HKG,1.435836,993,38497209.69
2026-04-20,HKH,8.673138,16175,1825123199.27
2026-04-20,HKJ,1.212746,2771,12366532703.25
2026-04-20,HKM,4.925207,1500,153595636.84
2026-04-20,HKP,5.295390,128,427389602.93
2026-04-20,HKR,4.019405,1873,1655538058.55
2026-04-20,HKV,521.069991,37980,3883689398.88
2026-04-20,HLA,2.131501,11,47580413.04
2026-04-20,HLL,0.335151,1040469,44293153381.72
2026-04-20,HLR,235.036450,14,5549052412.74
2026-04-20,HMC,7.561422,123,6907653.99
2026-04-20,HME,50.282729,8255,24599955070.89
2026-04-20,HMG,0.060293,4765,1855318982.70
2026-04-20,HMK,304.598449,112,292019142.11
2026-04-20,HML,45.669496,45,20282599.74
2026-04-20,HMS,0.106956,4544,451957542.00
2026-04-20,HMT,6.773674,22,566488185.62
2026-04-20,HMV,19.082602,13,15600920547.07
2026-04-20,HNC,1.368871,112,13895287.54
2026-04-20,HNS,46.514698,109,478943281.29
2026-04-20,HOA,0.215392,3347,1355147259.26
2026-04-20,HOY,0.327710,2616,1201821229.78
2026-04-20,HPC,12.328464,7,35607600940.63
2026-04-20,HPD,0.215097,1573,355621324.80
2026-04-20,HPF,40.737357,12,1757781126.34
2026-04-20,HPH,2.097296,10855,11497108138.18
2026-04-20,HPI,7.686514,14,264524303.45
2026-04-20,HPJ,3.761954,1,73805984.50
2026-04-20,HPL,2.769930,24,1256364561.47
2026-04-20,HPO,0.152414,3026,1247447005.64
2026-04-20,HPT,0.100400,10411,2492865762.45
2026-04-20,HPV,6.869686,342414,7791643509.44
2026-04-20,HPZ,599.276649,16,1212336.66
2026-04-20,HP3,53.773481,110,282749515.52
2026-04-20,HRZ,2.239342,5480,316180369.39
2026-04-20,HSA,1554.503486,2744,4156879117.47
2026-04-20,HSL,362.386748,24307,21174891111.84
2026-04-20,HSP,44.963822,1076,1934304718.88
2026-04-20,HST,0.927036,3915,466493211.84
2026-04-20,HTF,1.269629,517,4676931699.00
2026-04-20,HTJ,1.628228,143,8370104.71
2026-04-20,HTS,51.336977,1799,3110869990.74
2026-04-20,HTZ,15.861070,13,750583448.68
2026-04-20,HUI,89.122700,1,2103265068.98
2026-04-20,HUS,0.003631,12,2065788.34
2026-04-20,HVA,527.788534,17,146015336.93
2026-04-20,HVB,1.649548,13,1435422924.46
2026-04-20,HVC,26.924158,17,73441860.76
2026-04-20,HVI,1.291530,495,51376362.80
2026-04-20,HVK,5.031871,2167,1141138600.35
2026-04-20,HVL,20.435916,11,2869202.61
2026-04-20,HVN,5.382775,12,6109293.37
2026-04-20,HVS,1.607981,10937,2949462541.64
2026-04-20,HVT,4.121652,2139,900756313.30
2026-04-20,HVU,5.395552,908,22038312.86
2026-04-20,HVV,64.411873,1,3266060777.11
2026-04-20,HVZ,7.037602,2090,107689946.22
2026-04-20,HYK,10.266654,24,198706987.51
2026-04-20,HYP,8.963060,59,48864633.37
2026-04-20,HYU,1.582446,299,1033357765.10
2026-04-20,HYV,5.565273,7757,7525317570.83
2026-04-20,HYY,13.053313,1,6441648915.84
2026-04-20,HZV,5.784942,3,947541793.19
2026-04-20,IAC,4.087351,1,2834246788.20
2026-04-20,IAE,1.984150,501,244438254.90
2026-04-20,IAF,0.864290,11,54923761.87
2026-04-20,IAI,6.749283,1,76910306.45
2026-04-20,IAM,1.596066,3152,93265284.22
2026-04-20,IAR,71.620121,29,162912427.03
2026-04-20,IAS,2.163362,17,3501058587.54
2026-04-20,IAT,0.176213,8425,1642776198.88
2026-04-20,IAU,2.366655,305,42774578.17
2026-04-20,IAY,1.554754,223,50304630.22
2026-04-20,IBB,14.059145,8811,1307902732.40
2026-04-20,IBC,17.216534,5,368931275.34
2026-04-20,IBE,23.408670,12,775477619.54
2026-04-20,IBG,1.442022,11,481266497.66
2026-04-20,IBJ,60.578432,23,735930598.11
2026-04-20,IBK,0.120181,122638,209365168.42
2026-04-20,IBM,3.539818,17,244122073.07
2026-04-20,IBP,64.198131,4,4368109313.54
2026-04-20,IBR,0.261292,70,1440044151.43
2026-04-20,ICA,0.569587,3473,737479263.57
2026-04-20,ICC,1.272298,288,30844069.96
2026-04-20,ICD,121.389408,212,41327387.97
2026-04-20,ICE,112.374323,5649,2031627737.77
2026-04-20,ICF,188.827743,556,20164159.34
2026-04-20,ICG,65.578805,1,838958510.81
2026-04-20,ICH,2.019904,1436,143146588.88
2026-04-20,ICN,3.702068,16,163612860.83
2026-04-20,ICS,47.469426,71,44198165.11
2026-04-20,ICV,5.527443,48,6683977.75
2026-04-20,ICZ,7.943710,22213,951829674.02
2026-04-20,IDD,0.151503,25,31721734.74
2026-04-20,IDF,71.487852,4582,13294609866.19
2026-04-20,IDH,12.780701,22567,1086516966.15
2026-04-20,IDI,1.494586,367,19392111.42
2026-04-20,IDL,5.294803,3995,3331223221.40
2026-04-20,IDO,54.885148,14957,74470055888.13
2026-04-20,IDP,1.967980,30,198384945.35
2026-04-20,IDV,66.092571,2,519262625.07
2026-04-20,IDY,0.215877,3174,654695652.87
2026-04-20,IEN,1.267150,138,52014669.73
2026-04-20,IEV,4.861309,3124,56380907.82
2026-04-20,IEZ,6.445895,3,129594208.18
2026-04-20,IFD,56.019198,9,1120383956.38
2026-04-20,IFN,9.793072,481,5282304.53
2026-04-20,IFV,4.120864,210,11596769.33
2026-04-20,IFY,6.729428,1,134588551.41
2026-04-20,IGF,62.920729,2,1329653800.61
2026-04-20,IGL,508.837073,17847,4866113747.57
2026-04-20,IGM,61.591795,3,1176378461.66
2026-04-20,IGZ,10.548339,3,2121677522.18
2026-04-20,IHA,3.267533,394,11809435.32
2026-04-20,IHC,6.691044,275,264332130.34
2026-04-20,IHK,17.869199,33371,2126693188.82
2026-04-20,IHP,1.746303,344,169177291.67
2026-04-20,IHT,3.847768,3728,89947750.64
2026-04-20,IHV,1.931085,35,337248366.16
2026-04-20,IHY,6.291590,1,127117860.74
2026-04-20,IHZ,1.100536,57,1639508.95
2026-04-20,IIA,7.046213,11,2697510266.38
2026-04-20,IIC,3.241546,12,182276197.47
2026-04-20,IIE,8.669886,5483,1192121193.73
2026-04-20,IIF,1.297593,14,432115033.07
2026-04-20,IIH,34.088860,24680,2395660644.87
2026-04-20,IIN,1.225551,91,2386272858.26
2026-04-20,IIP,0.326833,16,39371914.81
2026-04-20,IIS,100.110136,202,3703370475.92
2026-04-20,IJA,13.410498,1356,216239915.87
2026-04-20,IJB,5.997466,7416,202869654.07
2026-04-20,IJC,13.063202,20757,1843023418.69
2026-04-20,IJE,63.024397,4,33760341.80
2026-04-20,IJF,9.914968,2,910012993.62
2026-04-20,IJH,6.677669,477,51930771.76
2026-04-20,IJI,9.087315,26,62949101.30
2026-04-20,IJK,59.598369,3,273619093.17
2026-04-20,IJL,50.749581,12,290226805.05
2026-04-20,IJP,7.771353,13027,557558221.84
2026-04-20,IJT,6.425921,1501,419606080.89
2026-04-20,IJV,4.942312,3158,3282166479.55
2026-04-20,IJZ,10.451785,11525,517420224.18
2026-04-20,IKL,8.866959,5425,209958974.60
2026-04-20,IKP,8.537909,12976,908018645.22
2026-04-20,IKV,1.349951,1092,171748913.88
2026-04-20,IK2,44.494369,96,199312791.81
2026-04-20,ILC,47.289431,223,1323058306.86
2026-04-20,ILE,4.539847,1,10106486545.47
2026-04-20,ILH,3.502959,11101,122394718931.10
2026-04-20,ILI,5.130562,15,448338321.55
2026-04-20,ILM,7.119504,13,310057532.16
2026-04-20,ILP,57.932550,6,2904689684.55
2026-04-20,ILU,1.072155,1,1698897467.34
2026-04-20,ILZ,7.543023,7402,1064539409.96
2026-04-20,IMB,1.277831,237,36581102.74
2026-04-20,IMF,5.349901,19,365825092.92
2026-04-20,IMG,46.110542,144,921064263.38
2026-04-20,IMH,6.227757,1,2197197931.13
2026-04-20,IML,1.737314,6510,1155444262.99
2026-04-20,IMO,5.248219,2,4507158935.73
2026-04-20,IMS,14.611242,4,543151722.89
2026-04-20,IMT,65.380280,4,660829803.33
2026-04-20,IMY,69.026077,6,1481924093.58
2026-04-20,IMZ,68.628421,4,284639600.32
2026-04-20,INH,13.998278,507,373238080.37
2026-04-20,INV,42.293069,1,1802316064.43
2026-04-20,INZ,3.035102,14,6071305.42
2026-04-20,IOG,16.022836,23682,18354517246.21
2026-04-20,IOH,48.793668,30,124941998.39
2026-04-20,IOJ,47.924721,40,171875064.24
2026-04-20,IOL,62.174484,1,889419175.27
2026-04-20,IOM,3.974265,15,599321838.72
2026-04-20,ION,2.897822,15,185057245.07
2026-04-20,IOO,4.041310,6564,26074064268.54
2026-04-20,IOP,5.540226,7459,7475189634.61
2026-04-20,IOT,54.308246,6,244525051.00
2026-04-20,IOV,53.416382,1,529219016.46
2026-04-20,IPA,0.814482,16,839301680.19
2026-04-20,IPB,0.853721,17453,1269035118.74
2026-04-20,IPC,23.355971,1,13429683.53
2026-04-20,IPE,9.112263,3,3796312465.56
2026-04-20,IPF,0.114046,23,143753863.66
2026-04-20,IPG,9.105169,1952,353362489.43
2026-04-20,IPJ,18.963362,17347,1199397150.94
2026-04-20,IPK,48.605150,1,2906492200.56
2026-04-20,IPO,42.503207,1,511163070.90
2026-04-20,IPP,0.167310,185,6395421407.81
2026-04-20,IPR,31.456472,1,19345730.44
2026-04-20,IPU,43.820234,1,5112227154.69
2026-04-20,IPV,72.692013,12355,1975787964.97
2026-04-20,IRB,1.153971,831,813244697.34
2026-04-20,IRE,44.584376,65,112677560.31
2026-04-20,IRF,6.294167,1620,348815186.70
2026-04-20,IRL,16.317705,15,247469389.04
2026-04-20,IRO,1.795430,47,23990981.33
2026-04-20,IRT,6.534866,1500,110926751.10
2026-04-20,IRV,6.235024,40,293082017.58
2026-04-20,IRY,3.495047,2429,2166673293.59
2026-04-20,ISR,18.228299,8,947883590.17
2026-04-20,ISS,0.274174,7,212680801.86
2026-04-20,IST,0.170377,3222,2195930972.50
2026-04-20,ITA,67.905873,1,761994412.19
2026-04-20,ITC,1.282817,350,26129177.16
2026-04-20,ITD,63.600708,1,2353243494.15
2026-04-20,ITJ,10.493869,11,415056206.23
2026-04-20,ITL,3.964930,1,4069080449.01
2026-04-20,ITP,10.898735,10602,1009156043.23
2026-04-20,ITR,3.898332,1,1022797844.67
2026-04-20,ITV,44.908679,26,163789767.98
2026-04-20,ITZ,55.876316,3,1736883254.06
2026-04-20,IUA,63.338289,57,432633516.31
2026-04-20,IUB,66.555376,3,320444832.67
2026-04-20,IUC,1.930680,1,937062759.51
2026-04-20,IUF,64.412660,8241,23216156810.41
2026-04-20,IUH,5.209026,638,8385253.57
2026-04-20,IUM,62.171820,1,377728500.16
2026-04-20,IUN,70.853782,4,277882582.77
2026-04-20,IUV,62.530208,7037,22674418157.54
2026-04-20,IUZ,4.177193,1150,1265671168.23
2026-04-20,IVA,2.520595,3,126029764.52
2026-04-20,IVF,6.326858,1307,175490473.27
2026-04-20,IVS,5.452176,30,452818636.70
2026-04-20,IVY,5.169791,15016,795671727.84
2026-04-20,IV2,16.944551,14,1037667157.04
2026-04-20,IV6,60.258123,1,1507543149.09
2026-04-20,IV7,4.452278,1,486654946.46
2026-04-20,IV8,2.053264,132,29383794.65
2026-04-20,IYB,5.780105,497,111454825.94
2026-04-20,IYP,3.253329,2,2494110015.35
2026-04-20,IYR,0.129371,32,215006734.49
2026-04-20,IYS,1.310185,16,5726862941.81
2026-04-20,IYV,1.171745,74,222547609.57
2026-04-20,IZA,2.020743,1,502891489.74
2026-04-20,IZB,8.860398,32,54403533.09
2026-04-20,IZE,60.602298,1,252924480.29
2026-04-20,IZL,48.476194,21,88725644.49
2026-04-20,IZS,8.632274,14,57530386.23
2026-04-20,IZV,9.084929,2,99476852.08
2026-04-20,IZY,44.854049,33,50521403.23
2026-04-20,JET,2.313000,20137,928275911.39
2026-04-20,JOT,54.087093,1,1066035455.12
2026-04-20,JUP,0.500472,60,53450722.24
2026-04-20,KAC,3.440638,2086,16843927401.33
2026-04-20,KAN,6977.027935,36,4779724619.04
2026-04-20,KAV,54.497795,5914,19352411754.67
2026-04-20,KBJ,4.174176,119,782831194.77
2026-04-20,KBP,1.581240,6,373682161.92
2026-04-20,KBZ,48.500577,1,150084647.84
2026-04-20,KCL,1.722650,201,35569619.19
2026-04-20,KCV,4.654185,11558,1966652556.79
2026-04-20,KDE,1.553585,1873,478384657.50
2026-04-20,KDI,52.804214,10,351364202.80
2026-04-20,KDK,14.464516,1,723225.82
2026-04-20,KDL,48.793900,7312,25400432622.48
2026-04-20,KDO,53.269573,414,1628189940.44
2026-04-20,KDS,50.429845,1373,33336339854.13
2026-04-20,KDT,50.386956,1134,3165778949.27
2026-04-20,KDV,44.979729,159,11362514133.79
2026-04-20,KDZ,45.614076,820,5934003800.16
2026-04-20,KEI,1.705499,1,306338833.39
2026-04-20,KEO,1.593306,1,62843844.72
2026-04-20,KEU,50.084737,30,4115023179.42
2026-04-20,KFZ,3.930859,1,324720114.61
2026-04-20,KGM,3.445261,31107,4108909495.20
2026-04-20,KHA,3.434586,15949,1500981715.36
2026-04-20,KHB,1.542798,215,18037124.60
2026-04-20,KHC,2.127991,1626,116750641.03
2026-04-20,KHD,1.315245,14,659914425.08
2026-04-20,KHF,0.151853,13,1138032.83
2026-04-20,KHJ,1.189902,498,15476597.65
2026-04-20,KHP,1.008250,178,3510128084.91
2026-04-20,KHT,2.877485,365,27892420.40
2026-04-20,KHU,35.508682,1,3391718.26
2026-04-20,KH1,1.275554,800,81876943.39
2026-04-20,KIA,4.497025,425,9423618.54
2026-04-20,KIB,3.978168,1007,11810033.99
2026-04-20,KIE,4.040687,926,202362857.39
2026-04-20,KIH,1.366314,32,53027623.07
2026-04-20,KIK,1.337753,1123,158754277.91
2026-04-20,KIS,0.207443,835,92382641.79
2026-04-20,KJK,0.002134,1,275655.65
2026-04-20,KKB,59.576741,1,14598744.15
2026-04-20,KKC,54.288541,57,224729371.04
2026-04-20,KKE,48.063490,2,82995073.03
2026-04-20,KKH,6.354420,5567,540722999.78
2026-04-20,KKL,2.146636,1289,2806908870.28
2026-04-20,KKO,45.427098,263,2116828083.70
2026-04-20,KKP,46.077317,319,3743503038.56
2026-04-20,KKT,2.737590,36,1829875678.23
2026-04-20,KLH,2.520626,2470,123445180.07
2026-04-20,KLI,1.148373,94,478581192.11
2026-04-20,KLL,54.115258,1,10626613.14
2026-04-20,KLM,61.936475,1,921433646.05
2026-04-20,KLS,41.055363,2,1008648.15
2026-04-20,KLU,4.253761,87361,63876243516.01
2026-04-20,KMA,158.074825,1,11826842.22
2026-04-20,KME,1.471263,1036,174690284.97
2026-04-20,KMF,3.549161,2710,2243910428.54
2026-04-20,KMN,1.039591,4974,634040733.68
2026-04-20,KMT,3.603326,1,89309770.04
2026-04-20,KNC,62.321084,16,342818745.36
2026-04-20,KNI,1.213144,381,7013842590.96
2026-04-20,KNJ,1.801415,12785,880236095.06
2026-04-20,KNN,1.325107,18,568962316.77
2026-04-20,KNP,76.350748,2,222588390.05
2026-04-20,KNS,3.919412,1,4417928235.97
2026-04-20,KNT,55.882534,4,160167277.31
2026-04-20,KNV,65.988651,5,296311481.33
2026-04-20,KNZ,65.871309,1,970733032.13
2026-04-20,KOB,1.241242,16,307117175.93
2026-04-20,KOP,7.389615,14,15156100.70
2026-04-20,KOT,1.444127,4646,241524615.10
2026-04-20,KOZ,60.001724,4,57900223.89
2026-04-20,KO4,52.820977,882,4457034044.12
2026-04-20,KPA,1.503008,11797,335489404.70
2026-04-20,KPB,6.322182,1,5066773.37
2026-04-20,KPC,19.533008,20265,3490728633.32
2026-04-20,KPD,46.089234,566,244061900.15
2026-04-20,KPF,1.545414,202,93259162.56
2026-04-20,KPH,1.395541,13307,698829874.52
2026-04-20,KPI,1.293820,3731,3078608457.77
2026-04-20,KPK,9.423615,1,435867384.57
2026-04-20,KPP,2.773073,770,723034057.51
2026-04-20,KPR,1.646198,1220,49406383969.02
2026-04-20,KPU,3.728487,6079,561825088.34
2026-04-20,KP3,50.655150,15,14541270.00
2026-04-20,KRC,0.132240,155,27881816.62
2026-04-20,KRF,19.405541,730,128434234.12
2026-04-20,KRH,1.393599,42,1816041467.50
2026-04-20,KRO,44.918828,60,287462624.63
2026-04-20,KRR,1.118004,503,19233907.86
2026-04-20,KRS,0.487872,1411,1665103178.09
2026-04-20,KRT,68.905846,176,794302837.34
2026-04-20,KRV,44.849784,1049,5326808870.17
2026-04-20,KSA,3.577793,2786,11207776029.48
2026-04-20,KSC,45.834479,1,45044063.67
2026-04-20,KSK,2.566034,618,5902375474.12
2026-04-20,KSL,53.458540,119,262912789.11
2026-04-20,KSM,47.727594,753,15349553611.25
2026-04-20,KSP,60.485182,280,1157081537.25
2026-04-20,KSR,4.664213,3701,162704807.82
2026-04-20,KST,2.012299,537,13511500.95
2026-04-20,KSV,5.077774,11303,31619800063.59
2026-04-20,KSY,9.651805,83,3083561157.09
2026-04-20,KTE,41.346054,1,99809622.22
2026-04-20,KTI,1.919929,546,221881134.47
2026-04-20,KTJ,2.086512,12100,686799335.29
2026-04-20,KTM,20.148092,5818,699125976.27
2026-04-20,KTN,7.359001,3887,474922185.14
2026-04-20,KTR,9.384010,721,21833540131.56
2026-04-20,KTS,13.481141,708,100147244.92
2026-04-20,KTT,65.485591,1400,5229931751.76
2026-04-20,KTU,26.530776,1,697390209.21
2026-04-20,KTV,6.817202,45653,26723531441.96
2026-04-20,KUA,1.419104,2192,160708464.92
2026-04-20,KUB,0.694468,4147,327059674.13
2026-04-20,KUD,1.516925,906,56679685.04
2026-04-20,KUP,46.482867,132,1632504745.80
2026-04-20,KUT,12.976035,46817,10115476534.13
2026-04-20,KVA,1.551327,1,569446958.71
2026-04-20,KVK,1.143222,151,487307071.33
2026-04-20,KVR,1.136740,41,142229098.56
2026-04-20,KVS,3.322037,2393,17156967604.64
2026-04-20,KVT,1.388127,2949,127176959.96
2026-04-20,KYA,1.322790,1949,85843429.97
2026-04-20,KYR,0.854539,11,544293615.85
2026-04-20,KYS,50.740162,4,10396659.12
2026-04-20,KZL,28.783941,69457,87793579104.75
2026-04-20,KZO,1.999621,3,1087622034.93
2026-04-20,KZU,2.431841,6574,516994655.55
2026-04-20,LAI,1.971806,11,101930.52
2026-04-20,LET,51.939345,2,704419576.97
2026-04-20,LFD,8.411387,1,2394114265.50
2026-04-20,LGK,1.257050,1,1465774807.21
2026-04-20,LGO,6.458764,12,352801649.82
2026-04-20,LHM,76.700530,4,723013019.60
2026-04-20,LHP,53.147376,105,92374551.50
2026-04-20,LKT,1.656327,268,110117737.93
2026-04-20,LLA,1.430812,1034,58193817.72
2026-04-20,LPH,1.255123,848,652591736.73
2026-04-20,LRT,3.247041,11,752278524.51
2026-04-20,LTC,1.437513,396,226592518.71
2026-04-20,LTS,4.031812,14,1222249014.78
2026-04-20,LZV,10.519326,2,119637087.64
2026-04-20,MAC,0.782147,38917,4953672235.23
2026-04-20,MAD,1.050908,400,24419199.05
2026-04-20,MAS,12.418480,89,862597158.95
2026-04-20,MAV,55.325396,1,874064623.36
2026-04-20,MBL,0.253728,224,21235573.25
2026-04-20,MBR,1.503189,231,126228001.89
2026-04-20,MCU,1.236271,169,25006345.59
2026-04-20,MDF,1.287123,1438,860186967.82
2026-04-20,MD1,2.013330,598,64305324.92
2026-04-20,MD2,1.902062,714,175311296.95
2026-04-20,MET,5.383258,6878,710852043.69
2026-04-20,MGB,1.391609,566,72328011.55
2026-04-20,MGD,0.896035,1,602225595.26
2026-04-20,MGE,9.455582,70,5388811791.94
2026-04-20,MGH,2.042471,874,644592183.66
2026-04-20,MHF,1.941327,1326,66087314.60
2026-04-20,MIK,1.689592,13,104287749.15
2026-04-20,MJB,7.208302,832,63689292.47
2026-04-20,MJE,54.641440,943,6556782245.19
2026-04-20,MJG,12.269599,8720,1223688978.52
2026-04-20,MJH,4.633057,18,42690368.94
2026-04-20,MJK,37.017022,491,2351346069.32
2026-04-20,MJL,57.760503,633,901248568.36
2026-04-20,MKA,1.332218,1879,103516956.01
2026-04-20,MKG,18.009331,9348,1729189656.51
2026-04-20,MKL,58.160159,1,750592739.74
2026-04-20,MLS,16.443032,4,1229311245.05
2026-04-20,MLT,1.377590,149,48185523.62
2026-04-20,MMH,17.033137,1592,183557891.20
2026-04-20,MOD,56.170676,2,700969925.48
2026-04-20,MOZ,1.173055,141,270991734.42
2026-04-20,MPD,56.128942,787,3958876715.67
2026-04-20,MPE,1.270715,84,85583327.72
2026-04-20,MPF,7.349990,1985,1404269125.57
2026-04-20,MPI,2.731434,22,79766422.69
2026-04-20,MPK,8.739366,1486,282429366.33
2026-04-20,MPL,1.809379,1398,2148489535.25
2026-04-20,MPN,57.451134,326,368715288.68
2026-04-20,MPP,22.551623,1812,636146128.23
2026-04-20,MPS,24.218752,2678,165736069.31
2026-04-20,MP2,2.100085,13,5567962809.02
2026-04-20,MP4,2.660855,15,5222386592.48
2026-04-20,MRI,1.294783,143,15344216.27
2026-04-20,MSK,3.469884,1,1040685117.06
2026-04-20,MSO,54.382779,1,529980844.69
2026-04-20,MSR,2.082855,16,38351904.83
2026-04-20,MTD,1.344325,1986,188513133.86
2026-04-20,MTE,5.103601,17,625298369.43
2026-04-20,MTF,1.271400,39,62714488.42
2026-04-20,MTG,1.455531,146,37873982.56
2026-04-20,MTH,1.942365,5009,783029106.27
2026-04-20,MTI,0.017169,2,2053399.88
2026-04-20,MTK,1.533230,519,57600599.54
2026-04-20,MTL,3.112869,14,8152995719.24
2026-04-20,MTS,2.654438,761,92240476.50
2026-04-20,MTU,1.241751,18,1226949.72
2026-04-20,MTV,4.855877,12954,161387405.43
2026-04-20,MTX,4.644057,2261,102243250.82
2026-04-20,MT1,42.474017,20,34179011.54
2026-04-20,MT2,1.212554,4855,10202986844.31
2026-04-20,MT5,1.384194,18,511810517.36
2026-04-20,MT6,1.878117,13,900947575.92
2026-04-20,MT7,0.807807,15,105430943.23
2026-04-20,MT8,1.879550,16,2855609255.30
2026-04-20,MT9,0.917766,17,10286963831.08
2026-04-20,MUL,1.782961,13,9205709.27
2026-04-20,MUT,1.752461,1809,943875597.62
2026-04-20,NAK,1.101527,190,142720504.04
2026-04-20,NAL,1.819265,22,1375244976.56
2026-04-20,NAU,3.232107,12635,3270692940.54
2026-04-21,TRU,1.401806,266,279208464.13
2026-04-21,AAK,35.671943,769,34736446.74
2026-04-21,AAL,3.153960,4811,2972519960.96
2026-04-21,AAS,11.261530,157,23759667.09
2026-04-21,AAV,63.368526,2310,305573553.91
2026-04-21,ABG,61.365881,158,7574566267.42
2026-04-21,ABJ,0.903853,3,1208760093.28
2026-04-21,ABU,0.093429,31,3199002.60
2026-04-21,ACC,45.328106,1451,195417714.38
2026-04-21,ACD,5.624358,1570,325543474.93
2026-04-21,ACN,11.723853,16,636474440.79
2026-04-21,ACU,52.503750,165,1344971825.84
2026-04-21,AC1,2.841403,160,271258384.22
2026-04-21,AC2,3.710695,48,9197766647.23
2026-04-21,AC3,66.531696,14,139088634.41
2026-04-21,AC4,3.487513,3592,1971971601.36
2026-04-21,AC5,3.400546,185,52431828.57
2026-04-21,AC6,55.816951,107,76161839.56
2026-04-21,AC7,11.353883,45,6135467575.24
2026-04-21,AC8,192.838933,97,2379518077.89
2026-04-21,ADE,0.874391,27144,1065313007.16
2026-04-21,ADP,1.400649,22570,4407623651.54
2026-04-21,AED,109.854016,817,43110264.01
2026-04-21,AES,0.156975,36733,1746904260.23
2026-04-21,AEV,1.930892,398,10982421.87
2026-04-21,AFA,1.083808,45960,5319997171.99
2026-04-21,AFO,1.369869,87866,23534849317.08
2026-04-21,AFS,0.305542,26984,778105131.08
2026-04-21,AFT,0.899352,143594,25291122751.08
2026-04-21,AFV,0.542560,15734,1201269852.26
2026-04-21,AGC,8.629373,2493,99735002.72
2026-04-21,AHH,9.516365,15,203370528.08
2026-04-21,AHI,38.383308,2670,149297440.67
2026-04-21,AHN,66.429065,99,28758338.00
2026-04-21,AHU,10.091179,609,212822701.48
2026-04-21,AHV,19.698291,153,116879531.92
2026-04-21,AHZ,26.890424,12,630227636.42
2026-04-21,AIH,18.239440,4,175896673.85
2026-04-21,AII,89.337044,3,365477845.59
2026-04-21,AIM,24.619481,1,23119391.22
2026-04-21,AIR,153.091717,1,1340736534.86
2026-04-21,AIS,0.094389,12397,12354801037.08
2026-04-21,AI1,1.102164,19,64937411.69
2026-04-21,AJE,58.502159,1022,4421681720.93
2026-04-21,AJK,59.932251,131,134906059.66
2026-04-21,AJL,59.514560,1488,5403537429.30
2026-04-21,AJN,57.827329,358,567806027.63
2026-04-21,AJ1,1.197055,108,32685169.24
2026-04-21,AKE,0.493332,13922,1057160778.76
2026-04-21,AKU,0.954988,17115,1574433219.62
2026-04-21,AK2,0.518889,9488,222015649.92
2026-04-21,AK3,53.315339,20963,8988757102.82
2026-04-21,ALC,0.368528,26690,2041510547.48
2026-04-21,ALE,11.880834,137851,65659478310.79
2026-04-21,AL4,3.515347,12,1119799751.92
2026-04-21,AL5,50.212910,2466,15010200758.84
2026-04-21,AL6,3.437644,12,4904118461.25
2026-04-21,AL7,3.323082,110,6673161031.20
2026-04-21,ANL,32.942207,4143,551183675.14
2026-04-21,ANZ,20.362859,183,267938248.20
2026-04-21,AN1,96.631193,2574,1456825322.84
2026-04-21,AOJ,1.575029,248,22291909.46
2026-04-21,AOY,0.347354,36606,986593060.22
2026-04-21,APJ,7.063990,3187,105105467.68
2026-04-21,APP,32.874172,2,210904315.35
2026-04-21,APT,0.150100,13581,325617886.45
2026-04-21,AP2,3.653439,36,1052557414.09
2026-04-21,AP4,0.996062,11,248236991.37
2026-04-21,AP5,1.076371,12,1104993.58
2026-04-21,AP6,8.785192,46,1059483542.80
2026-04-21,AP7,2.293290,550,178326069.76
2026-04-21,ARE,0.220654,1673,37549193.81
2026-04-21,ARF,7.896327,1,713432347.43
2026-04-21,ARL,14.987269,7892,4226492795.36
2026-04-21,ARM,17.862248,5643,3351846052.04
2026-04-21,ARP,42.547594,1,3215066255.91
2026-04-21,ASJ,3.920318,852,73898267.40
2026-04-21,AS1,44.821528,41,6550307.68
2026-04-21,AS3,0.750439,16,169485105.38
2026-04-21,ATJ,22.608477,11,1082211336.55
2026-04-21,AUT,9.079480,157,2795562.80
2026-04-21,AUV,46.872059,615,793712085.04
2026-04-21,AU1,1.206517,625,59766094.76
2026-04-21,AVC,148.101515,11,249661388.93
2026-04-21,AVT,199.577530,19584,3190730593.41
2026-04-21,AVZ,96.140984,1,221361732.55
2026-04-21,AYA,19.248983,10442,1260797369.67
2026-04-21,AYR,0.123272,13239,1607083245.81
2026-04-21,AY6,1.317031,11,103073757.90
2026-04-21,AY7,1.478268,12,209520854.40
2026-04-21,AZF,0.162383,4,539950103.57
2026-04-21,AZJ,18.126670,41,662784497.20
2026-04-21,AZV,24.992801,4,4204959030.59
2026-04-21,AZZ,58.809355,7,26905750031.73
2026-04-21,BAC,8.262985,11,6236061416.78
2026-04-21,BAG,0.895242,56,45517985.05
2026-04-21,BAL,46.374697,1,1019051043.44
2026-04-21,BAO,3.306238,4,153834365.59
2026-04-21,BAS,50.153003,1,1434916745.82
2026-04-21,BA1,1.391723,25,279230916.43
2026-04-21,BBF,3.176410,1142,179738123.76
2026-04-21,BBI,1.559881,12,1060603.51
2026-04-21,BBN,0.670561,13,1542667056.92
2026-04-21,BBO,2.319902,12,768788692.85
2026-04-21,BBP,2.060141,793,35959702.19
2026-04-21,BBS,1.378760,791,1184462840.13
2026-04-21,BCC,63.529298,2,2555360738.04
2026-04-21,BCK,1.776246,1769,93918095.92
2026-04-21,BCO,1.720466,457,46908653.66
2026-04-21,BDA,53.304251,434,1155901290.24
2026-04-21,BDC,9.123250,40,399287021.21
2026-04-21,BDI,0.570424,74,465121850.41
2026-04-21,BDO,2.765273,11,4640954542.33
2026-04-21,BDS,2.376161,12792,532023513.67
2026-04-21,BDY,1.601211,2483,102825636.07
2026-04-21,BFE,1.766023,60,9303386.85
2026-04-21,BFO,49.798903,1,3508318047.20
2026-04-21,BFS,1.049600,37,6150642.22
2026-04-21,BFT,1.238910,551,202109208.42
2026-04-21,BGH,2.136996,1,1004451016.66
2026-04-21,BGP,5.735860,31166,61777104828.31
2026-04-21,BHA,1.576059,920,106672596.04
2026-04-21,BHE,1.926520,81,40791123.07
2026-04-21,BHF,3.023352,2585,370153336.29
2026-04-21,BHH,0.601065,74,1066884710.95
2026-04-21,BHI,2.061066,358,670778560.95
2026-04-21,BHL,1.212997,783,59992938.09
2026-04-21,BHO,1.113802,1,1037300117.16
2026-04-21,BIA,0.254804,12,652347.47
2026-04-21,BID,3.450389,2261,304976620.62
2026-04-21,BIG,1.400451,3796,587045733.18
2026-04-21,BIH,7.525806,408,750639936.10
2026-04-21,BIK,1.497496,14,3478710164.11
2026-04-21,BIO,2.516962,12141,1135819895.54
2026-04-21,BIP,1.434175,193,5162285278.94
2026-04-21,BIS,1.618384,75,799862290.21
2026-04-21,BIY,1.288346,307,78963652.80
2026-04-21,BI5,2.325938,12,869845931.97
2026-04-21,BJD,49.390073,74,2646265009.69
2026-04-21,BKO,1.125268,1,3035303917.75
2026-04-21,BKY,45.844923,561,2127566123.81
2026-04-21,BLA,7.662101,15,7159774783.22
2026-04-21,BLD,1.465619,737,468284086.63
2026-04-21,BLT,1.799141,3154,402349956.71
2026-04-21,BMU,1.255251,12,1044412257.34
2026-04-21,BNC,2.014078,256,721298758.04
2026-04-21,BNH,1.355957,206,139905609.67
2026-04-21,BOH,1.027936,11,257569638.75
2026-04-21,BOL,1.567737,255,47120094.13
2026-04-21,BON,1.254775,346,29728613.90
2026-04-21,BOP,45.842884,9,1123344434.06
2026-04-21,BOS,1.490910,1418,2499425186.76
2026-04-21,BPD,49.323413,11,135561899.62
2026-04-21,BPZ,1.375502,422,389663098.64
2026-04-21,BP5,1.573768,15,419935067.69
2026-04-21,BRB,1.418221,11,935800265.31
2026-04-21,BRC,1.205979,36,126272997.13
2026-04-21,BRF,1.476132,1078,102827287.87
2026-04-21,BRG,4.496154,1622,1796516577.68
2026-04-21,BRH,5.441688,15,4387201611.33
2026-04-21,BRR,1.458212,263,292391858.38
2026-04-21,BRT,1.272015,498,36572774.47
2026-04-21,BRZ,51.018961,5,1597792838.45
2026-04-21,BSA,0.424810,1,866408892.15
2026-04-21,BSD,1.104389,92,270639052.12
2026-04-21,BSE,0.871335,66,609682450.10
2026-04-21,BSF,1.376752,1,7783471146.90
2026-04-21,BSH,1.130983,162,8953680.78
2026-04-21,BSM,1.445998,1815,1371052276.21
2026-04-21,BSN,1.483561,12,11664848.93
2026-04-21,BST,10.135173,705,60598667.61
2026-04-21,BS1,1.137543,135,7220592.78
2026-04-21,BTE,4.006223,954,210458422.23
2026-04-21,BTJ,1.237465,82,28320147.32
2026-04-21,BTK,1.281805,295,81250593.23
2026-04-21,BTP,0.506961,15,5255813.29
2026-04-21,BTY,54.721527,3,773652948.14
2026-04-21,BTZ,1.273247,207,8446933.60
2026-04-21,BUB,1.038803,36,3305864.91
2026-04-21,BUC,0.984961,23,241434057.49
2026-04-21,BUP,3.724181,1,12493798705.80
2026-04-21,BUT,1.751484,4,208001548.44
2026-04-21,BUV,1.400425,475,66638780.12
2026-04-21,BUY,1.847702,18295,419325103.85
2026-04-21,BVB,4.032674,1,4335136889.89
2026-04-21,BVC,3.830563,1,6210653333.10
2026-04-21,BVD,1.196543,357,218290743.70
2026-04-21,BVF,1.236195,541,942878939.69
2026-04-21,BVH,1.755766,14,113188645.15
2026-04-21,BVI,3.046207,31,323156655.26
2026-04-21,BVK,1.012081,35,2252373.79
2026-04-21,BVM,1.304039,163,11423616.55
2026-04-21,BVT,5.091084,10,19165368.80
2026-04-21,BVV,2.741967,509,97906066.08
2026-04-21,BVZ,3.939403,762,2257939778.01
2026-04-21,BV1,1.561880,820,150569957.17
2026-04-21,BYZ,2.579158,42,211887667.80
2026-04-21,CAH,1.375314,371,55518383.60
2026-04-21,CBD,3.208319,15,306046374.36
2026-04-21,CBN,48.743761,6,626750103.91
2026-04-21,CBO,302.844612,3,2191157688.75
2026-04-21,CEY,61.917254,3,205220713.53
2026-04-21,CFO,2.208650,502,2839824579.79
2026-04-21,CGD,54.082394,2,598666902.61
2026-04-21,CHY,0.644805,43,277826215.27
2026-04-21,CIN,1.589550,534,37308360.16
2026-04-21,CJD,47.636809,30,47942065.20
2026-04-21,CJF,60.900593,3,1847994644.06
2026-04-21,CJG,61.508335,1,1863317153.05
2026-04-21,CJH,58.369924,1813,3222575824.09
2026-04-21,CKF,1.834751,1619,524518313.43
2026-04-21,CKL,1.388184,812,364362302.16
2026-04-21,CKS,56.809335,2430,5951638259.74
2026-04-21,COT,56.114403,200,519117486.58
2026-04-21,CPT,3.189333,8184,444723724.39
2026-04-21,CPU,3.032288,12557,864825341.87
2026-04-21,CRL,45.434951,3,976851455.68
2026-04-21,CSD,60.012395,1,625374102.56
2026-04-21,CSH,3.370471,55,4740383217.46
2026-04-21,CTF,8.679038,1,324349169.87
2026-04-21,CTG,7.093475,1,15366624.35
2026-04-21,CTM,5.951554,1,15369125.33
2026-04-21,CTP,58.076139,1,525697660.89
2026-04-21,CTV,10.133168,4,191930017.88
2026-04-21,CVA,3.689356,1,8525997750.04
2026-04-21,CVB,3.798714,5,1797231817.82
2026-04-21,CVC,2.591912,2,650895897.66
2026-04-21,CVD,59.324863,2,1013541079.14
2026-04-21,CVE,2.464422,1,271141293.32
2026-04-21,CVF,4.164439,1,861135700.34
2026-04-21,CVK,4.650207,2085,644104767.02
2026-04-21,CVL,1.236958,92,28553883.25
2026-04-21,CYD,54.450800,383,1293766140.55
2026-04-21,DAC,67.724426,1,521124560.44
2026-04-21,DAE,3.603035,1,1810851766.28
2026-04-21,DAH,3.815122,2920,773726653.83
2026-04-21,DAI,89.389364,4,342407834.16
2026-04-21,DAL,67.187038,1,582858435.43
2026-04-21,DAS,50.984804,26767,131875445720.65
2026-04-21,DAT,90.396756,6,404776062.11
2026-04-21,DAV,54.624343,133,1034970328.85
2026-04-21,DAZ,12.139137,4,321136630.55
2026-04-21,DA1,46.132498,47,30984062.13
2026-04-21,DBA,0.763687,27585,11702947406.97
2026-04-21,DBB,0.103244,1959,331501101.56
2026-04-21,DBG,0.573812,3,2360624198.70
2026-04-21,DBH,0.353898,9231,1010787454.98
2026-04-21,DBK,0.106784,86040,636633531.18
2026-04-21,DBP,0.458379,1106,161447293.90
2026-04-21,DBZ,0.123818,3090,787873323.06
2026-04-21,DB2,1.839461,18,121838462.53
2026-04-21,DCB,4.178116,22560,132473590309.99
2026-04-21,DCD,62.055961,1,266549836.90
2026-04-21,DCE,67.950633,3,1182300176.85
2026-04-21,DCN,1.266603,1101,149846679.82
2026-04-21,DCP,69.663601,3,248314653.16
2026-04-21,DDA,14.141132,1246,268793407.87
2026-04-21,DDC,10.352758,11,3472942790.26
2026-04-21,DDE,71.094495,1,392091331.82
2026-04-21,DDF,10.952660,548,253442027.76
2026-04-21,DDP,69.110744,1,72292740.68
2026-04-21,DEF,2.564529,94,68771358.74
2026-04-21,DEI,0.034761,13,3129224.90
2026-04-21,DFC,3.126431,1685,126939312.23
2026-04-21,DFD,2.534178,541,160939323.55
2026-04-21,DFI,3.715683,39473,17842552123.95
2026-04-21,DFO,3.460765,2,1023575406.73
2026-04-21,DGF,1.290520,229,26978165.38
2026-04-21,DGH,9.421369,233,1142568572.99
2026-04-21,DHI,6.095830,46,915723911.66
2026-04-21,DHJ,7.065115,3013,228863761.84
2026-04-21,DHM,5.147488,1290,30516237.60
2026-04-21,DHP,3.956181,1,7467263.84
2026-04-21,DHS,324.627451,1,4286815214.36
2026-04-21,DHT,1.096396,561,83121561.97
2026-04-21,DHV,2.121296,11,324257702.18
2026-04-21,DID,1.393987,171,44222262.10
2026-04-21,DIH,1.814564,11,136196863.14
2026-04-21,DIM,48.935352,1,111940008.65
2026-04-21,DIP,1.380547,1235,48141206027.83
2026-04-21,DKA,45.072609,239,2297748898.25
2026-04-21,DKC,0.680415,13,213314.09
2026-04-21,DKH,3.582957,1536,211156731.06
2026-04-21,DKL,47.095553,103,407844283.95
2026-04-21,DKP,44.908300,649,3960462988.91
2026-04-21,DKR,0.754343,543,60380690.34
2026-04-21,DKS,67.283656,2,215841257.91
2026-04-21,DKY,44.927172,231,2552963550.31
2026-04-21,DK1,1.312554,67,4200287780.24
2026-04-21,DK8,45.104727,315,1748460130.81
2026-04-21,DLD,7.395522,619,82074168.89
2026-04-21,DLG,1.177294,43,4567170.13
2026-04-21,DLN,1.894241,12,30348568.80
2026-04-21,DLY,5.345232,314258,71271773001.96
2026-04-21,DLZ,1.432910,13,176852.59
2026-04-21,DL2,2.179069,735,10076363400.74
2026-04-21,DMG,7.818162,16730,3952733314.45
2026-04-21,DMR,53.851558,1,15965324685.30
2026-04-21,DMV,65.624337,2,315414581.36
2026-04-21,DMZ,59.679852,5,595348057.60
2026-04-21,DNA,8.675954,5,1726718159.67
2026-04-21,DNF,1.183048,99,23640869.76
2026-04-21,DNH,1.178644,79,18944440.04
2026-04-21,DNK,1.717571,212,20642857.05
2026-04-21,DNL,51.711999,1,206057111.75
2026-04-21,DNM,48.467900,1231,1801387720.61
2026-04-21,DNP,1.260851,241,1221236456.45
2026-04-21,DNU,44.697735,16,36751147.97
2026-04-21,DOC,44.999600,178,4607910012.66
2026-04-21,DOD,63.924214,11,8442790880.62
2026-04-21,DOH,2.155943,4726,933504589.64
2026-04-21,DOL,48.797320,382,3418394246.50
2026-04-21,DOR,66.378009,1,478102541.75
2026-04-21,DOS,65.164202,2,3071275252.04
2026-04-21,DOV,57.032487,17773,70916753675.50
2026-04-21,DPB,22.776950,3852,20891613016.41
2026-04-21,DPC,92.224612,1,317656148.68
2026-04-21,DPE,21.099035,1,1381072759.60
2026-04-21,DPG,93.650452,2,537009765.86
2026-04-21,DPI,7.892957,111,262242535.32
2026-04-21,DPK,7.658661,1313,828996201.07
2026-04-21,DPL,96.046740,1,2482960377.57
2026-04-21,DPN,56.320979,1,2210035.20
2026-04-21,DPP,158.299362,2,213693374.25
2026-04-21,DPT,17.453634,5508,351608514.56
2026-04-21,DPZ,76.311864,1,115049444.54
2026-04-21,DP1,17.978854,7,5116365285.19
2026-04-21,DP2,62.410566,11,336873389.78
2026-04-21,DP3,65.148494,4,232458231.66
2026-04-21,DP4,67.897670,3,509197963.95
2026-04-21,DP5,78.616559,1,1702588902.94
2026-04-21,DP6,44.729055,215,1805770585.55
2026-04-21,DP7,56.596296,3,509467522.14
2026-04-21,DP8,45.148962,50,375326884.49
2026-04-21,DP9,45.115621,155,5702120254.85
2026-04-21,DRA,1.239644,16,50251173.09
2026-04-21,DRD,52.987584,153,1660974613.74
2026-04-21,DRH,1.023341,69,141885022.25
2026-04-21,DRS,70.266673,3,233443804.11
2026-04-21,DRT,1.083156,336,18949966.65
2026-04-21,DSC,62.305611,1,925868113.20
2026-04-21,DSD,67.794532,1672,5811432392.78
2026-04-21,DSH,2.037806,102,24921060.69
2026-04-21,DSP,13.625040,1092,142315750.41
2026-04-21,DSV,45.890057,49,916685595.86
2026-04-21,DTH,1.225711,124,171044759.89
2026-04-21,DTL,3.904305,3797,171670094.77
2026-04-21,DTM,1.380903,3149,68172210.81
2026-04-21,DTO,44.822726,161,111724006.57
2026-04-21,DTP,1.826422,4,1654684033.45
2026-04-21,DTV,63.607624,4,3837204226.88
2026-04-21,DTZ,4.462224,6167,268831827.31
2026-04-21,DUC,0.667232,12,231103.00
2026-04-21,DUD,48.687501,262,326956923.19
2026-04-21,DUH,1.230146,80,5279125.36
2026-04-21,DUT,45.199689,262,834933256.98
2026-04-21,DUV,1.242964,217,73718973.55
2026-04-21,DVC,63.570544,1,52445698.75
2026-04-21,DVI,72.563225,2,183069687.96
2026-04-21,DVN,60.678169,1,290620396.56
2026-04-21,DVO,4.709874,1,30178930.30
2026-04-21,DVS,1.382378,309,241585749.54
2026-04-21,DVT,7.991094,10762,707795458.79
2026-04-21,DVU,7.651116,5,1377389147.10
2026-04-21,DVZ,61.804858,1,1298616236.65
2026-04-21,DXP,1.830440,1189,54235382.12
2026-04-21,DYJ,44.964637,156,1059703865.94
2026-04-21,DYN,4.243112,1666,56449905.38
2026-04-21,DYS,1.482453,13,17212448.68
2026-04-21,DZE,1.016479,3039,259471466.44
2026-04-21,DZM,80.856489,4843,19879575581.82
2026-04-21,DZP,56.237105,2,442454981.66
2026-04-21,DZS,1.399755,156,62119305.95
2026-04-21,DZ2,1.446420,2,12505575000.93
2026-04-21,EBD,0.224468,389,40003967.68
2026-04-21,EBI,53.501981,29,588354387.00
2026-04-21,EBS,45.451154,29,3223731128.03
2026-04-21,ECA,1.709188,382,110037482.55
2026-04-21,ECB,47.048224,3215,861648933.28
2026-04-21,ECV,0.433213,2409,98144140.50
2026-04-21,EC2,88.556404,2621,91891332.26
2026-04-21,EDD,1.048972,13,10575198.41
2026-04-21,EDP,1.020687,26,51928624.78
2026-04-21,EDT,1.983778,618,954255642.17
2026-04-21,EDU,3.263328,666,437038716.71
2026-04-21,EES,55.103719,1,460745724.65
2026-04-21,EGP,53.800940,50,246093139.53
2026-04-21,EHS,2.841235,3,670358052.48
2026-04-21,EIB,0.578861,450,280962775.24
2026-04-21,EID,1.882307,2213,122907295.80
2026-04-21,EIL,4.618414,1923,1358776200.49
2026-04-21,EJG,9.542221,1,652871207.91
2026-04-21,EKF,0.124110,5427,1897271951.94
2026-04-21,EKL,1.606884,1441,22849778882.56
2026-04-21,ELZ,13.804173,787,567394219.54
2026-04-21,EME,1.246313,26,43068115.89
2026-04-21,EML,1.176065,756,42916518.78
2026-04-21,ENA,1.051438,16,10602773.58
2026-04-21,ENJ,1.348751,735,39401421.28
2026-04-21,ENO,44.911597,9,44950625.25
2026-04-21,ENR,1.057232,36,12851950.04
2026-04-21,ENS,1.069403,10,10731292.34
2026-04-21,EPA,1.209747,83,434679439.08
2026-04-21,EPI,1.176450,187,278206033.21
2026-04-21,EPK,1.483987,2119,294097372.17
2026-04-21,EPO,57.529001,1,425139031.24
2026-04-21,EPP,1.293816,40,1651578177.98
2026-04-21,EPT,1.171758,53,904951968.04
2026-04-21,ESG,4.264140,83,119071957.03
2026-04-21,ESN,1.635778,12,65067932.02
2026-04-21,ESP,0.525607,288,45241362.01
2026-04-21,EUN,59.969307,3598,6421983261.21
2026-04-21,EUZ,59.173983,39860,137464026269.63
2026-04-21,EVM,1.081866,584,44397247.39
2026-04-21,EYT,2.804328,632,93818061.72
2026-04-21,EZM,42.055340,1,4205533.98
2026-04-21,FAK,1.406339,462,36279882.13
2026-04-21,FAL,1.287881,959,365061231.23
2026-04-21,FBC,2.271695,5896,195135600.52
2026-04-21,FBI,49.073055,5431,19466243160.78
2026-04-21,FBN,10.572891,15,55667496.09
2026-04-21,FBV,7.298633,2330,739782600.56
2026-04-21,FBZ,4.043835,377,194109147.42
2026-04-21,FCK,1.950555,881,344924627.95
2026-04-21,FCS,2.030455,177,1494531575.60
2026-04-21,FDE,44.846222,901,4188188709.68
2026-04-21,FDG,2.660423,1524,314424973.22
2026-04-21,FDO,57.157963,1,270778019.23
2026-04-21,FDV,5.230429,1,1307607267.25
2026-04-21,FDY,44.969489,894,3884016967.02
2026-04-21,FDZ,0.298309,12,226457536.83
2026-04-21,FD1,1.820186,177,30733831.47
2026-04-21,FFD,0.044956,442,226009126.72
2026-04-21,FFF,62.404595,1,1049790565.96
2026-04-21,FFH,7.895628,1948,1196688429.38
2026-04-21,FFO,57.959949,7,104435366.47
2026-04-21,FFP,7.387657,2845,2573510631.93
2026-04-21,FHI,1.527685,11,239436707.15
2026-04-21,FHP,2.978783,49,11181116789.42
2026-04-21,FHZ,62.672831,3,726409885.85
2026-04-21,FIB,0.522026,13740,6348571169.99
2026-04-21,FID,1.013415,1819,979633410.59
2026-04-21,FIL,0.326738,19129,12600656796.98
2026-04-21,FIT,0.220996,611,221879987.45
2026-04-21,FI3,736.954355,9876,1850745623.06
2026-04-21,FI5,652.420632,51941,91837783442.17
2026-04-21,FJB,6.256738,825,389935340.12
2026-04-21,FJC,55.412777,88,1259863905.44
2026-04-21,FJM,53.466997,1745,8645175707.99
2026-04-21,FJN,53.273294,1261,5467587168.81
2026-04-21,FJZ,61.612617,892,1714808764.21
2026-04-21,FKE,55.958262,12703,49160060722.28
2026-04-21,FKH,45.360299,2137,12522617688.86
2026-04-21,FKV,44.997161,490,2224209661.90
2026-04-21,FLS,58.105049,2048,3048884970.44
2026-04-21,FLY,1.688203,1645,124556881.61
2026-04-21,FMG,3.901235,13011,15490290949.26
2026-04-21,FMS,53.608918,1,628388831.35
2026-04-21,FMV,1.250430,24,137484373.86
2026-04-21,FNE,2.733105,1,1065473.83
2026-04-21,FNN,0.000000,1,0.00
2026-04-21,FNO,0.191181,8711,16182225519.00
2026-04-21,FNT,2.007320,2157,595573408.21
2026-04-21,FPE,70.999096,1437,323945942.18
2026-04-21,FPG,2.553713,2585,1380208425.13
2026-04-21,FPH,34.260219,4861,1546409177.56
2026-04-21,FPI,2.327543,172,111757792.62
2026-04-21,FPK,0.087239,1187,290555897.17
2026-04-21,FPR,11.357958,21,175861324.51
2026-04-21,FPZ,63.961017,19497,132417506625.35
2026-04-21,FP4,1.274663,120,43949316.79
2026-04-21,FRA,32.921433,2,538141052.95
2026-04-21,FRC,1.715652,427,92675660.43
2026-04-21,FRZ,15.698924,2,281020826.95
2026-04-21,FR1,1.479378,21,563119858.54
2026-04-21,FSF,6.067200,7299,11002290195.63
2026-04-21,FSG,3.780792,855,1058531439.37
2026-04-21,FSH,4.008004,468,329904715.53
2026-04-21,FSK,5.384940,2611,9333142734.03
2026-04-21,FSM,7.411499,21,994612232.79
2026-04-21,FSP,37.160889,24,471720.33
2026-04-21,FSR,44.868487,2541,6804111951.41
2026-04-21,FSU,1.346771,7044,914738846.07
2026-04-21,FSV,52.849062,877,5377392044.36
2026-04-21,FS1,1.680657,297,205619576.60
2026-04-21,FS2,2.081149,28,16367074.71
2026-04-21,FS3,1.991565,22,1693392385.95
2026-04-21,FS4,10.088097,21,5178995913.09
2026-04-21,FS5,2.504976,9,22024403.51
2026-04-21,FS6,1.601410,418,128387157.40
2026-04-21,FTL,1.346457,218,341108629.76
2026-04-21,FTM,52.137918,14,1691556301.40
2026-04-21,FTY,44.814659,1253,7496147938.38
2026-04-21,FUA,5.374611,5068,339790468.21
2026-04-21,FUB,0.709737,2269,1431561468.52
2026-04-21,FUM,58.738625,2,422391328.71
2026-04-21,FUN,1.471753,11,18059272.30
2026-04-21,FUP,102.919529,2,451577133.85
2026-04-21,FVL,4.343814,55,1431211790.78
2026-04-21,FYA,0.054682,157,1810792025.40
2026-04-21,FYB,93.548467,9,191351049.62
2026-04-21,FYD,12.217408,5923,3899357471.88
2026-04-21,FYF,0.100154,11,35124934.14
2026-04-21,FYG,15.572381,2,89576164.59
2026-04-21,FYH,82.853220,26,971132118.63
2026-04-21,FYI,9.302529,190,41322010.94
2026-04-21,FYM,0.409729,15,321101547.96
2026-04-21,FYO,1.044141,1293,974997217.41
2026-04-21,FYT,0.324298,99205,3045137111.82
2026-04-21,FYZ,6.247467,2,271244254.76
2026-04-21,FZJ,5.236573,2349,1264918040.52
2026-04-21,FZP,6.020316,660,1061888773.63
2026-04-21,GAC,70.943307,1,392151689.02
2026-04-21,GAE,0.461629,15050,1586912911.71
2026-04-21,GAF,1.761151,1793,219314249.60
2026-04-21,GAG,16.725037,229,861268366.43
2026-04-21,GAH,11.555424,3086,435849994.96
2026-04-21,GAJ,59.167798,1,469500498.69
2026-04-21,GAL,361.726553,57064,61326566052.36
2026-04-21,GAN,9.451972,11,25454728.13
2026-04-21,GAS,0.295411,2329,3323145405.91
2026-04-21,GAU,61.195451,5,1981528762.48
2026-04-21,GAV,57.742671,1,227563867.55
2026-04-21,GA1,1.813678,1572,356286008.59
2026-04-21,GBC,0.275964,1628,292411250.00
2026-04-21,GBG,0.498773,3313,153001524.94
2026-04-21,GBH,4.258049,2727,2245863765.62
2026-04-21,GBJ,1.607411,2151,692669384.84
2026-04-21,GBL,0.765299,1770,3247941194.06
2026-04-21,GBN,6.046724,471,5632782227.30
2026-04-21,GBP,66.912297,2,3669843071.30
2026-04-21,GBV,11.329540,23010,2382955188.68
2026-04-21,GBZ,3.399604,3544,1578627662.86
2026-04-21,GCA,67.270327,2,779232353.04
2026-04-21,GCC,5.494053,2,1220011592.58
2026-04-21,GCD,3.389961,13,441976098.52
2026-04-21,GCI,59.951785,3,205388581.55
2026-04-21,GCZ,57.372539,1,11171293.92
2026-04-21,GDJ,56.944249,4,461329730.04
2026-04-21,GDP,61.803360,1,1436065966.27
2026-04-21,GEC,71.180439,3,399435012.27
2026-04-21,GEI,117.984020,11,4361630647.11
2026-04-21,GEZ,56.196451,1,372832880.39
2026-04-21,GFB,65.122618,4,397642419.34
2026-04-21,GFD,64.874791,2,115500352.55
2026-04-21,GFI,49.687093,3,1606758315.62
2026-04-21,GFL,10.566324,1,443499551.12
2026-04-21,GFN,74.223341,3,859019090.16
2026-04-21,GFY,64.499037,3,395955780.73
2026-04-21,GGA,62.484078,3,8146033758.77
2026-04-21,GGC,5.203876,5,182827768.75
2026-04-21,GGD,61.115559,2,5831790125.10
2026-04-21,GGK,14.321919,13371,2919851969.97
2026-04-21,GGM,7.430226,1,2543298978.98
2026-04-21,GGN,63.711715,4,443651811.04
2026-04-21,GGP,26.359619,1,182593.08
2026-04-21,GGR,63.192297,3,1508205622.44
2026-04-21,GHS,40.527773,14728,3360333041.92
2026-04-21,GID,1.674380,2294,56034920.72
2026-04-21,GIE,3.717934,5148,95438754.97
2026-04-21,GIH,2.459774,638,12957819.34
2026-04-21,GJA,61.195244,3,872849546.64
2026-04-21,GJB,10.147803,1071,78521315.51
2026-04-21,GJD,58.997539,3,383985425.36
2026-04-21,GJE,59.034897,2,136766912.94
2026-04-21,GJF,59.713291,2,227276489.63
2026-04-21,GJH,3.456791,26309,136266062626.20
2026-04-21,GJM,40.082282,69,458997647.25
2026-04-21,GJO,55.676708,1,544487527.48
2026-04-21,GKE,0.000000,0,0.01
2026-04-21,GKF,4.838150,801,45701807.05
2026-04-21,GKG,1.389449,1317,45887738.86
2026-04-21,GKH,3.946757,1883,5723625440.52
2026-04-21,GKK,61.119771,2,1871341117.28
2026-04-21,GKL,15.388873,4,865611886.81
2026-04-21,GKM,45.144384,14,122053258.57
2026-04-21,GKO,0.000000,0,0.01
2026-04-21,GKV,7.659249,3471,394972480.13
2026-04-21,GLC,4.293443,71,16589370.95
2026-04-21,GLG,8.321180,648,70237914.11
2026-04-21,GLM,0.515855,11,260027882.51
2026-04-21,GLP,62.875868,4,515709187.81
2026-04-21,GLS,0.150979,1406,553913788.75
2026-04-21,GLV,8.354181,22,20182121.87
2026-04-21,GL1,1456.122661,1001,1279031935.58
2026-04-21,GMA,1.938974,1550,2500472003.19
2026-04-21,GMC,9.284343,25095,5464799559.94
2026-04-21,GMD,2.561482,116,3099032.42
2026-04-21,GME,26.393186,2,372386192.23
2026-04-21,GMI,1.615808,6311,578675332.56
2026-04-21,GMM,44.874151,27,418204428.72
2026-04-21,GMN,1.200517,31,95493665.57
2026-04-21,GMO,3.051160,4,2442303781.00
2026-04-21,GMP,58.362970,1,1525292870.54
2026-04-21,GMR,1.383116,5145,210928971.26
2026-04-21,GMV,0.000000,0,0.01
2026-04-21,GMZ,13.093245,2,356432014.08
2026-04-21,GNH,1.490043,198,7619187.31
2026-04-21,GNK,64.168490,1,439911701.49
2026-04-21,GNL,56.225181,4,1672496053.68
2026-04-21,GNP,1.298852,6634,1531471782.02
2026-04-21,GNS,1.535845,1451,76056855.22
2026-04-21,GNZ,1.409466,465,1664095.43
2026-04-21,GOF,46.486387,129,66050508.12
2026-04-21,GOH,15.984787,9005,673723205.71
2026-04-21,GOL,2.894733,13692,5460377643.08
2026-04-21,GOP,1.063755,429,662094210.86
2026-04-21,GO1,4.316123,1100,158737955.95
2026-04-21,GO2,4.590072,593,35356741.42
2026-04-21,GO3,4.738971,601,47230439.09
2026-04-21,GO4,5.132744,972,65886570.10
2026-04-21,GO6,3.702666,4289,4805080296.37
2026-04-21,GO9,2.541917,1800,408194455.44
2026-04-21,GPA,21.629190,5659,762519533.74
2026-04-21,GPB,11.068375,9870,1219993044.54
2026-04-21,GPC,67.066828,3965,7424162277.38
2026-04-21,GPF,8.246501,2884,847430465.69
2026-04-21,GPG,14.591633,2737,868994328.49
2026-04-21,GPH,43.162426,1,2530915.17
2026-04-21,GPI,16.878964,3036,745913315.26
2026-04-21,GPJ,53.730244,2,880783659.22
2026-04-21,GPL,49.252038,39354,99449013471.49
2026-04-21,GPM,57.980295,2,1208139927.51
2026-04-21,GPN,1.221228,2058,1933480105.74
2026-04-21,GPT,2.340448,2667,85317013.66
2026-04-21,GPU,19.833640,2728,413120100.37
2026-04-21,GPV,63.312314,1,546401731.99
2026-04-21,GPZ,1.727158,216,8678874035.51
2026-04-21,GP1,3.772138,1,172454144.33
2026-04-21,GP3,58.347452,286,372763898.84
2026-04-21,GRL,1.732093,355,1025872241.20
2026-04-21,GRO,50.146203,27112,186595602348.57
2026-04-21,GRT,1.542566,1429,74522076.85
2026-04-21,GSE,59.787881,105,1451306084.86
2026-04-21,GSG,66.286288,1,82015759.01
2026-04-21,GSL,3.026502,1,292792995.98
2026-04-21,GSO,13.412790,5,307211817.04
2026-04-21,GSP,0.551071,13911,2630607546.17
2026-04-21,GSR,52.900910,2,245627389.29
2026-04-21,GSU,0.000000,0,0.01
2026-04-21,GTA,1.649788,81975,28760231340.91
2026-04-21,GTF,13.765308,576,206313421.98
2026-04-21,GTH,1.331554,391,10076777.93
2026-04-21,GTK,6.340567,1,25549104834.58
2026-04-21,GTL,0.118525,322273,139591528275.40
2026-04-21,GTM,7.895994,14418,1196988286.09
2026-04-21,GTN,48.675648,2,1363528292.05
2026-04-21,GTY,5.842471,668,483851469.49
2026-04-21,GTZ,13.672534,71266,16985019152.14
2026-04-21,GUA,5.457854,1,1865826171.91
2026-04-21,GUB,2.258992,3399,1972164462.01
2026-04-21,GUC,1.284158,1,2835237430.80
2026-04-21,GUH,0.356753,26511,2524141747.27
2026-04-21,GUK,1.644285,3421,1373309797.44
2026-04-21,GUM,14.516762,59042,8568915251.36
2026-04-21,GUV,1.645876,2123,677031699.00
2026-04-21,GVA,4.107425,3416,92264365.70
2026-04-21,GVB,63.254137,3,3320819395.96
2026-04-21,GVC,59.947691,1,284108173.16
2026-04-21,GVD,19.971848,1,441677.42
2026-04-21,GVI,5.518998,5424,1432920403.63
2026-04-21,GVL,61.850572,3,486894755.67
2026-04-21,GVZ,68.824965,2,380832894.04
2026-04-21,GYC,3.658599,1,15017415977.98
2026-04-21,GYG,66.997406,4,499002108.66
2026-04-21,GYK,0.101405,279,73307210.80
2026-04-21,GYL,12.843256,7723,1055925892.32
2026-04-21,GYN,62.985911,1,1298364164.69
2026-04-21,GYR,58.620687,5,563936286.03
2026-04-21,GZB,6.665962,1,1266532821.67
2026-04-21,GZD,57.512214,3,50420843.33
2026-04-21,GZE,7.163495,5343,1886958116.18
2026-04-21,GZG,5.932937,1622,432375812.64
2026-04-21,GZH,4.918464,6200,390789420.72
2026-04-21,GZJ,8.290299,6069,2020573321.49
2026-04-21,GZL,5.263807,6229,351442579.17
2026-04-21,GZM,8.120311,308,114728972.05
2026-04-21,GZN,45.279208,1414,429464641.21
2026-04-21,GZO,65.967849,1,108498508.06
2026-04-21,GZP,7.048489,9697,4266742001.19
2026-04-21,GZR,11.907173,2173,1089369218.59
2026-04-21,GZU,63.124117,2,431115559.45
2026-04-21,GZV,7.905540,1381,94026218.38
2026-04-21,GZY,7.425638,2343,66682531.18
2026-04-21,GZZ,6.689702,1304,62934593.56
2026-04-21,HAE,51.952549,1067,2337525302.89
2026-04-21,HAG,57.461216,47,407143513.81
2026-04-21,HAM,3.204089,9069,1889056548.41
2026-04-21,HAR,1.053975,64,41141771.09
2026-04-21,HAT,1.790509,121,8934358.61
2026-04-21,HBF,52.422603,12853,7415028560.31
2026-04-21,HBJ,2.429154,1,242915.40
2026-04-21,HBN,4.072197,1134,532866941.99
2026-04-21,HBU,1.470597,2814,514976033.46
2026-04-21,HBV,15.574154,18,896275888.39
2026-04-21,HB1,46.788424,334,21170044505.74
2026-04-21,HB2,54.398368,189,10809561613.99
2026-04-21,HCV,1.056563,203,52464409.43
2026-04-21,HDA,2.818004,799,414866579.09
2026-04-21,HDE,54.272780,4375,7957872723.39
2026-04-21,HDH,8314.358927,18,30835762269.13
2026-04-21,HDJ,5.733619,11,14217115.40
2026-04-21,HDK,2.789968,153,12537470.48
2026-04-21,HDS,15.281614,13,1534555243.27
2026-04-21,HDV,61.581455,2202,4280794646.28
2026-04-21,HEH,2.887926,1917,747630198.44
2026-04-21,HFA,2.938262,2,4154205322.20
2026-04-21,HFI,1.636058,155,45700272.18
2026-04-21,HFR,1.519898,786,94733592.35
2026-04-21,HFV,59.356423,3369,9030353020.88
2026-04-21,HFY,1.156879,29,802626949.44
2026-04-21,HGC,49.226085,192,308896290.23
2026-04-21,HGH,1.765138,21,78346451.95
2026-04-21,HGJ,13.420289,11,5997916.51
2026-04-21,HGM,3.961789,2015,150826795.95
2026-04-21,HGR,1.171371,384,60701757.06
2026-04-21,HGT,88.395321,14,3620968808.38
2026-04-21,HGU,4.408869,2,2473457599.85
2026-04-21,HGV,5.297746,563,64818745.37
2026-04-21,HIA,1.372906,360,384776431.25
2026-04-21,HIF,0.651541,12,960007.21
2026-04-21,HIH,1.439978,6316,392423256.51
2026-04-21,HII,3.084737,1,1016011185.15
2026-04-21,HIM,3.556333,302,412202404.80
2026-04-21,HIP,1.902532,882,1801087517.55
2026-04-21,HIS,3.505620,12,1427632.00
2026-04-21,HIZ,1.923994,1089,160520425.71
2026-04-21,HJA,27.862792,13,3232635812.11
2026-04-21,HJB,4.350755,1805,138958994.81
2026-04-21,HKG,1.421986,997,39301164.54
2026-04-21,HKH,8.560361,16145,1797875374.60
2026-04-21,HKJ,1.214209,2739,12514965662.98
2026-04-21,HKM,4.938492,1505,157546883.54
2026-04-21,HKP,5.306251,128,427815143.65
2026-04-21,HKR,3.997236,1871,1655265698.66
2026-04-21,HKV,521.621626,37818,3863350405.39
2026-04-21,HLA,2.199802,11,49105071.56
2026-04-21,HLL,0.335494,1039284,44117598545.87
2026-04-21,HLR,237.168870,14,5599397412.05
2026-04-21,HMC,7.631769,122,6971918.76
2026-04-21,HME,50.396688,8278,24652648979.00
2026-04-21,HMG,0.060438,4761,1853777908.60
2026-04-21,HMK,299.636128,113,288434231.11
2026-04-21,HML,45.772936,46,20328905.26
2026-04-21,HMS,0.105884,4542,447049712.25
2026-04-21,HMT,6.801922,22,568850569.96
2026-04-21,HMV,18.537498,13,15155272701.41
2026-04-21,HNC,1.375223,109,13944327.14
2026-04-21,HNS,46.605996,109,479883347.31
2026-04-21,HOA,0.214774,3346,1390768946.33
2026-04-21,HOY,0.327604,2614,1220927373.77
2026-04-21,HPC,12.139139,7,35060785786.80
2026-04-21,HPD,0.214400,1571,353049745.39
2026-04-21,HPF,40.607722,12,1752187485.33
2026-04-21,HPH,2.099518,10707,11504453101.87
2026-04-21,HPI,7.777844,14,267667351.45
2026-04-21,HPJ,3.750189,1,73575176.01
2026-04-21,HPL,2.811248,24,1275104932.61
2026-04-21,HPO,0.152680,3028,1254466047.71
2026-04-21,HPT,0.100486,10410,2485594285.01
2026-04-21,HPV,6.877519,342187,7800207747.38
2026-04-21,HPZ,595.648833,16,1204997.59
2026-04-21,HP3,53.892468,122,298119766.81
2026-04-21,HRZ,2.255193,5669,340650610.24
2026-04-21,HSA,1551.420592,2739,4154769504.98
2026-04-21,HSL,362.767905,24323,21834042855.81
2026-04-21,HSP,45.062896,1074,1939081932.76
2026-04-21,HST,0.930813,3912,465620995.62
2026-04-21,HTF,1.270976,517,4745959023.61
2026-04-21,HTJ,1.617698,144,8316396.08
2026-04-21,HTS,51.406094,1793,3111979461.28
2026-04-21,HTZ,15.792225,13,747325557.97
2026-04-21,HUI,87.932331,1,2075172769.17
2026-04-21,HUS,0.003638,12,2070169.11
2026-04-21,HVA,527.417975,17,145912819.96
2026-04-21,HVB,1.725245,13,1501293944.22
2026-04-21,HVC,26.839876,17,73211961.80
2026-04-21,HVI,1.278280,493,50804350.53
2026-04-21,HVK,5.038776,2167,1144493489.22
2026-04-21,HVL,20.400938,11,2864291.66
2026-04-21,HVN,5.380135,12,6106297.30
2026-04-21,HVS,1.597300,10941,2946733620.80
2026-04-21,HVT,4.126163,2128,836539365.48
2026-04-21,HVU,5.385585,907,22078168.36
2026-04-21,HVV,64.630174,1,3277129927.21
2026-04-21,HVZ,6.976967,2085,106605578.54
2026-04-21,HYK,10.190753,24,197237945.12
2026-04-21,HYP,9.058142,60,49384799.74
2026-04-21,HYU,1.584148,298,1032917848.64
2026-04-21,HYV,5.570863,7744,7687877054.65
2026-04-21,HYY,12.879646,1,6355946578.73
2026-04-21,HZV,5.785457,3,947626045.63
2026-04-21,IAC,4.062080,1,2816723378.67
2026-04-21,IAE,1.984943,503,243680461.49
2026-04-21,IAF,0.863513,11,54874382.55
2026-04-21,IAI,6.682917,1,76154042.39
2026-04-21,IAM,1.594936,3150,93683404.58
2026-04-21,IAR,72.953378,29,165945152.43
2026-04-21,IAS,2.166650,17,3506379495.60
2026-04-21,IAT,0.176379,8427,1600797353.95
2026-04-21,IAU,2.371036,301,42869048.73
2026-04-21,IAY,1.553454,225,50267641.63
2026-04-21,IBB,14.069803,8799,1308224861.18
2026-04-21,IBC,17.250279,5,369654385.28
2026-04-21,IBE,23.321179,12,772579248.58
2026-04-21,IBG,1.451211,11,484333035.68
2026-04-21,IBJ,60.724933,23,737710346.60
2026-04-21,IBK,0.120307,122733,209527722.51
2026-04-21,IBM,3.554715,17,245149469.25
2026-04-21,IBP,64.335632,4,4377465023.88
2026-04-21,IBR,0.265218,71,1515174642.25
2026-04-21,ICA,0.570816,3472,739354627.60
2026-04-21,ICC,1.269332,288,30772272.62
2026-04-21,ICD,121.316573,212,41302591.28
2026-04-21,ICE,112.487983,5630,1962506975.50
2026-04-21,ICF,187.839493,556,20059567.33
2026-04-21,ICG,65.636328,1,839694405.31
2026-04-21,ICH,2.020653,1480,148526713.81
2026-04-21,ICN,3.716235,16,164238954.69
2026-04-21,ICS,47.631632,71,44353003.69
2026-04-21,ICV,5.531809,48,6689257.11
2026-04-21,ICZ,7.910018,22237,947839289.61
2026-04-21,IDD,0.150385,25,31487758.76
2026-04-21,IDF,71.650431,4580,13352688021.60
2026-04-21,IDH,12.612888,22553,1071017421.91
2026-04-21,IDI,1.491464,368,19401322.15
2026-04-21,IDL,5.300708,3722,3016071506.01
2026-04-21,IDO,54.895541,14967,74688287560.10
2026-04-21,IDP,1.950438,30,196616644.52
2026-04-21,IDV,66.182025,2,519965434.23
2026-04-21,IDY,0.215215,3166,650550879.71
2026-04-21,IEN,1.272636,136,52208060.11
2026-04-21,IEV,4.846815,3118,56206194.37
2026-04-21,IEZ,6.255822,3,125772819.91
2026-04-21,IFD,56.110214,9,1122204285.75
2026-04-21,IFN,9.729342,482,5262571.83
2026-04-21,IFV,4.126421,213,11219447.03
2026-04-21,IFY,6.789373,1,135787460.31
2026-04-21,IGF,63.066427,2,1332732724.10
2026-04-21,IGL,509.342439,17819,4860865761.29
2026-04-21,IGM,61.698834,3,1178422870.99
2026-04-21,IGZ,10.545490,3,2121104616.11
2026-04-21,IHA,3.238808,392,11458985.94
2026-04-21,IHC,6.727905,280,267077668.13
2026-04-21,IHK,17.609115,33340,2097785011.68
2026-04-21,IHP,1.761092,342,170607127.52
2026-04-21,IHT,3.824012,3727,89503844.49
2026-04-21,IHV,1.914874,35,334410926.00
2026-04-21,IHY,6.857923,1,138560286.43
2026-04-21,IHZ,1.090272,57,1624219.20
2026-04-21,IIA,7.073347,11,2707897979.83
2026-04-21,IIC,3.276838,12,184260743.24
2026-04-21,IIE,8.635704,5451,1178255265.56
2026-04-21,IIF,1.301670,14,433472882.16
2026-04-21,IIH,33.733973,24647,2364959317.16
2026-04-21,IIN,1.226902,90,2317324554.37
2026-04-21,IIP,0.333061,16,40122207.47
2026-04-21,IIS,99.430525,202,3678229640.75
2026-04-21,IJA,13.333816,1352,214876054.80
2026-04-21,IJB,5.994459,7400,202063157.30
2026-04-21,IJC,13.176939,21050,1880279946.36
2026-04-21,IJE,63.244043,4,33877999.77
2026-04-21,IJF,9.817876,2,901101667.58
2026-04-21,IJH,6.675664,476,51907679.17
2026-04-21,IJI,9.299202,26,64416877.55
2026-04-21,IJK,59.657044,3,273888472.09
2026-04-21,IJL,50.737700,12,335741049.70
2026-04-21,IJP,7.776425,13028,557726552.64
2026-04-21,IJT,6.465556,1494,422173623.80
2026-04-21,IJV,4.947252,3149,3557152964.51
2026-04-21,IJZ,10.453167,11503,517646522.87
2026-04-21,IKL,8.879848,5421,209994206.28
2026-04-21,IKP,8.518957,13016,912702805.06
2026-04-21,IKV,1.351571,1095,176510624.73
2026-04-21,IK2,44.579993,96,199696345.56
2026-04-21,ILC,47.381370,223,1325630579.49
2026-04-21,ILE,4.546502,1,10121300481.47
2026-04-21,ILH,3.506725,11094,121997505940.25
2026-04-21,ILI,5.135921,15,448806620.83
2026-04-21,ILM,7.086686,13,308628295.47
2026-04-21,ILP,58.059841,6,2911071937.07
2026-04-21,ILU,1.056638,1,1674309642.63
2026-04-21,ILZ,7.545431,7387,1063180843.82
2026-04-21,IMB,1.269148,236,36331189.68
2026-04-21,IMF,5.343927,19,365416581.62
2026-04-21,IMG,46.207501,144,923001028.18
2026-04-21,IMH,6.224973,1,2196215659.47
2026-04-21,IML,1.717404,6500,1121000253.48
2026-04-21,IMO,5.253901,2,4512038893.93
2026-04-21,IMS,14.687322,4,545979903.54
2026-04-21,IMT,65.431815,4,661350694.07
2026-04-21,IMY,69.161647,6,1484834656.72
2026-04-21,IMZ,68.855109,4,285579800.24
2026-04-21,INH,13.911052,507,369797977.39
2026-04-21,INV,42.316430,1,1803311594.84
2026-04-21,INZ,3.043859,14,6088823.26
2026-04-21,IOG,15.734597,23584,18014001018.31
2026-04-21,IOH,48.865922,30,125127012.42
2026-04-21,IOJ,48.024631,40,172233374.63
2026-04-21,IOL,62.289371,1,891062658.27
2026-04-21,IOM,3.962841,15,597599118.75
2026-04-21,ION,0.000000,15,0.00
2026-04-21,IOO,4.045796,6554,26070179335.56
2026-04-21,IOP,5.545811,7424,7237549445.31
2026-04-21,IOT,54.418994,6,245023698.23
2026-04-21,IOV,53.538146,1,530425385.10
2026-04-21,IPA,0.805000,16,829530106.67
2026-04-21,IPB,0.851394,17437,1266976617.96
2026-04-21,IPC,23.421134,1,13467152.23
2026-04-21,IPE,9.130001,3,3803702547.54
2026-04-21,IPF,0.113293,23,142805083.73
2026-04-21,IPG,9.070021,1950,351719994.21
2026-04-21,IPJ,18.880702,17463,1203367884.17
2026-04-21,IPK,48.550258,1,2903209777.97
2026-04-21,IPO,42.473113,1,510801149.95
2026-04-21,IPP,0.167065,185,6386050293.87
2026-04-21,IPR,31.554214,1,19405841.69
2026-04-21,IPU,43.357650,1,5058260504.14
2026-04-21,IPV,72.869582,12346,1981664315.90
2026-04-21,IRB,1.155382,836,820918916.98
2026-04-21,IRE,44.705666,65,112984093.33
2026-04-21,IRF,6.298334,1618,349159596.29
2026-04-21,IRL,16.391783,15,248592837.11
2026-04-21,IRO,1.795869,47,23996854.34
2026-04-21,IRT,6.495662,1497,110256149.90
2026-04-21,IRV,6.252898,40,293922186.68
2026-04-21,IRY,3.498737,2422,2321491760.03
2026-04-21,ISR,18.239813,8,945782255.96
2026-04-21,ISS,0.273538,7,212186909.08
2026-04-21,IST,0.170559,3220,2191938364.76
2026-04-21,ITA,67.910990,1,762051829.28
2026-04-21,ITC,1.263199,348,25659633.98
2026-04-21,ITD,63.612158,1,2353667140.82
2026-04-21,ITJ,10.659767,11,421617838.22
2026-04-21,ITL,3.968471,1,4072714831.80
2026-04-21,ITP,10.920899,10599,1011033965.99
2026-04-21,ITR,3.904989,1,1024544453.19
2026-04-21,ITV,44.986204,25,164072516.30
2026-04-21,ITZ,56.000419,3,1740740922.60
2026-04-21,IUA,63.510153,57,433807432.14
2026-04-21,IUB,66.645866,3,320880516.91
2026-04-21,IUC,1.924280,1,933956521.80
2026-04-21,IUF,64.293617,8247,23184595142.99
2026-04-21,IUH,5.200301,638,8338109.01
2026-04-21,IUM,62.299661,1,378505202.19
2026-04-21,IUN,70.967845,4,278329928.37
2026-04-21,IUV,62.689960,7044,22965216314.88
2026-04-21,IUZ,4.181703,1150,1249921679.41
2026-04-21,IVA,2.548352,3,127417620.65
2026-04-21,IVF,6.294188,1309,174188454.01
2026-04-21,IVS,5.452576,30,452851847.18
2026-04-21,IVY,5.175283,14993,794583028.84
2026-04-21,IV2,17.330272,14,1061288364.16
2026-04-21,IV6,60.380652,1,1510608597.95
2026-04-21,IV7,4.465882,1,488141828.74
2026-04-21,IV8,2.055296,132,29413491.77
2026-04-21,IYB,5.781087,498,111708459.09
2026-04-21,IYP,3.186078,2,2442552844.42
2026-04-21,IYR,0.129424,32,215095967.76
2026-04-21,IYS,1.312148,16,5735441235.91
2026-04-21,IYV,1.160901,74,220488008.68
2026-04-21,IZA,2.009653,1,500131639.75
2026-04-21,IZB,8.976965,32,55119264.51
2026-04-21,IZE,60.630842,1,253043605.34
2026-04-21,IZL,48.553675,21,88867456.66
2026-04-21,IZS,8.637528,14,57565400.93
2026-04-21,IZV,9.113712,2,99792013.89
2026-04-21,IZY,44.908726,32,50582988.61
2026-04-21,JET,2.278390,20087,914574026.99
2026-04-21,JOT,54.199130,1,1068243652.29
2026-04-21,JUP,0.501662,58,53581811.42
2026-04-21,KAC,3.444176,2074,17212726554.38
2026-04-21,KAN,6999.052676,36,4794813020.85
2026-04-21,KAV,54.506535,5913,19337822642.19
2026-04-21,KBJ,4.125672,119,773734578.73
2026-04-21,KBP,1.576295,6,372513515.65
2026-04-21,KBZ,48.574682,1,150313966.07
2026-04-21,KCL,1.709296,204,15571737.67
2026-04-21,KCV,4.656609,11580,2020636291.14
2026-04-21,KDE,1.556487,1891,484217756.92
2026-04-21,KDI,52.860637,10,351739650.79
2026-04-21,KDK,14.491968,1,724598.40
2026-04-21,KDL,48.901450,7309,25567091905.73
2026-04-21,KDO,53.280079,416,1659444563.81
2026-04-21,KDS,50.543090,1374,32956343720.97
2026-04-21,KDT,50.476281,1140,3188562554.33
2026-04-21,KDV,45.081464,159,11360023383.33
2026-04-21,KDZ,45.713552,821,5926619662.65
2026-04-21,KEI,1.702287,1,305761918.17
2026-04-21,KEO,1.599507,1,63088416.58
2026-04-21,KEU,50.094458,33,4194878883.98
2026-04-21,KFZ,3.934386,1,325011436.82
2026-04-21,KGM,3.368002,31064,4006977938.15
2026-04-21,KHA,3.409143,16816,1606091730.49
2026-04-21,KHB,1.529581,217,17881000.73
2026-04-21,KHC,2.130805,1631,116622849.75
2026-04-21,KHD,1.310757,14,657662581.90
2026-04-21,KHF,0.150848,13,1130495.55
2026-04-21,KHJ,1.197251,498,15494414.20
2026-04-21,KHP,1.009645,184,3572678875.54
2026-04-21,KHT,2.839360,363,27357928.06
2026-04-21,KHU,35.509801,1,3391825.14
2026-04-21,KH1,1.265282,808,81004946.75
2026-04-21,KIA,4.484032,427,9399957.48
2026-04-21,KIB,3.936632,1009,11689793.26
2026-04-21,KIE,4.044637,928,196822678.18
2026-04-21,KIH,1.368510,32,53112827.83
2026-04-21,KIK,1.336554,1125,158434288.06
2026-04-21,KIS,0.207961,834,92594880.82
2026-04-21,KJK,0.002136,1,275875.63
2026-04-21,KKB,59.693708,1,14627405.81
2026-04-21,KKC,54.297849,57,224767899.76
2026-04-21,KKE,48.179198,2,83194875.22
2026-04-21,KKH,6.350458,5547,540290012.86
2026-04-21,KKL,2.149251,1273,2785734699.16
2026-04-21,KKO,45.535175,263,2121864313.92
2026-04-21,KKP,46.205891,319,3753948900.36
2026-04-21,KKT,2.740430,38,2034437638.75
2026-04-21,KLH,2.518623,2444,121032828.67
2026-04-21,KLI,1.149619,94,478881965.89
2026-04-21,KLL,54.230299,1,10649203.77
2026-04-21,KLM,62.078756,1,923550375.32
2026-04-21,KLS,41.122606,2,1010300.19
2026-04-21,KLU,4.258184,87129,63588029188.81
2026-04-21,KMA,158.419769,1,11852650.24
2026-04-21,KME,1.474326,1038,175503650.28
2026-04-21,KMF,3.541403,2702,2239157825.51
2026-04-21,KMN,1.028668,4979,627125956.29
2026-04-21,KMT,3.580373,1,88740864.41
2026-04-21,KNC,62.555821,16,344109999.17
2026-04-21,KNI,1.214382,381,7963080559.02
2026-04-21,KNJ,1.831941,12795,894746623.93
2026-04-21,KNN,1.321022,18,567208200.41
2026-04-21,KNP,76.867898,2,224096057.46
2026-04-21,KNS,3.923709,1,4422772142.54
2026-04-21,KNT,56.081615,4,160737872.14
2026-04-21,KNV,66.254875,5,297506916.21
2026-04-21,KNZ,66.126143,1,974488478.07
2026-04-21,KOB,1.242538,16,307437694.43
2026-04-21,KOP,7.406601,14,15190938.80
2026-04-21,KOT,1.426756,4651,238419329.60
2026-04-21,KOZ,60.099542,4,67217551.76
2026-04-21,KO4,52.830889,882,4457870442.68
2026-04-21,KPA,1.497401,11804,334328654.55
2026-04-21,KPB,6.308461,1,5055777.09
2026-04-21,KPC,19.500744,20326,3516206478.33
2026-04-21,KPD,46.157767,570,246327798.85
2026-04-21,KPF,1.547009,201,93363780.53
2026-04-21,KPH,1.376424,13297,689241564.66
2026-04-21,KPI,1.295145,3742,3134165692.99
2026-04-21,KPK,9.430905,1,436204559.54
2026-04-21,KPP,2.775334,767,703994116.81
2026-04-21,KPR,1.647906,1209,50026949387.50
2026-04-21,KPU,3.734183,6091,563239151.12
2026-04-21,KP3,50.774765,15,14575759.54
2026-04-21,KRC,0.132850,155,28010432.02
2026-04-21,KRF,19.421930,730,128541731.90
2026-04-21,KRH,1.378364,42,1796187081.76
2026-04-21,KRO,45.020921,60,288115974.01
2026-04-21,KRR,1.112134,520,20379677.43
2026-04-21,KRS,0.487402,1409,1655848464.41
2026-04-21,KRT,69.052397,176,790510395.11
2026-04-21,KRV,44.950370,1049,5338755497.70
2026-04-21,KSA,3.581758,2768,11301485984.16
2026-04-21,KSC,45.946473,1,45154126.15
2026-04-21,KSK,2.568996,615,5892945257.36
2026-04-21,KSL,53.466105,119,262949992.88
2026-04-21,KSM,47.840149,756,15469497404.28
2026-04-21,KSP,60.557487,280,1158464723.36
2026-04-21,KSR,4.666071,3711,164536708.47
2026-04-21,KST,1.996072,540,13729254.60
2026-04-21,KSV,5.082762,11227,30533764336.82
2026-04-21,KSY,9.663672,83,3087352570.36
2026-04-21,KTE,41.445469,1,100049611.68
2026-04-21,KTI,1.910849,546,220642763.89
2026-04-21,KTJ,2.084297,12155,688928600.35
2026-04-21,KTM,20.130839,5818,699764153.17
2026-04-21,KTN,7.367564,3901,474003431.89
2026-04-21,KTR,9.399274,719,21868775063.96
2026-04-21,KTS,13.481545,708,100714528.89
2026-04-21,KTT,65.594893,1402,5340332229.94
2026-04-21,KTU,26.500317,1,696589554.84
2026-04-21,KTV,6.824290,45570,26764122746.96
2026-04-21,KUA,1.416966,2195,160777073.94
2026-04-21,KUB,0.693320,4140,325925699.48
2026-04-21,KUD,1.518375,918,57179949.77
2026-04-21,KUP,46.802867,132,1643743311.87
2026-04-21,KUT,12.936704,46758,10079496371.77
2026-04-21,KVA,1.553032,1,570072797.28
2026-04-21,KVK,1.144054,151,487149215.42
2026-04-21,KVR,1.137916,42,139126121.64
2026-04-21,KVS,3.325683,2385,16939553245.81
2026-04-21,KVT,1.385271,2962,126627884.85
2026-04-21,KYA,1.309689,1948,84975820.93
2026-04-21,KYR,0.835348,11,532070046.74
2026-04-21,KYS,50.411854,4,10329388.86
2026-04-21,KZL,28.873370,69468,88081027991.12
2026-04-21,KZO,2.005236,3,1090676009.61
2026-04-21,KZU,2.438596,6572,517628596.99
2026-04-21,LAI,1.939325,11,100251.47
2026-04-21,LET,51.980366,2,704975911.72
2026-04-21,LFD,8.337120,1,2372975891.92
2026-04-21,LGK,1.258937,1,1467975047.83
2026-04-21,LGO,6.064420,12,331261124.39
2026-04-21,LHM,76.947991,4,725345696.94
2026-04-21,LHP,53.261241,105,92572458.01
2026-04-21,LKT,1.657676,378,160763543.59
2026-04-21,LLA,1.400347,1035,54820905.07
2026-04-21,LPH,1.257513,855,674726545.93
2026-04-21,LRT,3.250397,11,753055964.22
2026-04-21,LTC,1.438625,397,226791307.26
2026-04-21,LTS,4.212447,14,1386922066.29
2026-04-21,LZV,10.209469,2,116113058.09
2026-04-21,MAC,0.777933,38882,4922386736.32
2026-04-21,MAD,1.038945,399,24141223.40
2026-04-21,MAS,12.723351,89,883773732.17
2026-04-21,MAV,55.391023,1,875101443.43
2026-04-21,MBL,0.253987,223,21257166.23
2026-04-21,MBR,1.509207,228,125515087.71
2026-04-21,MCU,1.236642,169,25099271.43
2026-04-21,MDF,1.289193,1420,851096757.95
2026-04-21,MD1,2.001726,604,64135715.29
2026-04-21,MD2,1.896238,718,175098258.87
2026-04-21,MET,5.358711,6881,708456317.62
2026-04-21,MGB,1.388839,562,72104524.25
2026-04-21,MGD,0.904583,1,607970968.35
2026-04-21,MGE,9.555386,69,5445690810.11
2026-04-21,MGH,2.034235,871,641929970.63
2026-04-21,MHF,1.946289,1337,66635340.29
2026-04-21,MIK,2.662540,14,852095.33
2026-04-21,MJB,7.317988,833,64713893.18
2026-04-21,MJE,54.649988,943,6561305306.08
2026-04-21,MJG,12.504570,8704,1246272680.54
2026-04-21,MJH,4.608477,18,42463883.76
2026-04-21,MJK,36.582671,491,2319431377.89
2026-04-21,MJL,57.778440,633,901528440.49
2026-04-21,MKA,1.336552,1880,103753771.95
2026-04-21,MKG,18.013619,9343,1730806891.82
2026-04-21,MKL,58.258817,1,751865974.24
2026-04-21,MLS,16.488973,4,1232745854.01
2026-04-21,MLT,1.366611,148,47796310.82
2026-04-21,MMH,16.900519,1591,182224538.52
2026-04-21,MOD,56.312276,2,702736991.91
2026-04-21,MOZ,1.172722,140,270925368.28
2026-04-21,MPD,56.262237,787,3968278259.66
2026-04-21,MPE,1.272077,86,86362438.17
2026-04-21,MPF,7.357119,1950,1415626156.55
2026-04-21,MPI,2.734181,22,79846629.12
2026-04-21,MPK,8.748030,1486,282721672.49
2026-04-21,MPL,1.811679,1434,2101069008.03
2026-04-21,MPN,57.602582,327,370582178.38
2026-04-21,MPP,22.450680,1807,628363055.38
2026-04-21,MPS,24.114147,2671,164964547.78
2026-04-21,MP2,1.985495,13,5264149222.62
2026-04-21,MP4,2.769133,15,5434900501.16
2026-04-21,MRI,1.304832,143,15463664.53
2026-04-21,MSK,3.479223,1,1043485905.50
2026-04-21,MSO,54.520911,1,531326991.22
2026-04-21,MSR,2.062707,16,37980907.55
2026-04-21,MTD,1.356637,1972,188807105.51
2026-04-21,MTE,5.159185,17,632108610.71
2026-04-21,MTF,1.273245,40,63139549.01
2026-04-21,MTG,1.456313,145,37797140.12
2026-04-21,MTH,1.925711,4993,775121682.05
2026-04-21,MTI,0.017197,2,2056722.74
2026-04-21,MTK,1.516348,518,56379733.80
2026-04-21,MTL,3.033558,14,7945271012.40
2026-04-21,MTS,2.699648,760,94609578.67
2026-04-21,MTU,1.226398,18,1211779.57
2026-04-21,MTV,4.847547,12950,127605885.44
2026-04-21,MTX,4.659826,2264,102790966.74
2026-04-21,MT1,42.558707,21,34253162.14
2026-04-21,MT2,1.214102,4771,10191053422.03
2026-04-21,MT5,1.377508,18,509338495.34
2026-04-21,MT6,1.944892,13,932979933.02
2026-04-21,MT7,0.776191,15,101304537.57
2026-04-21,MT8,1.897749,16,2883259467.70
2026-04-21,MT9,0.826140,17,9259951100.47
2026-04-21,MUL,1.804963,13,9319311.66
2026-04-21,MUT,1.749067,1805,940751349.00
2026-04-21,NAK,1.104879,189,143129238.49
2026-04-21,NAL,1.825233,22,1381221567.84
2026-04-21,NAU,3.239304,12613,3275561716.53
2026-04-21,NBE,1.582944,11,998968391.41
2026-04-21,NBH,5.842025,146,1073485229.28
2026-04-21,NBO,1.322933,405,1356415859.76
2026-04-21,NBZ,67.032735,288,1379820723.19
2026-04-21,NCS,53.159438,1853,7767501747.12
2026-04-21,NCU,56.342613,12,136449694.88
2026-04-21,NDL,2.090279,1,11787320.89
2026-04-21,NDS,0.865012,12,520692105.03
2026-04-21,NES,2.036056,2,2034028810.68
2026-04-21,NFF,1.203922,49,1798928877.92
2026-04-21,NFH,2.085139,51,139201536.41
2026-04-21,NFK,4.678219,98,1539041070.36
2026-04-21,NHP,5.302654,171,11914125.37
2026-04-21,NHT,59.550560,2,590454278.58
2026-04-21,NHV,4.084218,2,7527029958.30
2026-04-21,NHY,5.571788,2514,171488138.63
2026-04-21,NIG,1.031328,12,260742716.74
2026-04-21,NIS,1.511463,26,1016450712.07
2026-04-21,NJF,12.654944,1764,1333007306.14
2026-04-21,NJG,2.691448,15,65967941.76
2026-04-21,NJR,5.056873,2851,1258688748.76
2026-04-21,NJY,6.617546,1358,293239194.87
2026-04-21,NKA,45.998629,15,156737569.29
2026-04-21,NKC,1.271170,1311,540030625.63
2026-04-21,NKH,1.533210,12,142379916.48
2026-04-21,NKJ,15.054302,1,1545150109.85
2026-04-21,NKK,7.835675,11,1495873310.54
2026-04-21,NKL,3.108127,2536,13837492120.45
2026-04-21,NKM,1.004188,569,52125150.66
2026-04-21,NKP,1.174707,3164,157473460.67
2026-04-21,NKS,1.743425,11,23536412.86
2026-04-21,NKT,1.348240,425,56023175.45
2026-04-21,NKV,2.027594,1,13144316488.12
2026-04-21,NLC,47.283209,60,565246554.43
2026-04-21,NLD,50.508502,1,1323415338.59
2026-04-21,NLE,1.437882,11646,417030388.50
2026-04-21,NLK,1.647185,1159,5219163268.91
2026-04-21,NLL,3.781656,22,1531806009.92
2026-04-21,NME,54.577823,63,71671815.95
2026-04-21,NMG,119.341021,11,2694921342.51
2026-04-21,NMU,1.098108,50,27902831.95
2026-04-21,NNF,22.627720,22482,3180752584.74
2026-04-21,NOA,1.454311,11,553544360.31
2026-04-21,NOI,1.290245,13,886203574.87
2026-04-21,NOV,60.366061,1,896480007.76
2026-04-21,NPH,1.740150,1008,294112093.03
2026-04-21,NPK,1.474229,1,874264436.86
2026-04-21,NP1,5.080128,166,1540928573.57
2026-04-21,NRC,11.509244,4199,247543617.94
2026-04-21,NRG,4.895648,3827,6562584242.03
2026-04-21,NRM,136.743678,12,354221232.96
2026-04-21,NSA,2.236305,306,1446840874.35
2026-04-21,NSD,59.795917,138,13429645008.44
2026-04-21,NSH,1.930360,1483,1404900516.73
2026-04-21,NSK,5.921942,103,332336159.67
2026-04-21,NSP,1.619536,2681,1587931466.88
2026-04-21,NSS,59.102846,1,1023648587.33
2026-04-21,NST,1.224316,4416,85641485.41
2026-04-21,NSY,1.301800,75,1107431507.65
2026-04-21,NTB,5.802583,1,3197015805.30
2026-04-21,NTD,0.433844,1,588042434.64
2026-04-21,NTF,2.781497,10,228262858.45
2026-04-21,NTI,1.300777,567,135448468.15
2026-04-21,NTO,60.610292,1,3281711910.03
2026-04-21,NTS,2.711542,33,199748342.80
2026-04-21,NUB,56.409788,878,1969503817.43
2026-04-21,NUG,45.706066,11,3046608587.05
2026-04-21,NUH,1.244169,870,91251063.40
2026-04-21,NVB,4.242177,5281,5828574037.39
2026-04-21,NVC,4.522528,102,11507847.99
2026-04-21,NVK,43.357694,18,38719634.57
2026-04-21,NVP,63.374273,1,56789305.81
2026-04-21,NVT,4.109294,75,648091419.08
2026-04-21,NVZ,54.506450,311,677104516.89
2026-04-21,NYH,57.527569,1,988889353.40
2026-04-21,NZH,3.226821,285,219830757.31
2026-04-21,NZT,5.333297,464,6306377463.34
2026-04-21,NZU,47.225857,39,51984192.63
2026-04-21,OAB,71.546597,3,628439118.32
2026-04-21,OBI,2.824711,513,295302403.69
2026-04-21,OBN,54.312665,137,156948993.00
2026-04-21,OBP,0.190824,861,35572410.73
2026-04-21,OBR,49.974433,11459,47751531491.70
2026-04-21,OCM,64.102462,2,467981752.27
2026-04-21,OCN,46.898583,4,109775747.61
2026-04-21,OCT,68.252786,5,439862175.94
2026-04-21,ODD,10.054932,34,428698631.67
2026-04-21,ODG,1.037753,27,23765248.00
2026-04-21,ODN,52.571981,173,165981625.27
2026-04-21,ODP,5.965757,119,216026641.45
2026-04-21,ODS,65.753337,134,123272581.58
2026-04-21,ODV,19.640713,4303,1721328632.48
2026-04-21,OFA,54.463557,146,243695277.66
2026-04-21,OFB,9.980997,14,902632699.42
2026-04-21,OFI,3.819355,730,151693625.31
2026-04-21,OFK,48.359941,293,1117629084.18
2026-04-21,OFO,64.444578,1,2024449340.01
2026-04-21,OFS,7.864004,510,184021904.76
2026-04-21,OGD,11.948649,3422,839478279.58
2026-04-21,OGF,8.281202,443,125987436.25
2026-04-21,OGV,66.830999,1,305594769.11
2026-04-21,OHB,24.181316,1159,1529982135.88
2026-04-21,OHI,0.018804,46,48532046.51
2026-04-21,OHK,2.608966,1159,27998793.26
2026-04-21,OIL,3.982258,674,45904216.61
2026-04-21,OIR,4.673207,272,26709895.34
2026-04-21,OIS,3.141766,1,563930141.35
2026-04-21,OJB,49.369105,7486,28347892831.32
2026-04-21,OJH,9.991827,30,28382702.94
2026-04-21,OJK,13.684015,30753,51723975708.95
2026-04-21,OJT,10.650251,11118,3174038368.64
2026-04-21,OJU,63.488565,2,53790877.05
2026-04-21,OJY,73.993632,6,2714701388.51
2026-04-21,OKD,0.579765,1065,89355276.53
2026-04-21,OKF,4.166858,12,7387731679.70
2026-04-21,OKP,5.702867,452,73609100.35
2026-04-21,OKT,0.144026,871,111774239.93
2026-04-21,OLA,51.684155,33,19759833.95
2026-04-21,OLD,3.058467,6006,145606007.09
2026-04-21,OLE,4.441741,506,311518776.40
2026-04-21,OMB,59.220713,3,182201170.18
2026-04-21,OMC,67.153957,2,391459486.31
2026-04-21,OME,22.806293,69,77906639.16
2026-04-21,OMG,1.759446,678,1242004751.52
2026-04-21,ONB,48.526853,584,5761794638.87
2026-04-21,OND,44.847861,636,3314705391.24
2026-04-21,ONE,1.516251,784,40188510.35
2026-04-21,ONF,61.108052,606,2514923859.27
2026-04-21,ONK,56.788926,22332,74469911081.42
2026-04-21,ONN,5.714284,837,1760749841.10
2026-04-21,ONS,50.080778,23144,152651293851.80
2026-04-21,ONT,48.984659,421,5631468290.26
2026-04-21,ONY,61.775079,749,2223737224.27
2026-04-21,OPB,12.403190,439,47030404.65
2026-04-21,OPD,7.523965,21,59861126.08
2026-04-21,OPF,2.731345,941,294016003.62
2026-04-21,OPH,24.730146,2731,827564471.93
2026-04-21,OPI,23.813778,1493,233988655.85
2026-04-21,OPJ,1.485026,2589,433137663.13
2026-04-21,OPL,9.338569,1013,109733452.20
2026-04-21,OPZ,5.207477,1,651752135.64
2026-04-21,ORC,1.466291,47,1171387143.79
2026-04-21,ORI,56.487079,5,1552016941.25
2026-04-21,OSD,12.460096,953,575269229.49
2026-04-21,OSF,97.846720,17,5360803208.96
2026-04-21,OSH,0.523434,17,59042424.11
2026-04-21,OSL,0.137311,4384,1125442300.04
2026-04-21,OSN,1.412912,122,40627217.33
2026-04-21,OTE,62.422340,2,188861535.57
2026-04-21,OTF,6.140455,1839,703491493.36
2026-04-21,OTJ,7.746623,27574,4089519911.55
2026-04-21,OTK,7.458042,62,3907850.03
2026-04-21,OTM,1.357928,104,14468582.12
2026-04-21,OTZ,65.437076,4,292648148.00
2026-04-21,OUB,6.193529,14,773947935.71
2026-04-21,OUD,62.042825,127,125499543.37
2026-04-21,OUN,50.167749,211,180869835.95
2026-04-21,OUR,78.361358,11,29578043.20
2026-04-21,OUY,61.814283,2,1573308558.99
2026-04-21,OVD,3.146749,3252,829324728.28
2026-04-21,OVR,65.317679,1,465907932.92
2026-04-21,OVT,76.447240,1,719267998.67
2026-04-21,OYL,0.142388,9101,3528486310.46
2026-04-21,OYS,9.161552,11,16671512890.25
2026-04-21,OYT,0.120861,72,1844298926.71
2026-04-21,OZC,2.934337,1,1062582811.00
2026-04-21,PAB,1.229216,413,84805016.84
2026-04-21,PAC,3.305937,1,847203275.06
2026-04-21,PAF,3.661962,4115,373788111.31
2026-04-21,PAI,6.300673,718,889438740.74
2026-04-21,PAL,52.781209,33061,167044270247.00
2026-04-21,PAO,1.357956,360,13724249.20
2026-04-21,PAP,0.000000,1,0.00
2026-04-21,PAU,62.790047,3847,10546767165.51
2026-04-21,PBE,3.805486,11,35097912.75
2026-04-21,PBF,1.890601,2,2575438054.65
2026-04-21,PBH,1.816727,12,4337851224.72
2026-04-21,PBI,2.040575,300,96970734.52
2026-04-21,PBK,54.815481,142,134699396.60
2026-04-21,PBN,1.385869,971,500763735.70
2026-04-21,PBR,3.731000,32987,11988970548.63
2026-04-21,PBS,64.491036,22,355369471.09
2026-04-21,PBY,2.958087,56,226304771.90
2026-04-21,PCE,1.150667,211,228718862.97
2026-04-21,PCH,3.465609,57,847192104.59
2026-04-21,PCN,60.664915,13,522515954.85
2026-04-21,PCS,3.520012,39,29173161734.42
2026-04-21,PDC,0.717277,13,1053080902.14
2026-04-21,PDD,5.347155,198,965005766.54
2026-04-21,PDE,1.217931,13,12533476275.55
2026-04-21,PDF,56.014063,62,461298998.51
2026-04-21,PDG,0.172975,12,854669989.95
2026-04-21,PDH,16.554034,79,5557644737.22
2026-04-21,PDS,0.271171,43,662885920.02
2026-04-21,PEA,1.509237,98,75391023.70
2026-04-21,PFO,2.248272,331,75265486.07
2026-04-21,PFS,2.672418,95,23876176.29
2026-04-21,PGD,1.570711,100,139975256.74
2026-04-21,PGE,12.833566,46,5182609818.23
2026-04-21,PGH,6.926168,12,9188224943.28
2026-04-21,PGS,1.254812,544,201133196.99
2026-04-21,PHB,1.406068,13,540803312.96
2026-04-21,PHE,2.828791,85163,34719187533.33
2026-04-21,PHF,0.963123,12,283212651.31
2026-04-21,PHI,1.508531,118,68878217.08
2026-04-21,PHK,1.465896,213,74942248.54
2026-04-21,PHN,463.315619,15,13664887233.06
2026-04-21,PHS,4.214501,20,379822022.73
2026-04-21,PHY,8.170029,46,1125114781.23
2026-04-21,PID,1.675405,92,51829291.91
2026-04-21,PIL,3.917119,8186,519036649.30
2026-04-21,PIP,1.477833,477,46633291349.92
2026-04-21,PIR,1.733770,1312,218658616.92
2026-04-21,PIS,1.262081,294,1667256920.73
2026-04-21,PJL,4.574275,3540,1470727590.63
2026-04-21,PJP,46.177082,15,369091751.29
2026-04-21,PKD,0.856227,54,13920970.12
2026-04-21,PKF,4.868286,1758,628655048.26
2026-04-21,PKH,0.901505,11,98580989.82
2026-04-21,PKL,2.213056,14,5610945805.02
2026-04-21,PKN,1.895861,15,250413219.85
2026-04-21,PKP,1.103108,68,424879331.32
2026-04-21,PKR,1.375092,157,616695884.47
2026-04-21,PKT,1.397450,680,8776181788.12
2026-04-21,PKU,6.267732,46,5289236419.17
2026-04-21,PKV,1.774104,3701,16249724921.74
2026-04-21,PKZ,6.812454,12,41017451646.02
2026-04-21,PLA,1.116815,116,2668614.64
2026-04-21,PLR,1.464154,759,590431018.69
2026-04-21,PLS,25.637634,8,907023773.81
2026-04-21,PMG,1.590515,1,1391193970.13
2026-04-21,PMH,0.016610,44,15897492.90
2026-04-21,PMP,1.200022,817,46512995.86
2026-04-21,PNU,1.054218,1146,6009167939.77
2026-04-21,POB,4.725393,46,4876937218.92
2026-04-21,POD,63.748741,1422,4551853231.62
2026-04-21,POF,7.232759,46,6327051234.39
2026-04-21,POH,1.124363,4,1924211365.14
2026-04-21,POI,0.105491,43,264169809.43
2026-04-21,POS,1.193673,566,57745720.40
2026-04-21,POU,2.131688,75,6019755759.58
2026-04-21,PO7,0.934530,44,2670572714.76
2026-04-21,PO8,3.745486,51,439261771.32
2026-04-21,PO9,0.886501,148,13475616.80
2026-04-21,PPB,10.445120,1879,419045671.40
2026-04-21,PPD,33.920027,104,2105179218.86
2026-04-21,PPE,58.468242,75,774085260.67
2026-04-21,PPF,4.576353,22,492238661.64
2026-04-21,PPG,1.281175,979,728632730.33
2026-04-21,PPH,1.634897,3595,109806397.08
2026-04-21,PPI,2.013092,3165,7592871649.76
2026-04-21,PPJ,1.619506,6536,53289397856.23
2026-04-21,PPK,1.978815,2711,4925199307.95
2026-04-21,PPM,1.928796,219,291889072.94
2026-04-21,PPN,5.050577,15140,12456823384.04
2026-04-21,PPO,1.381755,45,84547822.67
2026-04-21,PPP,2.744559,392,4290636662.43
2026-04-21,PPS,4.097933,6740,2203034533.53
2026-04-21,PPT,2.840213,3682,1880044529.00
2026-04-21,PPU,2.252102,45,38132861.99
2026-04-21,PPV,1.008493,21,105705805.86
2026-04-21,PPZ,5.786963,7995,13028574043.59
2026-04-21,PP1,1.699617,370,45076052.42
2026-04-21,PRD,2.041425,640,416653234.43
2026-04-21,PRF,58.876106,2,161618150.44
2026-04-21,PRH,1.923243,386,621012441.62
2026-04-21,PRR,1.173229,115,405275834.18
2026-04-21,PRU,3.136161,1570,3102740136.87
2026-04-21,PRV,1.180304,74,2489237415.95
2026-04-21,PRY,2.710433,36728,72377271058.80
2026-04-21,PRZ,0.000000,0,13841.23
2026-04-21,PSD,49.978123,1,2546993346.12
2026-04-21,PSE,1.606734,6344,18293379687.03
2026-04-21,PSG,8.964566,15,148139809.22
2026-04-21,PSH,1.016698,43,11915327.80
2026-04-21,PSL,7.726984,53,700346547.78
2026-04-21,PSO,0.414447,1,848069962.13
2026-04-21,PSR,6.466450,46,163029555.51
2026-04-21,PSS,5.294957,11,354681923.64
2026-04-21,PST,0.025632,51,314233768.89
2026-04-21,PTC,61.090157,16,974066478.87
2026-04-21,PTE,1.491213,4646,43044572441.43
2026-04-21,PTF,1.308629,388,1095613384.06
2026-04-21,PTG,59.342350,1,115658239.92
2026-04-21,PTL,1.639815,736,526176629.24
2026-04-21,PTN,1.667967,1095,780168076.33
2026-04-21,PTO,1.435849,520,287687005.72
2026-04-21,PTP,1.051914,159,19561929.22
2026-04-21,PTS,1.404257,632,5977294310.89
2026-04-21,PUA,9.045308,1,4497975419.83
2026-04-21,PUC,6.466175,799,1302082465.72
2026-04-21,PUH,1.544656,26,358743957.27
2026-04-21,PUR,9.163001,41577,115347785100.94
2026-04-21,PUT,7.373328,1,6472214485.56
2026-04-21,PUV,53.048818,1,1132583415.81
2026-04-21,PUZ,9.240256,2,148958934.96
2026-04-21,PVK,5.105984,8587,37292165646.89
2026-04-21,PYB,1.642051,317,956284549.13
2026-04-21,PYD,0.773796,45,141245500.40
2026-04-21,PYF,9.330892,10,809105073.01
2026-04-21,PYH,7.429055,11,5427333160.69
2026-04-21,PYI,3.844401,45,1449045342.23
2026-04-21,PYL,8.752652,33,402002965.09
2026-04-21,PYR,2.025624,1823,154529456.28
2026-04-21,PYS,55.277382,49,1325087406.91
2026-04-21,P1A,1.323987,300,957865061.08
2026-04-21,RAF,3.567735,12,188852779.10
2026-04-21,RAI,2.050291,1,5352014565.55
2026-04-21,RAN,54.046767,1,1004283729.07
2026-04-21,RAV,1.335572,12,1037311798.29
2026-04-21,RAY,3.632939,1,1586844018.64
2026-04-21,RBA,22.447716,6589,2557071356.38
2026-04-21,RBB,1.469617,53,55820202.90
2026-04-21,RBE,3.749508,16,2631732777.86
2026-04-21,RBF,1.667562,90,28031644.78
2026-04-21,RBH,31.729426,5122,992936337.98
2026-04-21,RBI,53.760420,130,212670254.57
2026-04-21,RBK,8.031503,1093,44071810.81
2026-04-21,RBL,1.590977,838,368827794.71
2026-04-21,RBN,1.550758,204,44167710.28
2026-04-21,RBP,1.969378,706,1753807316.49
2026-04-21,RBR,2.863223,114,31942776.06
2026-04-21,RBT,5.761938,1794,615576009.94
2026-04-21,RBV,6.107681,15494,5721042756.19
2026-04-21,RCL,57.037926,1,153147459.62
2026-04-21,RCS,5.662223,1,2599860.85
2026-04-21,RCV,1.580092,91,136948350.29
2026-04-21,RDF,1.580256,1230,244864740.89
2026-04-21,RDH,4.240975,18,1815528676.34
2026-04-21,RDK,1.340550,2,622060.72
2026-04-21,RDS,0.000000,0,43.79
2026-04-21,RDT,1.001075,56,74220052.83
2026-04-21,RDZ,46.514775,115,613794456.55
2026-04-21,RD1,1.753645,172,62280905.13
2026-04-21,RE7,1.112530,12,188106282.78
2026-04-21,RE8,3.211792,12,1218910143.84
2026-04-21,RGD,1.036073,163,32099260.02
2026-04-21,RGH,1.058098,35,38973568.99
2026-04-21,RHD,1.836945,12,142602415.09
2026-04-21,RHI,1.594816,567,138160300.54
2026-04-21,RHS,7.497196,1788,892004929.37
2026-04-21,RIA,1.245708,81,160794798.47
2026-04-21,RIH,6.555456,599,187546734.41
2026-04-21,RIK,5.358381,7020,1504115559.90
2026-04-21,RJG,3.546465,656,137333825.51
2026-04-21,RKC,1.574059,468,134194282.52
2026-04-21,RKH,1.002213,88,8713520.37
2026-04-21,RKL,3.094788,1,2421988291.71
2026-04-21,RKS,1.878657,133,124760688.82
2026-04-21,RKV,2.293135,260,543562304.08
2026-04-21,RLH,1.534442,26,251193902.23
2026-04-21,ROD,51.791157,849,3029003148.31
2026-04-21,ROF,3.292501,1251,590002289.43
2026-04-21,ROS,0.000000,0,13.54
2026-04-21,ROY,1.233144,11,137389221.88
2026-04-21,RO1,1.135011,24,172644836.36
2026-04-21,RPC,4.817129,559,27347705.09
2026-04-21,RPD,13.262406,2268,309991425.78
2026-04-21,RPE,0.000000,0,3.65
2026-04-21,RPG,6.336245,1693,1454007690.54
2026-04-21,RPI,1.362267,343,17246244.33
2026-04-21,RPK,59.600237,5,115906130.04
2026-04-21,RPL,1.533320,12,111608037.19
2026-04-21,RPM,3.908754,2894,66068027.42
2026-04-21,RPN,5.142522,23,817964983.97
2026-04-21,RPO,6.838078,3,1661537910.62
2026-04-21,RPP,4.356138,8606,5932683807.81
2026-04-21,RPS,59.892819,112,206519544.35
2026-04-21,RPT,4.542041,207,1208960090.33
2026-04-21,RPU,3.244225,12,2339525419.04
2026-04-21,RPX,58.467357,147,1554411045.06
2026-04-21,RRA,1.318593,229,2672275281.95
2026-04-21,RRP,1.450074,73,164272546.49
2026-04-21,RSF,3.872772,13,955353118.50
2026-04-21,RSK,1.605768,182,185333118.35
2026-04-21,RSY,0.983603,11,145026116.86
2026-04-21,RSZ,5.519235,25,1221499156.31
2026-04-21,RS1,1.413339,127,511933833.53
2026-04-21,RTA,1.859368,15,3414765694.56
2026-04-21,RTB,2.370413,11,348836174.99
2026-04-21,RTD,1.691938,214,20655712.32
2026-04-21,RTG,4.806539,4065,171317724.10
2026-04-21,RTH,6.369726,326,32764150.65
2026-04-21,RTI,2.976148,49,35686623993.66
2026-04-21,RTP,12.133490,2375,487573794.58
2026-04-21,RUH,2.567827,17,88572411.61
2026-04-21,RUT,2.134375,3832,120686260.26
2026-04-21,RVI,1.315615,11,19759283.86
2026-04-21,RVS,2.610173,20,4056350766.13
2026-04-21,RYA,1.183376,1,355754235.29
2026-04-21,RYB,46.349334,11,4636555.64
2026-04-21,RYD,1.417069,13,313136933.02
2026-04-21,RYF,15.218574,32,481516994.76
2026-04-21,RYU,45.543637,45,256855774.77
2026-04-21,RZR,4.735428,2,16755069.95
2026-04-21,SAP,1.627002,344,207373345.33
2026-04-21,SAR,49.229115,9,835113015.14
2026-04-21,SAS,1.752026,47308,1557330878.47
2026-04-21,SAT,295.726327,4,2351800284.64
2026-04-21,SBH,1.971880,1104,315307366.80
2026-04-21,SBI,4.331951,15,40921114.60
2026-04-21,SBR,1.354104,25,15611440.13
2026-04-21,SBS,66.775348,1,228678523.07
2026-04-21,SCZ,1.386615,189,81904511.03
2026-04-21,SDA,46.646103,1071,5932469357.05
2026-04-21,SEH,1.138532,46,54569403.03
2026-04-21,SER,53.992882,793,6567305860.84
2026-04-21,SFA,17.774629,16,888323846.00
2026-04-21,SFS,1.314107,79,29989438.69
2026-04-21,SGT,1.449757,834,231656916.77
2026-04-21,SHE,3.759362,729,59424532.56
2026-04-21,SHI,2.830486,47,1874442556.51
2026-04-21,SHU,1.448629,18,226689102.82
2026-04-21,SIS,1.792297,11,59708495.38
2026-04-21,SJP,57.892541,29,299324176.52
2026-04-21,SKL,1.788164,821,207436012.30
2026-04-21,SKO,1.704648,5247,321371522.54
2026-04-21,SKS,47.337857,3,1183446435.26
2026-04-21,SKT,0.103717,2055,40109129.49
2026-04-21,SKZ,0.907544,1747,263644704.19
2026-04-21,SLF,9.948995,7008,1187410417.50
2026-04-21,SLG,1.356841,951,454765789.47
2026-04-21,SLR,0.338735,5,1286076523.55
2026-04-21,SLS,1.045909,11,115049.97
2026-04-21,SMP,1.022254,1,1431155648.85
2026-04-21,SNY,2.348931,686,831048260.06
2026-04-21,SOS,1.360992,159,10003305.57
2026-04-21,SPA,62.987211,207,2894509460.22
2026-04-21,SPD,76.187098,1,322599027.25
2026-04-21,SPE,99.499121,1144,3584102702.74
2026-04-21,SPN,8.948227,508,2537488117.92
2026-04-21,SPP,1.390546,152,251991537.14
2026-04-21,SPR,1.260046,166,15738459.77
2026-04-21,SPT,1.983650,932,102931297.35
2026-04-21,SRA,20.213698,1,4027715465.84
2026-04-21,SRE,60.281534,1,943478158.48
2026-04-21,SRL,1.470541,317,19897295.08
2026-04-21,SRO,24.832743,6,6922248264.37
2026-04-21,SSD,51.810259,1,535336077.75
2026-04-21,SSE,0.004221,11,132433956.72
2026-04-21,SSF,1.028875,15,1331001.41
2026-04-21,SSK,1.502226,497,36574909.50
2026-04-21,SSN,54.952855,4,717050627.10
2026-04-21,SSO,13.039651,1,6648631687.44
2026-04-21,SSS,1.445061,4878,253423109.62
2026-04-21,SST,1.457879,22,8602231.96
2026-04-21,STI,1.243153,92,132192972.32
2026-04-21,STM,4.725536,12,563997.39
2026-04-21,STS,80.107727,27,403664437.55
2026-04-21,STZ,25.066914,85,574093905.96
2026-04-21,ST1,194.727030,3188,706659263.00
2026-04-21,SUA,0.531089,1394,2576414900.57
2026-04-21,SUB,0.397620,846,114781674.25
2026-04-21,SUC,19.921160,522,453792357.06
2026-04-21,SUR,1.216169,106,191750422.67
2026-04-21,SVB,9.235554,1618,292610068.17
2026-04-21,SVS,2.550769,1,1658583598.77
2026-04-21,SVY,1.590985,2,3371636563.26
2026-04-21,SYF,304.433073,6,2384255899.96
2026-04-21,SYL,4131.821895,1,1143713091.51
2026-04-21,SYR,48.304976,22,309926612.15
2026-04-21,SYS,45.840590,123,1654277554.89
2026-04-21,TAL,2.894887,831,39984548.79
2026-04-21,TAO,19.514109,1,1031446242.54
2026-04-21,TAR,2.285138,6734,116012312.40
2026-04-21,TAU,0.713731,38856,2706981405.22
2026-04-21,TAZ,2.310198,2,1089302197.01
2026-04-21,TBP,0.259528,210,443127768.24
2026-04-21,TBT,51.423255,2807,424727774.87
2026-04-21,TBV,0.362664,8429,1315610860.55
2026-04-21,TB9,49.459383,11371,40853100418.69
2026-04-21,TCA,0.833391,51414,16366093173.49
2026-04-21,TCB,0.206178,4965,3853654967.75
2026-04-21,TCC,0.077003,290,399349931.83
2026-04-21,TCD,46.108759,12640,1476609441.10
2026-04-21,TCF,4.047662,3365,5562603826.55
2026-04-21,TCG,1.355449,1,192009012.01
2026-04-21,TCH,2.045520,74,280261509.83
2026-04-21,TCI,10.128860,17,1311150347.93
2026-04-21,TCS,41.769218,45,1449110665.05
2026-04-21,TDG,0.496098,2145,663251979.82
2026-04-21,TDP,55.460922,44,302801491.74
2026-04-21,TEJ,2.190137,1106,530260961.37
2026-04-21,TE3,38.611711,3257,1282572410.30
2026-04-21,TE4,5.818873,1739,2382426924.80
2026-04-21,TFE,2.505106,104,30916381.51
2026-04-21,TFF,34.554068,8493,1141235951.06
2026-04-21,TFU,1.158453,3325,872871181.06
2026-04-21,TGA,0.461397,6835,848425070.20
2026-04-21,TGE,0.271750,42365,3466346100.19
2026-04-21,TGN,1.272061,1982,2395935562.82
2026-04-21,TGR,6.674185,5969,121096833.80
2026-04-21,TGT,0.106240,62222,3262420656.37
2026-04-21,TGV,18.155038,13,11551263522.69
2026-04-21,TGZ,5.404678,11,981652324.94
2026-04-21,THD,2.757366,215,9272139.09
2026-04-21,THF,2.231456,7048,1104759156.26
2026-04-21,THG,6.318201,189,164860499.10
2026-04-21,THH,132.171155,1,1686305945.20
2026-04-21,THO,46.906037,12,2240811518.44
2026-04-21,THS,59.019590,1,387236621.57
2026-04-21,THT,0.248670,358,8948512.76
2026-04-21,THV,82.477632,21,3719290530.20
2026-04-21,TIE,0.761052,17737,1902422303.61
2026-04-21,TIL,1.383073,1634,92781089.73
2026-04-21,TIP,46.485974,29,156154846.07
2026-04-21,TIV,47.035781,112727,19477024755.79
2026-04-21,TI1,1465.740550,227644,172659287918.62
2026-04-21,TI2,0.134280,22774,4343717086.95
2026-04-21,TI3,0.126011,24845,2546061765.36
2026-04-21,TI4,0.059163,16117,2486214507.29
2026-04-21,TI6,0.050162,4863,801476529.43
2026-04-21,TI7,72.605693,10695,1345821745.33
2026-04-21,TJB,9.515605,1,777448070.82
2026-04-21,TJF,5.176162,578,61301284.18
2026-04-21,TJI,6.191499,921,772044537.66
2026-04-21,TJL,20.824495,4,1415879095.53
2026-04-21,TJT,64.057874,2002,2386469357.61
2026-04-21,TKF,65.462379,4649,1045590183.54
2026-04-21,TKH,2.151071,1,439346717.35
2026-04-21,TKK,1.705786,114736,1820394236.84
2026-04-21,TKM,0.189288,498063,60765452290.16
2026-04-21,TLE,26.556660,988,561859366.82
2026-04-21,TLH,31.727076,444,151245318.84
2026-04-21,TLK,1.556007,908,2629116451.86
2026-04-21,TLT,65.682406,1,372003404.20
2026-04-21,TLU,49.581909,547,9994313849.47
2026-04-21,TLV,1.195581,6908,4035873679.36
2026-04-21,TLY,5087.722908,83330,121168664382.02
2026-04-21,TLZ,17.858328,805,57737528.21
2026-04-21,TMC,0.149654,11077,100409419.93
2026-04-21,TMG,1.247402,32517,4449394720.13
2026-04-21,TMH,0.000000,12,0.00
2026-04-21,TMM,65.179014,1201,820666420.94
2026-04-21,TMR,7.090177,1,9033771182.47
2026-04-21,TMS,1.857493,88,331764805.14
2026-04-21,TMU,1.290605,100,107986078.93
2026-04-21,TMV,5.016666,1441,5593294184.90
2026-04-21,TMZ,1.819757,2506,48933764.85
2026-04-21,TNA,1.627329,1,5553179752.05
2026-04-21,TNB,47.333393,87,717834380.47
2026-04-21,TND,1.323071,386,175501267.80
2026-04-21,TNF,3.725116,3,4727679406.05
2026-04-21,TNH,12.129015,2,110313476.95
2026-04-21,TNI,10.052945,3619,10243371066.24
2026-04-21,TNK,29.911639,75511,3690871375.79
2026-04-21,TNS,10.452617,30,389167481.53
2026-04-21,TOK,55.856535,7356,23797104040.21
2026-04-21,TOT,840.435714,810,151152363.19
2026-04-21,TO8,53.282157,99,753489787.38
2026-04-21,TPC,14.028586,17824,8367281142.66
2026-04-21,TPE,0.506049,34,2298674818.20
2026-04-21,TPF,9.827437,599,168015125.93
2026-04-21,TPJ,72.531706,1616,2467300593.81
2026-04-21,TPL,19.735698,1426,690269947.03
2026-04-21,TPO,0.162785,3,95967270.99
2026-04-21,TPP,67.991815,414,1501939189.94
2026-04-21,TPR,0.498172,2,303830277.60
2026-04-21,TPV,10.305936,38,6499675.68
2026-04-21,TPZ,26.208803,1556,139233874.26
2026-04-21,TP1,62.873093,1,356314016.05
2026-04-21,TP2,1.856793,95792,127215571519.17
2026-04-21,TRJ,1.854150,2986,1893526096.90
2026-04-21,TRN,1.246183,1,2279422067.59
2026-04-21,TRO,2.587694,474,35771571.45
2026-04-21,TRR,5.658782,505,2672719596.35
2026-04-21,TSI,0.183427,78689,20363127237.26
2026-04-21,TSP,65.305716,5,1602390869.43
2026-04-21,TTA,0.646224,221830,29980173246.76
2026-04-21,TTE,1.427416,38379,2854779121.84
2026-04-21,TTL,35.835917,391,227285720.11
2026-04-21,TTP,47.660944,109,835679514.64
2026-04-21,TTS,65.002826,1,2020710737.64
2026-04-21,TTV,7.774991,20,2422445385.42
2026-04-21,TTZ,3.600637,9,307467954.54
2026-04-21,TUA,1.507139,35096,18568118522.74
2026-04-21,TVE,1.165010,268,145593750.81
2026-04-21,TVN,2.480906,554,7602975.47
2026-04-21,TYH,2.181364,7078,1978436604.00
2026-04-21,TZC,0.300096,1136,30549345.27
2026-04-21,TZD,2.428233,7982,947522579.05
2026-04-21,TZH,7.786976,1,56056410324.25
2026-04-21,TZL,0.121335,176147,70467748691.45
2026-04-21,TZP,12.374629,14,982442936.19
2026-04-21,TZT,0.156111,6035,324787772.38
2026-04-21,TZV,839.088187,133088,21707146796.55
2026-04-21,T3B,0.156558,26,12001560284.64
2026-04-21,UAB,4.992045,2,455013996.94
2026-04-21,UAP,65.081816,1,427356488.09
2026-04-21,UCN,2.131013,2,1161253111.47
2026-04-21,UCP,1.163622,28,21076759106.03
2026-04-21,UFH,67.655836,1,248723082.05
2026-04-21,UHL,68.182516,1,2435735843.32
2026-04-21,UHS,7.401409,13,398284157.69
2026-04-21,ULH,6.224112,268,1241145471.94
2026-04-21,ULL,65.316001,3,267599328.89
2026-04-21,UNT,1.374899,232,100971144.53
2026-04-21,UPD,20.440061,294,2595921607.90
2026-04-21,UPH,31.660737,595,202552290.23
2026-04-21,UPP,6.186757,1018,3013781206.85
2026-04-21,UPS,4.701363,1,543097679.65
2026-04-21,UP1,6.396179,1669,1315582208.51
2026-04-21,UP2,3.698092,263,2018464715.92
2026-04-21,URA,1.947199,11627,934819577.02
2026-04-21,URC,52.203658,183,200185212.08
2026-04-21,URD,45.944469,12,10242988147.35
2026-04-21,URG,70.578826,1,529535429.33
2026-04-21,URM,46.192716,1,8774444.90
2026-04-21,URS,3.541090,1,928081230.26
2026-04-21,URV,3.848657,2,10335183284.54
2026-04-21,USS,3.377970,1,3661836102.11
2026-04-21,UST,3.681839,1,1726189749.82
2026-04-21,USY,0.236239,487,1261326144.52
2026-04-21,UYH,4.513751,12,874874948.82
2026-04-21,UZY,2.605321,16,81523.10
2026-04-21,VAY,1.637425,3287,48351096.72
2026-04-21,VCD,5.564452,12,61210926.51
2026-04-21,VCG,5.034445,20,1745340484.54
2026-04-21,VCY,3.255200,12132,146805829.85
2026-04-21,VFK,4.834248,5442,3009481497.76
2026-04-21,VFS,1.825003,1,5877779.04
2026-04-21,VKI,2.745924,584,2025646901.76
2026-04-21,VKT,0.107705,45333,4327230649.95
2026-04-21,VK6,3.648639,155835,65115139979.68
2026-04-21,VMV,2.449394,154,6897956821.12
2026-04-21,VNK,2.348426,466,7822785151.76
2026-04-21,VPP,48.101338,436,1363235589.72
2026-04-21,VPS,1.444925,11950,5187377540.75
2026-04-21,VRK,1.212858,155,24709130.92
2026-04-21,VTF,2.135985,1,408385329.57
2026-04-21,YAC,13.905289,10426,5579646532.63
2026-04-21,YAE,1.054816,866,282778495.62
2026-04-21,YAK,4.854711,109764,1113865731.23
2026-04-21,YAN,13.154220,3707,1783618411.48
2026-04-21,YAR,26.840205,1,751525737.30
2026-04-21,YAS,15.262669,71199,7638988421.34
2026-04-21,YAY,1477.989682,36821,10087127348.61
2026-04-21,YA1,1.251681,19,721809894.13
2026-04-21,YBE,1.705428,14327,5381014066.45
2026-04-21,YBH,49.964648,662,737022770.32
2026-04-21,YBJ,54.565457,1,1804231063.31
2026-04-21,YBP,11.471375,56,863717062.68
2026-04-21,YBR,51.715651,2315,5228234788.99
2026-04-21,YBS,0.128021,11287,1761057344.86
2026-04-21,YCG,56.776830,4,189078484.09
2026-04-21,YCH,2.417744,137,119321131.91
2026-04-21,YCK,4.042909,37,479405459.09
2026-04-21,YCL,10.799262,12,388331758.82
2026-04-21,YCP,9.506386,2283,1323861381.26
2026-04-21,YCY,3.655056,273,247961549.43
2026-04-21,YDI,0.459091,7535,1241088239.74
2026-04-21,YDK,0.106116,48808,134653863.42
2026-04-21,YDL,55.259121,8,1152441064.27
2026-04-21,YDM,1.600784,2,1109845055.36
2026-04-21,YDP,2.075168,2383,366987107.14
2026-04-21,YDZ,50.710133,3116,12219408071.79
2026-04-21,YEF,0.966283,13743,2018535869.14
2026-04-21,YFV,0.095730,7419,900383584.13
2026-04-21,YGM,3.200851,2527,653285485.18
2026-04-21,YHB,2.243907,7699,304002240.74
2026-04-21,YHI,1.476594,276,66531325.30
2026-04-21,YHK,1.866117,5434,974066623.15
2026-04-21,YHP,4.121866,1,1731183885.73
2026-04-21,YHS,25.921557,8720,3730483438.84
2026-04-21,YHT,0.368002,86498,2107689892.93
2026-04-21,YHY,1.286935,16,1620476.24
2026-04-21,YHZ,7.987198,13831,905498108.89
2026-04-21,YIK,1.348363,1453,26057455072.75
2026-04-21,YIS,1.250449,1,925669443.11
2026-04-21,YIT,2.235808,5618,619147325.18
2026-04-21,YIV,3.403979,2,4635393186.14
2026-04-21,YJA,62.574168,4,374627349.56
2026-04-21,YJH,3.665253,3792,181510152.84
2026-04-21,YJK,4.739571,9232,636412062.47
2026-04-21,YJU,62.017050,1,412885149.46
2026-04-21,YJY,53.520836,8318,67352408656.57
2026-04-21,YKS,0.321956,380,194584285.23
2026-04-21,YKT,0.913353,94534,37403313557.10
2026-04-21,YLB,1.600738,334869,67640645400.23
2026-04-21,YLC,3.682665,1478,81138750.71
2026-04-21,YLE,8.753406,2489,326926084.00
2026-04-21,YLO,4.950993,4826,218569791.98
2026-04-21,YLR,13.126762,4,64294.88
2026-04-21,YLY,2.456589,589,41010161.11
2026-04-21,YLZ,3.635058,13,2043603391.43
2026-04-21,YMD,52.382041,1319,5987530828.35
2026-04-21,YMH,1.427476,356,476461518.92
2026-04-21,YMP,1.007490,1,20149794.06
2026-04-21,YNK,45.120842,1162,17105915778.79
2026-04-21,YNL,51.992320,1,207029778.94
2026-04-21,YOA,83.179921,142,1812385083.51
2026-04-21,YOS,53.303082,228,981254349.31
2026-04-21,YOT,36.776825,10191,2324378465.23
2026-04-21,YOZ,45.734943,1195,24235962236.95
2026-04-21,YPC,4.859073,2346,42411976.29
2026-04-21,YPD,63.761953,2,93644694.09
2026-04-21,YPF,9.059710,454,1121888845.65
2026-04-21,YPI,52.337448,68,1995596948.78
2026-04-21,YPK,13.698773,274,226444873.57
2026-04-21,YPL,68.287612,1614,13146266328.94
2026-04-21,YPN,62.723528,100,1802155840.43
2026-04-21,YPP,24.258735,1,4537809968.74
2026-04-21,YPR,1.641536,276,203070213.83
2026-04-21,YPT,3.632685,18700,102782157659.83
2026-04-21,YPU,61.721165,1726,3764170066.15
2026-04-21,YPV,7.646892,3621,6655504664.95
2026-04-21,YP1,61.616265,3,217345705.94
2026-04-21,YP2,68.641745,1,1275991560.98
2026-04-21,YP4,50.405474,30445,138133373529.13
2026-04-21,YRZ,45.299913,159,747789900.26
2026-04-21,YSA,45.373604,196,193978919.12
2026-04-21,YSL,41.875037,421,711573630.78
2026-04-21,YSO,1.255272,191,63481832.34
2026-04-21,YSU,0.161989,6406,250550601.30
2026-04-21,YTC,62.568361,120,311823254.18
2026-04-21,YTD,0.802670,15225,1600662573.10
2026-04-21,YTJ,65.287445,1,1147011615.01
2026-04-21,YTO,50.451051,4,666614939.56
2026-04-21,YTR,75.846542,2,587461651.68
2026-04-21,YTV,2.855798,2402,219104280.14
2026-04-21,YTY,55.792247,20574,101055217555.23
2026-04-21,YUB,5.598536,670,594526498.21
2026-04-21,YUD,70.546976,2,242032916.51
2026-04-21,YUI,1.895088,9,1222484137.41
2026-04-21,YUK,46.973759,149,1285752621.86
2026-04-21,YUN,53.641262,476,2738633868.82
2026-04-21,YUY,1.023363,2,1013499130.71
2026-04-21,YVB,1.292702,727,112652996.07
2026-04-21,YVD,3.893968,82711,41706635574.44
2026-04-21,YVF,69.221491,4,902327820.46
2026-04-21,YVG,59.641830,1224,5951515867.41
2026-04-21,YVO,65.715481,2,688871466.93
2026-04-21,YVS,70.430447,6,406926840.83
2026-04-21,YZC,4.159628,12671,539560275.29
2026-04-21,YZF,90.356116,1,451780577.61
2026-04-21,YZG,15.191368,70264,14368345024.68
2026-04-21,YZH,12.278281,6438,1214429746.91
2026-04-21,YZK,7.394862,212,207406804.54
2026-04-21,YZL,4.875224,74,611746789.92
2026-04-21,ZAD,43.694571,27,11121666.67
2026-04-21,ZAV,54.309530,4850,69495711633.04
2026-04-21,ZAY,5.725623,3766,1742413144.51
2026-04-21,ZA2,1.761634,2469,14772374746.88
2026-04-21,ZBD,662.699820,2212,927251179.20
2026-04-21,ZBI,2.038592,1778,223075017.49
2026-04-21,ZBJ,4.538766,19572,30435644879.73
2026-04-21,ZBN,24.308820,185,125037034.85
2026-04-21,ZBO,2.962420,251,417065671.10
2026-04-21,ZBZ,62.903199,1,330231417.13
2026-04-21,ZCA,7.576951,1,57096858.07
2026-04-21,ZCB,68.420914,3,73753366.49
2026-04-21,ZCC,74.538585,2,393852419.22
2026-04-21,ZCD,4.504005,637,1459376229.75
2026-04-21,ZCE,4.112365,1,11546425918.80
2026-04-21,ZCF,3.731058,1,1720010882.84
2026-04-21,ZCG,5.842770,161,551060251.36
2026-04-21,ZCH,2.429809,1,5000534214.24
2026-04-21,ZCK,1.629879,1958,384341385.12
2026-04-21,ZCN,3.845488,7807,643361024.53
2026-04-21,ZDD,6.859848,1452,481823438.04
2026-04-21,ZDK,15.079458,1,3159719.57
2026-04-21,ZDZ,12.434702,9400,1068279416.93
2026-04-21,ZFB,6.475648,16161,805167137.57
2026-04-21,ZFZ,64.479423,3,20725434321.93
2026-04-21,ZHH,1.432648,1135,111865596.04
2026-04-21,ZJB,11.453522,2281,10986562375.87
2026-04-21,ZJH,57.361795,1,194226980.99
2026-04-21,ZJI,11.990693,2309,8644333751.98
2026-04-21,ZJL,14.050647,2958,412313432.36
2026-04-21,ZJR,6.778042,1,1316173305.70
2026-04-21,ZJT,63.285750,1,1258844831.52
2026-04-21,ZJV,10.611997,1467,595992064.13
2026-04-21,ZKK,23.699573,1,2219776740.70
2026-04-21,ZK1,46.948955,120,2064540580.18
2026-04-21,ZK2,55.005245,72,1858198031.26
2026-04-21,ZLB,47.155066,60,544430231.57
2026-04-21,ZLG,60.066022,1,1011080048.39
2026-04-21,ZLH,11.525568,3713,466974505.37
2026-04-21,ZMT,59.080031,300,1184591960.66
2026-04-21,ZMU,0.191677,13,20232318.69
2026-04-21,ZMY,6.071507,2898,180424548.68
2026-04-21,ZNF,51.862881,1,1901040792.32
2026-04-21,ZOS,1.722975,11,528128760.92
2026-04-21,ZPA,62.153543,880,3972180479.73
2026-04-21,ZPC,18.774136,2992,3139633793.84
2026-04-21,ZPE,33.119076,6719,1222286963.79
2026-04-21,ZPF,21.477239,3382,794098815.47
2026-04-21,ZPG,9.484318,5710,1313106604.90
2026-04-21,ZPH,1.329648,63,98742668.55
2026-04-21,ZPJ,11.364721,410,144416929.72
2026-04-21,ZPK,7.437871,27305,16087839256.58
2026-04-21,ZPN,67.160578,1,1903719973.94
2026-04-21,ZPR,1.351800,904,22707955994.06
2026-04-21,ZP1,58.937698,2,59759172.03
2026-04-21,ZP2,5.069091,1,542617764.04
2026-04-21,ZP3,4.120099,1,60100543.36
2026-04-21,ZP6,54.303785,1619,7057401738.07
2026-04-21,ZP7,63.964986,1,1599124646.58
2026-04-21,ZP8,3.581316,5018,54541850328.96
2026-04-21,ZP9,57.315636,836,1736870234.73
2026-04-21,ZR2,1.288561,1,2583303558.65
2026-04-21,ZR3,0.695979,165,215246935.87
2026-04-21,ZSB,9.772554,18,2700383158.49
2026-04-21,ZSF,52.481426,1744,43892735.32
2026-04-21,ZSG,4.104334,1016,50104885.77
2026-04-21,ZSK,54.790171,1,577993456.26
2026-04-21,ZSN,52.173171,2,2845300778.79
2026-04-21,ZTF,6.663310,1,1831491477.42
2026-04-21,ZTG,1.179053,837,31941901.14
2026-04-21,ZUD,3.890437,1,2807519354.06
2026-04-21,ZUE,4.582642,1,5776955583.86
2026-04-21,ZUS,46.905168,3365,73307703002.26
2026-04-21,ZVB,84.433425,11,225513910.79
2026-04-21,ZVO,3.726820,405,885496218.87
2026-04-21,ZYC,4.316470,1,7915485539.75
2026-04-21,ZYD,4.318411,1,7963961142.71
2026-04-21,ZZL,76.681311,15,39055248.85
2026-04-22,ZYD,4.322845,1,7972138390.58
2026-04-22,ZZL,76.725786,15,39077900.37
2026-04-22,AAK,35.415218,771,33971906.60
2026-04-22,AAL,3.157261,4842,3020782933.53
2026-04-22,AAS,11.304889,158,23861907.14
2026-04-22,AAV,62.961472,2315,303531655.35
2026-04-22,ABG,61.021646,159,7534065051.26
2026-04-22,ABJ,0.889455,3,1189505046.43
2026-04-22,ABU,0.093470,37,54222984.95
2026-04-22,ACC,45.036402,1455,192663927.72
2026-04-22,ACD,5.587519,1570,323689690.39
2026-04-22,ACN,11.723994,16,632950637.06
2026-04-22,ACU,52.530076,165,1342800593.30
2026-04-22,AC1,2.844473,161,268393430.32
2026-04-22,AC2,3.616196,48,8963531601.07
2026-04-22,AC3,66.614481,14,139261702.88
2026-04-22,AC4,3.491190,3591,1578262995.09
2026-04-22,AC5,3.401941,186,52354286.89
2026-04-22,AC6,55.850243,108,76208718.00
2026-04-22,AC7,10.848966,45,5862618084.62
2026-04-22,AC8,192.811431,97,2379178725.42
2026-04-22,ADE,0.869756,27145,1055147774.45
2026-04-22,ADP,1.386422,22590,4334005053.58
2026-04-22,AED,109.288248,816,42694689.02
2026-04-22,AES,0.158322,36635,1725197377.96
2026-04-22,AEV,1.926803,398,10985646.16
2026-04-22,AFA,1.087865,46018,5336379663.19
2026-04-22,AFO,1.367769,87713,23480606506.73
2026-04-22,AFS,0.303202,26984,773330945.48
2026-04-22,AFT,0.905215,143815,25326993827.57
2026-04-22,AFV,0.542148,15735,1199892495.68
2026-04-22,AGC,8.633534,2491,99129142.73
2026-04-22,AHH,9.526630,15,203589899.02
2026-04-22,AHI,38.105947,2670,147849056.21
2026-04-22,AHN,66.344100,99,28588004.39
2026-04-22,AHU,10.098731,606,212965541.60
2026-04-22,AHV,19.671632,154,116710102.64
2026-04-22,AHZ,26.882015,12,630030553.36
2026-04-22,AIH,18.240468,4,175906582.96
2026-04-22,AII,89.372881,3,365624456.42
2026-04-22,AIM,24.697464,1,53403004.36
2026-04-22,AIR,153.109283,1,1340890373.79
2026-04-22,AIS,0.094503,12471,12575300822.46
2026-04-22,AI1,1.103295,19,65004072.42
2026-04-22,AJE,58.527724,1020,4414183887.15
2026-04-22,AJK,59.949429,132,135028594.11
2026-04-22,AJL,59.538185,1488,5395691704.74
2026-04-22,AJN,57.846038,358,567286952.40
2026-04-22,AJ1,1.199535,109,31562108.25
2026-04-22,AKE,0.493437,13933,1056985826.43
2026-04-22,AKU,0.948065,17193,1566915772.62
2026-04-22,AK2,0.519789,9479,222085755.44
2026-04-22,AK3,52.691871,21110,8591152564.78
2026-04-22,ALC,0.365081,26724,2020779157.54
2026-04-22,ALE,11.893168,135308,65666446372.90
2026-04-22,AL4,3.519368,12,1121080632.91
2026-04-22,AL5,50.232603,2464,14991250146.56
2026-04-22,AL6,3.441294,12,4909326455.60
2026-04-22,AL7,3.326451,112,7908240053.55
2026-04-22,ANL,32.978372,4156,627326824.48
2026-04-22,ANZ,20.378442,183,267352201.84
2026-04-22,AN1,96.698321,2576,1383173574.03
2026-04-22,AOJ,1.561170,248,24793025.70
2026-04-22,AOY,0.350749,36688,989665092.00
2026-04-22,APJ,6.990373,3191,103017707.71
2026-04-22,APP,32.977168,2,211565089.00
2026-04-22,APT,0.150268,13567,322794004.80
2026-04-22,AP2,3.570921,36,1028783818.43
2026-04-22,AP4,1.086947,11,270887179.08
2026-04-22,AP5,1.055884,12,1083961.79
2026-04-22,AP6,8.454005,46,1019542803.21
2026-04-22,AP7,2.302248,550,177400035.02
2026-04-22,ARE,0.220705,1668,35768253.50
2026-04-22,ARF,7.903088,1,714043159.29
2026-04-22,ARL,14.979110,7892,4222522938.93
2026-04-22,ARM,17.810141,5639,3343009836.93
2026-04-22,ARP,42.140736,1,3184322440.54
2026-04-22,ASJ,3.890141,854,73313644.73
2026-04-22,AS1,44.827536,41,6551185.72
2026-04-22,AS3,0.751621,16,169752249.76
2026-04-22,ATJ,22.411768,11,1072795329.80
2026-04-22,AUT,9.048857,156,2760652.42
2026-04-22,AUV,46.867056,618,794353990.58
2026-04-22,AU1,1.204617,629,59578648.36
2026-04-22,AVC,146.314588,11,246649085.04
2026-04-22,AVT,199.791075,19572,3242016764.58
2026-04-22,AVZ,96.174353,1,221438562.05
2026-04-22,AYA,19.140995,10447,1250551092.81
2026-04-22,AYR,0.123400,13218,1601130781.82
2026-04-22,AY6,1.314650,11,102887378.18
2026-04-22,AY7,1.479158,12,209646940.78
2026-04-22,AZF,0.162563,4,540548865.63
2026-04-22,AZJ,18.136561,41,663146147.52
2026-04-22,AZV,25.001031,4,4206343730.19
2026-04-22,AZZ,58.836788,7,26918300903.03
2026-04-22,BAC,8.010810,11,6045745850.73
2026-04-22,BAG,0.897447,56,45632359.72
2026-04-22,BAL,46.405553,1,1019729083.48
2026-04-22,BAO,3.297270,4,153417098.95
2026-04-22,BAS,50.167360,1,1435327512.39
2026-04-22,BA1,1.382106,25,277301363.25
2026-04-22,BBF,3.179023,1136,179021609.00
2026-04-22,BBI,1.635273,11,1111864.61
2026-04-22,BBN,0.645629,13,1485309419.87
2026-04-22,BBO,2.185694,12,724313610.36
2026-04-22,BBP,2.060840,800,36354242.75
2026-04-22,BBS,1.380917,789,1086989135.99
2026-04-22,BCC,63.619160,2,2558975291.04
2026-04-22,BCK,1.783070,1807,97004191.17
2026-04-22,BCO,1.703421,457,46424762.33
2026-04-22,BDA,53.329062,434,1119582597.37
2026-04-22,BDC,9.109588,40,398695310.41
2026-04-22,BDI,0.532961,74,434574238.89
2026-04-22,BDO,2.761959,11,4635392698.67
2026-04-22,BDS,2.401382,12693,531117182.63
2026-04-22,BDY,1.591976,2484,102238783.32
2026-04-22,BFE,1.759925,61,9273362.26
2026-04-22,BFO,49.846536,1,3511673796.15
2026-04-22,BFS,1.044960,40,6129390.89
2026-04-22,BFT,1.221486,559,207219215.61
2026-04-22,BGH,2.162861,1,1016608547.94
2026-04-22,BGP,5.742019,31108,61925124951.03
2026-04-22,BHA,1.564499,912,105184931.81
2026-04-22,BHE,1.904831,80,40381333.28
2026-04-22,BHF,3.012247,2578,370126082.93
2026-04-22,BHH,0.568689,74,1009417106.38
2026-04-22,BHI,2.064895,362,668098266.78
2026-04-22,BHL,1.208758,787,59477560.62
2026-04-22,BHO,1.113529,1,1037045421.13
2026-04-22,BIA,0.248538,12,636305.27
2026-04-22,BID,3.410254,2272,297251664.96
2026-04-22,BIG,1.391945,3798,583227125.47
2026-04-22,BIH,7.511867,407,749237421.11
2026-04-22,BIK,1.468484,14,3411316128.06
2026-04-22,BIO,2.501188,12127,1127303765.57
2026-04-22,BIP,1.435748,195,5509742466.61
2026-04-22,BIS,1.620964,75,801136268.90
2026-04-22,BIY,1.277677,324,78581035.25
2026-04-22,BI5,2.292189,11,1147848.09
2026-04-22,BJD,49.408507,71,2494831166.81
2026-04-22,BKO,1.126447,1,3038486496.17
2026-04-22,BKY,45.867085,560,2126308042.98
2026-04-22,BLA,7.453364,15,6964722589.44
2026-04-22,BLD,1.467179,732,464410969.30
2026-04-22,BLT,1.794848,3139,394791777.83
2026-04-22,BMU,1.211859,12,1008308996.92
2026-04-22,BNC,2.015343,256,721752475.66
2026-04-22,BNH,1.339154,205,137999269.52
2026-04-22,BOH,0.983868,11,246527540.89
2026-04-22,BOL,1.570265,256,47031601.53
2026-04-22,BON,1.255978,342,28920106.13
2026-04-22,BOP,45.859593,9,1123753881.93
2026-04-22,BOS,1.471072,1411,2467442042.64
2026-04-22,BPD,49.358569,11,135658521.29
2026-04-22,BPZ,1.377035,436,873193023.75
2026-04-22,BP5,1.561513,15,416665112.92
2026-04-22,BRB,1.427484,11,941912507.57
2026-04-22,BRC,1.208855,37,126502746.69
2026-04-22,BRF,1.478054,1090,103280661.82
2026-04-22,BRG,4.500946,1622,1808945815.79
2026-04-22,BRH,5.542410,15,4468406116.01
2026-04-22,BRR,1.460042,261,351540444.24
2026-04-22,BRT,1.295952,499,36912732.60
2026-04-22,BRZ,51.057275,5,1598992754.06
2026-04-22,BSA,0.422676,1,862057932.48
2026-04-22,BSD,1.106382,101,271408665.96
2026-04-22,BSE,0.838756,66,586886397.59
2026-04-22,BSF,1.365302,1,7718737948.74
2026-04-22,BSH,1.117394,165,8993593.76
2026-04-22,BSM,1.449078,1930,1379676237.66
2026-04-22,BSN,1.467039,13,17764775.16
2026-04-22,BST,10.103604,701,60423765.47
2026-04-22,BS1,1.138672,135,12839356.02
2026-04-22,BTE,4.015973,955,210860101.76
2026-04-22,BTJ,1.240154,82,28383683.62
2026-04-22,BTK,1.289180,327,106164321.70
2026-04-22,BTP,0.507567,15,5262096.69
2026-04-22,BTY,54.726959,3,773729753.22
2026-04-22,BTZ,1.267140,207,8349162.89
2026-04-22,BUB,1.035908,37,3335993.57
2026-04-22,BUC,0.966496,23,236907953.99
2026-04-22,BUP,3.727159,1,12503788802.38
2026-04-22,BUT,1.732184,4,205709543.81
2026-04-22,BUV,1.388058,475,65881155.52
2026-04-22,BUY,1.831253,18313,415186582.88
2026-04-22,BVB,4.036551,1,4339304268.46
2026-04-22,BVC,3.834595,1,6217190587.59
2026-04-22,BVD,1.198835,354,218167877.17
2026-04-22,BVF,1.237620,542,945005923.84
2026-04-22,BVH,1.792591,14,115562641.95
2026-04-22,BVI,3.023470,31,320744613.49
2026-04-22,BVK,0.999533,35,2237115.22
2026-04-22,BVM,1.301281,164,11397372.63
2026-04-22,BVT,5.065849,10,19070373.31
2026-04-22,BVV,2.765681,512,101650223.16
2026-04-22,BVZ,3.944061,759,2259550828.10
2026-04-22,BV1,1.552262,814,149363421.68
2026-04-22,BYZ,2.491218,42,204663089.56
2026-04-22,CAH,1.360108,374,55224404.69
2026-04-22,CBD,3.067774,15,292639578.14
2026-04-22,CBN,48.762778,6,626994628.86
2026-04-22,CBO,303.000482,3,2192285445.87
2026-04-22,CEY,61.884878,3,205113404.20
2026-04-22,CFO,2.210919,501,2841106801.02
2026-04-22,CGD,54.126148,2,599151231.56
2026-04-22,CHY,0.631591,43,226301490.12
2026-04-22,CIN,1.591209,540,37480831.06
2026-04-22,CJD,47.653015,30,47958375.37
2026-04-22,CJF,60.925390,3,1848747099.48
2026-04-22,CJG,61.541432,1,1864319756.85
2026-04-22,CJH,58.395273,1815,3223375404.04
2026-04-22,CKF,1.823351,1665,522540589.21
2026-04-22,CKL,1.387848,821,364883712.16
2026-04-22,CKS,56.837515,2436,5948005222.09
2026-04-22,COT,56.154730,200,517655357.03
2026-04-22,CPT,3.211983,8411,471843930.37
2026-04-22,CPU,3.045584,12620,902503135.41
2026-04-22,CRL,45.460831,3,977407874.03
2026-04-22,CSD,60.033575,1,625594820.79
2026-04-22,CSH,3.389114,55,5041114700.26
2026-04-22,CTF,8.684698,1,324560701.52
2026-04-22,CTG,7.103502,1,15388343.73
2026-04-22,CTM,5.959965,1,15390847.39
2026-04-22,CTP,58.099611,1,525910122.90
2026-04-22,CTV,10.140625,4,192071274.23
2026-04-22,CVA,3.692824,1,8534011650.95
2026-04-22,CVB,3.796663,5,1796261728.88
2026-04-22,CVC,2.587080,2,649682333.08
2026-04-22,CVD,59.359150,2,1014126854.25
2026-04-22,CVE,2.464500,1,271149873.02
2026-04-22,CVF,4.168954,1,862069323.42
2026-04-22,CVK,4.646772,2086,643589908.61
2026-04-22,CVL,1.229946,93,28392318.22
2026-04-22,CYD,54.475553,383,1295671833.70
2026-04-22,DAC,67.754755,1,521357936.68
2026-04-22,DAE,3.482357,1,1750200152.77
2026-04-22,DAH,3.777843,2918,772532345.27
2026-04-22,DAI,89.439233,4,342598859.55
2026-04-22,DAL,67.073603,1,581874375.69
2026-04-22,DAS,51.006963,26756,131291424807.54
2026-04-22,DAT,90.435062,6,404947586.52
2026-04-22,DAV,54.651723,135,1036461828.80
2026-04-22,DAZ,12.169930,4,321951229.18
2026-04-22,DA1,46.144057,47,30990856.19
2026-04-22,DBA,0.762542,27542,11683213318.55
2026-04-22,DBB,0.103347,1960,331826565.34
2026-04-22,DBG,0.574879,3,2365013461.06
2026-04-22,DBH,0.353925,9232,1010957799.83
2026-04-22,DBK,0.106894,86012,669902382.75
2026-04-22,DBP,0.458777,1107,159750726.23
2026-04-22,DBZ,0.123947,3073,776624818.37
2026-04-22,DB2,1.841437,18,122023662.80
2026-04-22,DCB,4.182621,22573,135429951409.46
2026-04-22,DCD,62.069683,1,266608778.70
2026-04-22,DCE,67.968119,3,1182604428.42
2026-04-22,DCN,1.267933,1101,149498782.37
2026-04-22,DCP,69.697061,3,248433920.64
2026-04-22,DDA,13.992973,1245,265292085.53
2026-04-22,DDC,10.215936,11,3427044308.45
2026-04-22,DDE,71.106722,1,392158760.71
2026-04-22,DDF,11.039099,562,262749966.18
2026-04-22,DDP,69.087718,1,72268654.67
2026-04-22,DEF,2.558482,94,68609212.73
2026-04-22,DEI,0.034763,13,3129433.61
2026-04-22,DFC,3.136055,1690,130310101.84
2026-04-22,DFD,2.547746,539,161334390.05
2026-04-22,DFI,3.734612,39835,17865176897.41
2026-04-22,DFO,3.462260,2,1024017373.26
2026-04-22,DGF,1.287674,226,26903538.59
2026-04-22,DGH,9.431817,232,1169852430.41
2026-04-22,DHI,5.868545,46,881580812.33
2026-04-22,DHJ,7.038485,3017,226005085.79
2026-04-22,DHM,5.133690,1292,30001225.32
2026-04-22,DHP,3.917215,1,7393715.15
2026-04-22,DHS,325.999967,1,4304939750.39
2026-04-22,DHT,1.089367,559,77359772.76
2026-04-22,DHV,2.158095,11,314002562.68
2026-04-22,DID,1.389834,177,37913284.74
2026-04-22,DIH,1.762209,11,132267204.96
2026-04-22,DIM,48.946751,1,111966084.01
2026-04-22,DIP,1.382064,1238,40274409223.74
2026-04-22,DKA,45.074916,239,2297866525.29
2026-04-22,DKC,0.672832,13,210936.88
2026-04-22,DKH,3.555455,1538,208195373.28
2026-04-22,DKL,47.113836,106,407729070.90
2026-04-22,DKP,44.928962,644,3947458614.22
2026-04-22,DKR,0.746802,568,60186341.29
2026-04-22,DKS,67.316851,2,215947746.52
2026-04-22,DKY,44.933481,231,2553322065.27
2026-04-22,DK1,1.313847,69,4213436854.25
2026-04-22,DK8,45.107674,315,1748574340.50
2026-04-22,DLD,7.321927,625,80346956.38
2026-04-22,DLG,1.174858,43,4557722.48
2026-04-22,DLN,1.895821,12,30373883.17
2026-04-22,DLY,5.350753,314700,72968340584.68
2026-04-22,DLZ,1.404518,13,173348.46
2026-04-22,DL2,2.181392,734,9983287088.36
2026-04-22,DMG,7.690200,16712,3853765909.19
2026-04-22,DMR,53.888347,1,15976231655.49
2026-04-22,DMV,65.622396,2,315405252.75
2026-04-22,DMZ,59.682794,5,595377406.16
2026-04-22,DNA,8.667788,5,1725093015.70
2026-04-22,DNF,1.182882,98,23631563.68
2026-04-22,DNH,1.171966,79,19011335.29
2026-04-22,DNK,1.706162,213,16360861.07
2026-04-22,DNL,51.724548,1,206107116.06
2026-04-22,DNM,48.320871,1233,1731186421.39
2026-04-22,DNP,1.262353,258,1297216547.68
2026-04-22,DNU,44.717420,16,36767333.26
2026-04-22,DOC,44.998873,178,4607835604.47
2026-04-22,DOD,63.933887,11,10952978778.01
2026-04-22,DOH,2.127564,5250,976240302.40
2026-04-22,DOL,48.820118,387,2994974471.22
2026-04-22,DOR,66.415423,1,478372024.59
2026-04-22,DOS,65.201461,2,3073031291.55
2026-04-22,DOV,57.057888,17765,70794294983.02
2026-04-22,DPB,22.776445,3859,20867268612.30
2026-04-22,DPC,92.236825,1,317698215.76
2026-04-22,DPE,21.096832,1,1380928570.93
2026-04-22,DPG,93.617923,2,536823238.78
2026-04-22,DPI,7.913934,112,262905683.48
2026-04-22,DPK,7.666373,1311,826090306.61
2026-04-22,DPL,96.026547,1,2482438348.49
2026-04-22,DPN,56.325709,1,2210220.82
2026-04-22,DPP,157.716465,2,212906502.37
2026-04-22,DPT,17.316499,5513,348616648.88
2026-04-22,DPZ,76.306762,1,115041753.21
2026-04-22,DP1,17.931612,7,5102921556.33
2026-04-22,DP2,62.447058,11,337070357.75
2026-04-22,DP3,65.128252,4,232386003.01
2026-04-22,DP4,67.943875,3,509544482.66
2026-04-22,DP5,78.184159,1,1693224469.70
2026-04-22,DP6,44.730628,215,1805834077.96
2026-04-22,DP7,56.642039,3,509879289.30
2026-04-22,DP8,45.169340,50,375496289.22
2026-04-22,DP9,45.122788,155,5703026114.20
2026-04-22,DRA,1.228604,16,49803653.90
2026-04-22,DRD,53.011418,153,1661721711.21
2026-04-22,DRH,1.027638,69,142480777.91
2026-04-22,DRS,70.208826,3,233251623.13
2026-04-22,DRT,1.091550,339,19194590.33
2026-04-22,DSC,62.323238,1,926130042.89
2026-04-22,DSD,67.776151,1674,5810009039.64
2026-04-22,DSH,2.031215,101,24812121.31
2026-04-22,DSP,13.625837,1088,142212979.13
2026-04-22,DSV,45.904907,49,899508997.46
2026-04-22,DTH,1.223228,125,170698229.87
2026-04-22,DTL,3.873931,3788,168610534.00
2026-04-22,DTM,1.370988,3151,67707711.27
2026-04-22,DTO,44.842411,161,111773071.53
2026-04-22,DTP,1.829652,4,1657609998.87
2026-04-22,DTV,63.645484,4,3839488167.29
2026-04-22,DTZ,4.500360,6256,272295596.36
2026-04-22,DUC,0.673247,12,233186.66
2026-04-22,DUD,48.574277,266,328698876.92
2026-04-22,DUH,1.210138,80,5202998.00
2026-04-22,DUT,45.194677,262,834840689.72
2026-04-22,DUV,1.244212,214,72049832.05
2026-04-22,DVC,63.575981,1,52450184.38
2026-04-22,DVI,72.564390,2,183072627.92
2026-04-22,DVN,60.647720,1,290474557.22
2026-04-22,DVO,4.714616,1,30209312.53
2026-04-22,DVS,1.383701,316,258952815.80
2026-04-22,DVT,8.096391,10768,716815373.52
2026-04-22,DVU,7.641107,5,1375587286.74
2026-04-22,DVZ,61.807247,1,1298666435.73
2026-04-22,DXP,1.815515,1183,53869191.45
2026-04-22,DYJ,44.984801,156,1060179074.47
2026-04-22,DYN,4.266762,1670,57248162.85
2026-04-22,DYS,1.483881,13,17229031.11
2026-04-22,DZE,1.006308,3036,254117296.88
2026-04-22,DZM,80.843601,4847,19896750886.71
2026-04-22,DZP,56.256057,2,438122172.07
2026-04-22,DZS,1.398811,157,62000744.19
2026-04-22,DZ2,1.433933,2,12397616577.43
2026-04-22,EBD,0.223767,392,40474864.21
2026-04-22,EBI,53.493932,29,587889918.91
2026-04-22,EBS,45.480655,29,3225823819.93
2026-04-22,ECA,1.710082,384,111223084.64
2026-04-22,ECB,47.096148,3226,948607224.33
2026-04-22,ECV,0.433661,2410,99186546.60
2026-04-22,EC2,87.849844,2613,90996080.99
2026-04-22,EDD,1.047864,13,10564048.73
2026-04-22,EDP,1.021794,30,51989852.06
2026-04-22,EDT,1.985877,621,956302836.99
2026-04-22,EDU,3.254143,671,435612495.86
2026-04-22,EES,55.142070,1,461066395.93
2026-04-22,EGP,53.820100,50,246180778.46
2026-04-22,EHS,2.842374,3,670626679.73
2026-04-22,EIB,0.579134,451,281088941.19
2026-04-22,EID,1.854969,2207,121063947.02
2026-04-22,EIL,4.623319,1930,1594585721.43
2026-04-22,EJG,9.477545,1,648446113.39
2026-04-22,EKF,0.124245,5404,1818878317.90
2026-04-22,EKL,1.608534,1447,22815393621.25
2026-04-22,ELZ,13.672848,789,562789662.40
2026-04-22,EME,1.235732,26,42702486.14
2026-04-22,EML,1.174352,765,42896374.86
2026-04-22,ENA,1.049193,16,10580236.82
2026-04-22,ENJ,1.335782,740,39084412.69
2026-04-22,ENO,44.931253,10,44972590.24
2026-04-22,ENR,1.058314,37,13157084.99
2026-04-22,ENS,1.074058,10,10778105.18
2026-04-22,EPA,1.211008,86,432713683.23
2026-04-22,EPI,1.166551,186,275793315.83
2026-04-22,EPK,1.465250,2109,289484913.26
2026-04-22,EPO,57.519574,1,425069365.73
2026-04-22,EPP,1.295249,40,1690448169.32
2026-04-22,EPT,1.173015,53,905922862.92
2026-04-22,ESG,4.249337,83,118697926.46
2026-04-22,ESN,1.637150,12,65122516.66
2026-04-22,ESP,0.527950,312,50966848.76
2026-04-22,EUN,59.970823,3602,6416785266.10
2026-04-22,EUZ,59.199774,39846,138100738032.49
2026-04-22,EVM,1.083018,595,45124566.38
2026-04-22,EYT,2.794176,634,93410773.73
2026-04-22,EZM,42.067650,1,4206764.98
2026-04-22,FAK,1.392145,458,34772130.93
2026-04-22,FAL,1.282893,946,363252949.15
2026-04-22,FBC,2.265073,5911,195648101.06
2026-04-22,FBI,49.094334,5435,19787250220.80
2026-04-22,FBN,10.505251,15,16253566.66
2026-04-22,FBV,7.275341,2330,723413673.21
2026-04-22,FBZ,4.086379,378,195168551.41
2026-04-22,FCK,1.931181,893,343000462.71
2026-04-22,FCS,2.032765,177,1496231878.72
2026-04-22,FDE,44.868968,895,4164737650.43
2026-04-22,FDG,2.649562,1520,313217800.68
2026-04-22,FDO,57.168980,1,270830210.93
2026-04-22,FDV,5.215805,1,1303951132.63
2026-04-22,FDY,44.992962,890,3870296723.38
2026-04-22,FDZ,0.295130,12,224043964.39
2026-04-22,FD1,1.814556,177,30583920.13
2026-04-22,FFD,0.044999,377,152244774.73
2026-04-22,FFF,62.448085,1,1050522173.23
2026-04-22,FFH,7.882978,1949,1195766375.31
2026-04-22,FFO,57.999794,7,104507160.64
2026-04-22,FFP,7.386777,2842,2570930314.84
2026-04-22,FHI,1.473124,11,230885154.12
2026-04-22,FHP,2.982016,48,11134886470.18
2026-04-22,FHZ,62.663149,3,726297671.37
2026-04-22,FIB,0.520685,13716,6361947895.28
2026-04-22,FID,1.006663,1816,969715466.92
2026-04-22,FIL,0.327076,19093,12518683383.27
2026-04-22,FIT,0.221377,606,221928022.06
2026-04-22,FI3,737.492329,9868,1849453488.61
2026-04-22,FI5,653.102792,52073,93901032807.83
2026-04-22,FJB,6.330914,830,389285657.55
2026-04-22,FJC,55.439654,88,1260474985.95
2026-04-22,FJM,53.492628,1745,8649320000.50
2026-04-22,FJN,53.298505,1260,5470174621.22
2026-04-22,FJZ,61.654071,892,1714720490.42
2026-04-22,FKE,55.982262,12693,49102995868.70
2026-04-22,FKH,45.384591,2132,12453078012.43
2026-04-22,FKV,45.020292,488,2214097984.34
2026-04-22,FLS,58.105675,2060,3107385455.91
2026-04-22,FLY,1.674187,1635,123354127.52
2026-04-22,FMG,3.833572,13026,15012894819.58
2026-04-22,FMS,53.641548,1,628771317.99
2026-04-22,FMV,1.251756,24,137630093.16
2026-04-22,FNE,2.728256,1,1063583.49
2026-04-22,FNN,0.000000,1,0.00
2026-04-22,FNO,0.191102,8698,15908728526.58
2026-04-22,FNT,1.997801,2156,591721154.34
2026-04-22,FPE,71.011084,1435,324138968.15
2026-04-22,FPG,2.510689,2589,1374376900.87
2026-04-22,FPH,33.950742,4867,1525824252.31
2026-04-22,FPI,2.329533,173,111852726.52
2026-04-22,FPK,0.087320,1175,281289930.48
2026-04-22,FPR,11.232554,21,173919614.71
2026-04-22,FPZ,63.987878,19520,132515764665.62
2026-04-22,FP4,1.282628,118,74613674.00
2026-04-22,FRA,32.554761,2,532147350.38
2026-04-22,FRC,1.693673,423,91830102.78
2026-04-22,FRZ,15.539203,2,278161720.71
2026-04-22,FR1,1.491748,21,567828545.13
2026-04-22,FSF,6.073688,7304,11082280981.09
2026-04-22,FSG,3.744839,853,1047175239.20
2026-04-22,FSH,4.053205,467,332453946.67
2026-04-22,FSK,5.390688,2600,6881344801.50
2026-04-22,FSM,7.955454,21,1067610062.96
2026-04-22,FSP,37.194555,24,472333.65
2026-04-22,FSR,44.888264,2546,9161289469.24
2026-04-22,FSU,1.337972,7100,913569341.28
2026-04-22,FSV,52.875693,876,5357893925.95
2026-04-22,FS1,1.696415,297,207468501.16
2026-04-22,FS2,2.093312,28,16462723.44
2026-04-22,FS3,1.938208,22,1648023828.39
2026-04-22,FS4,9.778769,21,5020194255.68
2026-04-22,FS5,2.510325,9,22071429.66
2026-04-22,FS6,1.593864,409,124429512.25
2026-04-22,FTL,1.347841,217,337321946.35
2026-04-22,FTM,52.155745,14,1692134679.00
2026-04-22,FTY,44.810315,1253,7495421381.01
2026-04-22,FUA,5.346733,5058,337863673.52
2026-04-22,FUB,0.708740,2275,1430097732.63
2026-04-22,FUM,58.760358,2,422547615.63
2026-04-22,FUN,1.472480,11,18068195.07
2026-04-22,FUP,102.950810,2,451714386.59
2026-04-22,FVL,4.348496,55,1432754397.53
2026-04-22,FYA,0.054818,157,1816684884.03
2026-04-22,FYB,93.625559,9,191508739.32
2026-04-22,FYD,12.053857,5925,3817294751.23
2026-04-22,FYF,0.099990,11,35067439.60
2026-04-22,FYG,15.576888,2,89602091.64
2026-04-22,FYH,82.685807,26,969169854.72
2026-04-22,FYI,9.240469,192,41089113.99
2026-04-22,FYM,0.410135,15,321419323.11
2026-04-22,FYO,1.045228,1293,973744344.53
2026-04-22,FYT,0.324624,99190,3105875681.36
2026-04-22,FYZ,6.176894,2,268180249.24
2026-04-22,FZJ,5.233339,2350,1255825742.80
2026-04-22,FZP,6.023478,657,1051829126.97
2026-04-22,GAC,70.985264,1,392383609.62
2026-04-22,GAE,0.458033,15134,1573063672.19
2026-04-22,GAF,1.744511,1794,217207508.77
2026-04-22,GAG,16.731638,229,803095363.24
2026-04-22,GAH,11.534393,3082,433911628.80
2026-04-22,GAJ,59.160184,1,469440081.75
2026-04-22,GAL,362.080319,57111,61741379878.24
2026-04-22,GAN,9.360917,11,25209511.86
2026-04-22,GAS,0.295525,2331,3326310498.29
2026-04-22,GAU,61.256694,5,1983511850.21
2026-04-22,GAV,57.738804,1,227548626.60
2026-04-22,GA1,1.815275,1567,353052737.31
2026-04-22,GBC,0.276861,1627,293420493.23
2026-04-22,GBG,0.499768,3314,153407405.14
2026-04-22,GBH,4.227914,2748,2228310800.52
2026-04-22,GBJ,1.591018,2143,682996317.46
2026-04-22,GBL,0.766071,1774,3128859821.54
2026-04-22,GBN,6.053094,467,5637435635.40
2026-04-22,GBP,66.886541,2,3668430488.33
2026-04-22,GBV,11.381908,23083,2373320016.23
2026-04-22,GBZ,3.400846,3550,1579007665.64
2026-04-22,GCA,67.300924,2,779586784.29
2026-04-22,GCC,5.407094,2,1200701341.49
2026-04-22,GCD,3.366291,13,469673508.03
2026-04-22,GCI,59.976620,3,205473662.87
2026-04-22,GCZ,57.393203,1,11175317.53
2026-04-22,GDJ,56.962802,4,461480041.00
2026-04-22,GDP,61.881345,1,1437878021.15
2026-04-22,GEC,71.187665,3,399475562.30
2026-04-22,GEI,114.356744,11,4227537595.66
2026-04-22,GEZ,56.241673,1,373132901.94
2026-04-22,GFB,65.161070,4,397877209.81
2026-04-22,GFD,64.882179,2,115513507.30
2026-04-22,GFI,49.713260,3,1607604500.04
2026-04-22,GFL,10.592354,1,444592097.51
2026-04-22,GFN,74.143204,3,858091625.41
2026-04-22,GFY,64.487509,3,395885013.57
2026-04-22,GGA,62.525296,3,8151407348.90
2026-04-22,GGC,5.191390,5,182389084.17
2026-04-22,GGD,61.177856,2,5837734700.56
2026-04-22,GGK,14.301211,13351,2912747588.23
2026-04-22,GGM,7.438173,1,2546019184.68
2026-04-22,GGN,63.800658,4,444271161.01
2026-04-22,GGP,26.350287,1,182528.44
2026-04-22,GGR,63.209220,3,1508609534.64
2026-04-22,GHS,40.120079,14801,3315283044.80
2026-04-22,GID,1.667772,2296,55882291.15
2026-04-22,GIE,3.674659,5154,94292396.26
2026-04-22,GIH,2.465297,656,16808295.47
2026-04-22,GJA,61.333608,3,874823080.57
2026-04-22,GJB,10.120662,1070,77782326.04
2026-04-22,GJD,59.081977,3,384534989.23
2026-04-22,GJE,59.034335,2,136765610.88
2026-04-22,GJF,59.731110,2,227344311.55
2026-04-22,GJH,3.460450,26257,134718720295.58
2026-04-22,GJM,39.613103,69,454411132.20
2026-04-22,GJO,55.692292,1,544639933.31
2026-04-22,GKE,0.000000,0,0.01
2026-04-22,GKF,4.814445,799,45433345.06
2026-04-22,GKG,1.377827,1330,45816718.12
2026-04-22,GKH,3.951455,1877,5740775829.01
2026-04-22,GKK,61.107302,2,1870959362.80
2026-04-22,GKL,15.249013,4,857744877.63
2026-04-22,GKM,45.170089,14,122122756.22
2026-04-22,GKO,0.000000,0,0.01
2026-04-22,GKV,7.620762,3498,395124616.77
2026-04-22,GLC,4.275352,70,16519468.09
2026-04-22,GLG,8.263078,642,70230738.95
2026-04-22,GLM,0.516993,11,260601345.13
2026-04-22,GLP,62.965755,4,516446442.75
2026-04-22,GLS,0.151137,1394,551920275.92
2026-04-22,GLV,8.306596,22,20067166.73
2026-04-22,GL1,1441.559409,999,1261830106.21
2026-04-22,TMH,0.000000,12,0.00
2026-04-22,GMA,1.935427,1552,2521114499.16
2026-04-22,GMC,9.065320,25107,5318228320.97
2026-04-22,GMD,2.555359,117,3093494.77
2026-04-22,GME,26.404392,2,372544290.60
2026-04-22,GMI,1.602986,6296,565576303.77
2026-04-22,GMM,44.895183,27,418400437.85
2026-04-22,GMN,1.201771,32,94107745.91
2026-04-22,GMO,2.977639,4,2383454161.42
2026-04-22,GMP,58.312347,1,1523969852.25
2026-04-22,GMR,1.378401,5144,210181574.24
2026-04-22,GMV,0.000000,0,0.01
2026-04-22,GMZ,13.002873,2,353971848.70
2026-04-22,GNH,1.483784,198,7600372.24
2026-04-22,GNK,64.199739,1,440125934.50
2026-04-22,GNL,56.278126,4,1674070976.55
2026-04-22,GNP,1.300200,5263,1285611343.69
2026-04-22,GNS,1.517909,1463,75574811.25
2026-04-22,GNZ,1.424362,465,1688756.21
2026-04-22,GOF,46.299233,132,62848061.10
2026-04-22,GOH,15.921982,9007,671522691.30
2026-04-22,GOL,2.891384,13638,5440985672.35
2026-04-22,GOP,1.064930,423,743917311.13
2026-04-22,GO1,4.308964,1090,158155348.53
2026-04-22,GO2,4.587856,592,35070871.83
2026-04-22,GO3,4.732022,599,47198448.18
2026-04-22,GO4,5.117723,967,65445639.44
2026-04-22,GO6,3.707035,4289,4750243122.06
2026-04-22,GO9,2.528283,1800,404955292.45
2026-04-22,GPA,21.624346,5671,764593473.32
2026-04-22,GPB,11.067352,9869,1219959861.11
2026-04-22,GPC,67.092175,3967,7438204224.61
2026-04-22,GPF,8.248536,2887,846824721.80
2026-04-22,GPG,14.993860,2736,890068540.78
2026-04-22,GPH,43.176483,1,2531739.44
2026-04-22,GPI,16.848602,3039,743581485.98
2026-04-22,GPJ,53.781917,2,881630724.50
2026-04-22,GPL,49.272663,39319,99445008035.20
2026-04-22,GPM,57.987483,2,1208289706.85
2026-04-22,GPN,1.222601,2088,1991727580.20
2026-04-22,GPT,2.360997,2680,85620172.19
2026-04-22,GPU,19.735913,2729,407420808.27
2026-04-22,GPV,63.323484,1,546498133.98
2026-04-22,GPZ,1.728933,216,8632178570.53
2026-04-22,GP1,3.723020,1,170208555.01
2026-04-22,GP3,58.024585,292,383268632.73
2026-04-22,GRL,1.730924,353,1023272447.77
2026-04-22,GRO,50.169762,27113,186876850164.60
2026-04-22,GRT,1.535993,1439,74724771.57
2026-04-22,GSE,59.849456,105,1452800768.25
2026-04-22,GSG,66.302939,1,82036361.59
2026-04-22,GSL,3.029739,1,293106163.68
2026-04-22,GSO,13.429279,5,307589504.23
2026-04-22,GSP,0.547622,13938,2749699496.21
2026-04-22,GSR,52.946609,2,245839576.77
2026-04-22,GTA,1.645134,81856,28634431651.24
2026-04-22,GTF,13.816863,576,207061417.72
2026-04-22,GTH,1.327433,394,10089433.45
2026-04-22,GTK,6.349503,1,25585114167.97
2026-04-22,GTL,0.118646,322816,141116384350.02
2026-04-22,GTM,7.833121,14463,1187139796.26
2026-04-22,GTN,48.711191,2,1364523931.71
2026-04-22,GTY,5.796522,667,479167902.18
2026-04-22,GTZ,13.405115,71149,16584519653.75
2026-04-22,GUA,5.456219,1,1865267514.63
2026-04-22,GUB,2.261345,3399,1974567252.14
2026-04-22,GUC,1.285559,1,2838329767.73
2026-04-22,GUH,0.359183,26731,2544267559.52
2026-04-22,GUK,1.609110,3412,1340879368.58
2026-04-22,GUM,14.265188,59010,8398107110.70
2026-04-22,GUV,1.647618,2117,665263046.33
2026-04-22,GVA,4.109383,3435,95929249.49
2026-04-22,GVB,63.293728,3,3322897918.40
2026-04-22,GVC,59.953305,1,284134778.11
2026-04-22,GVD,19.973809,1,441720.79
2026-04-22,GVI,5.483910,5425,1417691451.04
2026-04-22,GVL,61.942210,3,487616135.14
2026-04-22,GVZ,68.839789,2,380914924.44
2026-04-22,GYC,3.661538,1,15029478455.25
2026-04-22,GYG,67.064072,4,499498641.41
2026-04-22,GYK,0.101461,279,73348273.09
2026-04-22,GYL,12.854866,7782,1127250163.33
2026-04-22,GYN,63.034345,1,1299362575.51
2026-04-22,GYR,58.648382,5,564202717.68
2026-04-22,GZB,6.661003,1,1265590486.67
2026-04-22,GZD,57.634788,3,50528303.55
2026-04-22,GZE,7.156669,5345,1871531950.91
2026-04-22,GZG,5.897107,1623,429754919.33
2026-04-22,GZH,4.969742,6287,400466571.07
2026-04-22,GZJ,8.251612,6062,1997546719.75
2026-04-22,GZL,5.267599,6242,353008927.77
2026-04-22,GZM,8.145313,313,109944681.34
2026-04-22,GZN,45.056535,1505,425037128.62
2026-04-22,GZO,65.973777,1,108508258.14
2026-04-22,GZP,7.033502,9742,4254300623.28
2026-04-22,GZR,11.799274,2193,1079846349.05
2026-04-22,GZU,63.109384,2,431014940.25
2026-04-22,GZV,7.930441,1381,94239456.43
2026-04-22,GZY,7.453833,2345,66854344.08
2026-04-22,GZZ,6.698615,1307,62935964.59
2026-04-22,HAE,52.011402,1069,2347076366.27
2026-04-22,HAG,57.520271,47,407561948.53
2026-04-22,HAM,3.196993,9040,1879590081.60
2026-04-22,HAR,1.051338,68,40115257.56
2026-04-22,HAT,1.795462,121,8540196.98
2026-04-22,HBF,52.214391,12817,7389791866.70
2026-04-22,HBJ,2.425010,1,242501.02
2026-04-22,HBN,4.063500,1133,531423683.83
2026-04-22,HBU,1.459871,2843,465616378.14
2026-04-22,HBV,15.421736,18,887504411.16
2026-04-22,HB1,46.807941,330,21115349463.85
2026-04-22,HB2,54.421808,190,10804513021.05
2026-04-22,HCV,1.051317,214,57290837.34
2026-04-22,HDA,2.824712,799,413864974.60
2026-04-22,HDE,54.303535,4380,7921812173.06
2026-04-22,HDH,8219.957090,18,30485650779.50
2026-04-22,HDJ,5.741447,11,14236527.18
2026-04-22,HDK,2.794618,152,12481634.79
2026-04-22,HDS,15.294226,13,1535821677.62
2026-04-22,HDV,61.607240,2204,4280048048.73
2026-04-22,HEH,2.896454,1908,742517830.77
2026-04-22,HFA,2.936107,2,4151158551.40
2026-04-22,HFI,1.623153,157,45282684.18
2026-04-22,HFR,1.506581,787,93068664.75
2026-04-22,HFV,59.375894,3372,8978366311.55
2026-04-22,HFY,1.158053,27,803299841.64
2026-04-22,HGC,49.198420,193,309394149.97
2026-04-22,HGH,1.762621,21,78234719.47
2026-04-22,HGJ,13.568658,11,6064226.67
2026-04-22,HGM,3.947357,2046,151928351.29
2026-04-22,HGR,1.173694,372,59373023.57
2026-04-22,HGT,88.439054,14,3622760277.17
2026-04-22,HGU,4.408677,2,2473349533.96
2026-04-22,HGV,5.273284,564,64504107.25
2026-04-22,HIA,1.375057,360,484847631.98
2026-04-22,HIF,0.642176,19,1049221.66
2026-04-22,HIH,1.433142,6333,366616070.37
2026-04-22,HII,3.087589,1,1016950612.32
2026-04-22,HIM,3.563338,304,413282689.14
2026-04-22,HIP,1.904604,879,1589126296.73
2026-04-22,HIS,3.494421,12,1423071.31
2026-04-22,HIZ,1.919598,1104,165844479.72
2026-04-22,HJA,27.159329,13,3151020189.39
2026-04-22,HJB,4.350076,1818,139250198.32
2026-04-22,HKG,1.414062,1001,37506087.48
2026-04-22,HKH,8.532578,16121,1786027715.00
2026-04-22,HKJ,1.215655,2698,12600703496.28
2026-04-22,HKM,5.030326,1550,165181178.02
2026-04-22,HKP,5.344331,127,428368554.17
2026-04-22,HKR,3.956100,1866,1669429889.81
2026-04-22,HKV,522.122080,37540,3851158364.44
2026-04-22,HLA,2.326894,11,51942079.88
2026-04-22,HLL,0.335849,1038882,44301342436.16
2026-04-22,HLR,226.149956,14,5339248259.59
2026-04-22,HMC,7.639349,123,6983793.74
2026-04-22,HME,50.415402,8279,24835790105.48
2026-04-22,HMG,0.060515,4759,1855481544.84
2026-04-22,HMK,297.638728,112,286511504.39
2026-04-22,HML,45.790484,46,20277903.77
2026-04-22,HMS,0.104625,4535,441351140.79
2026-04-22,HMT,6.804813,22,569092357.42
2026-04-22,HMV,18.598029,13,15204760172.84
2026-04-22,HNC,1.369706,110,13879224.21
2026-04-22,HNS,46.582651,110,489042375.95
2026-04-22,HOA,0.215288,3352,1413005371.82
2026-04-22,HOY,0.328265,2618,1222081460.31
2026-04-22,HPC,12.047441,7,34795938096.85
2026-04-22,HPD,0.212914,1570,350376160.15
2026-04-22,HPF,40.197050,12,1734467313.67
2026-04-22,HPH,2.101736,10755,11887951408.48
2026-04-22,HPI,7.729027,14,265987346.27
2026-04-22,HPJ,3.734614,1,73269599.46
2026-04-22,HPL,2.721696,24,1234486898.73
2026-04-22,HPO,0.152766,3032,1278841545.34
2026-04-22,HPT,0.100572,10332,2483169576.33
2026-04-22,HPV,6.884694,342218,7905095202.05
2026-04-22,HPZ,590.847469,16,1195284.43
2026-04-22,HP3,53.920904,130,299075742.97
2026-04-22,HRZ,2.249307,6385,399692168.42
2026-04-22,HSA,1543.636408,2737,4116623600.63
2026-04-22,HSL,363.143967,24320,22385100148.72
2026-04-22,HSP,45.079754,1074,1938705089.59
2026-04-22,HST,0.931938,3904,464990531.25
2026-04-22,HTF,1.272323,520,7600316076.12
2026-04-22,HTJ,1.619088,147,8626296.44
2026-04-22,HTS,51.094490,1788,3094427464.70
2026-04-22,HTZ,15.345023,13,726162909.13
2026-04-22,HUI,88.997725,1,2100315692.00
2026-04-22,HUS,0.003639,12,2070303.00
2026-04-22,HVA,511.215076,17,141430206.86
2026-04-22,HVB,1.708845,13,1487023199.28
2026-04-22,HVC,26.164376,17,71369378.17
2026-04-22,HVI,1.273238,495,50150641.44
2026-04-22,HVK,5.044420,2151,1138493900.99
2026-04-22,HVL,20.426271,11,2867848.44
2026-04-22,HVN,5.393913,12,6121935.02
2026-04-22,HVS,1.582413,10943,2920079533.89
2026-04-22,HVT,4.130350,2121,840121038.74
2026-04-22,HVU,5.375698,908,22058499.82
2026-04-22,HVV,64.669628,1,3279130484.34
2026-04-22,HVZ,6.974755,2080,106490456.14
2026-04-22,HYK,10.142328,24,196300706.77
2026-04-22,HYP,9.055240,60,49368868.40
2026-04-22,HYU,1.585732,298,1033726801.50
2026-04-22,HYV,5.576739,7723,7214229595.65
2026-04-22,HYY,12.752839,1,6293368886.64
2026-04-22,HZV,5.776278,3,946122662.77
2026-04-22,IAC,4.006100,1,2777906241.01
2026-04-22,IAE,1.978986,509,240293400.76
2026-04-22,IAF,0.864627,11,54945171.25
2026-04-22,IAI,6.650865,1,75788796.59
2026-04-22,IAM,1.597585,3163,91159312.31
2026-04-22,IAR,73.205754,29,165217479.96
2026-04-22,IAS,2.198683,17,3558220907.54
2026-04-22,IAT,0.176556,8449,1608977589.35
2026-04-22,IAU,2.374161,302,42913920.50
2026-04-22,IAY,1.549411,222,50111046.69
2026-04-22,IBB,14.072835,8800,1118802135.52
2026-04-22,IBC,17.259169,5,369844889.54
2026-04-22,IBE,23.119148,12,765886408.26
2026-04-22,IBG,1.452409,11,484733077.32
2026-04-22,IBJ,60.767412,23,738226402.37
2026-04-22,IBK,0.120436,122565,209665171.08
2026-04-22,IBM,3.558622,17,245418872.61
2026-04-22,IBP,64.341197,4,4377843699.80
2026-04-22,IBR,0.266926,71,1524933817.48
2026-04-22,ICA,0.569880,3462,737737109.21
2026-04-22,ICC,1.266512,289,30703863.99
2026-04-22,ICD,121.215849,212,41250480.55
2026-04-22,ICE,112.602584,5646,2030602933.97
2026-04-22,ICF,186.820808,556,19949286.39
2026-04-22,ICG,65.637592,1,839710575.69
2026-04-22,ICH,2.017967,1511,157230320.69
2026-04-22,ICN,3.723477,16,162894565.63
2026-04-22,ICS,47.637610,71,44358570.58
2026-04-22,ICV,5.522724,49,6679403.64
2026-04-22,ICZ,7.918159,22262,944563601.62
2026-04-22,IDD,0.150012,25,31409678.20
2026-04-22,IDF,71.693730,4586,13366499004.04
2026-04-22,IDH,12.525729,22559,1060552421.99
2026-04-22,IDI,1.474362,368,19272960.90
2026-04-22,IDL,5.306257,3723,3048143488.36
2026-04-22,IDO,54.919192,14973,74791093042.87
2026-04-22,IDP,1.949853,30,196557679.75
2026-04-22,IDV,66.212192,2,520202442.93
2026-04-22,IDY,0.215211,3151,628514105.08
2026-04-22,IED,0.981742,47,6529663.10
2026-04-22,IEN,1.272448,134,52199315.09
2026-04-22,IEV,4.903355,3128,57815977.10
2026-04-22,IEZ,6.061878,3,121873576.66
2026-04-22,IFD,56.123183,9,1122463660.03
2026-04-22,IFN,9.658688,483,5223592.21
2026-04-22,IFV,4.130052,221,12117065.77
2026-04-22,IFY,6.796462,1,135929234.64
2026-04-22,IGF,63.097506,2,1333389484.84
2026-04-22,IGL,509.884353,17809,4841977563.51
2026-04-22,IGM,61.718362,3,1178795848.11
2026-04-22,IGZ,10.544872,3,2120980254.37
2026-04-22,IHA,3.217719,392,11384281.54
2026-04-22,IHC,6.940051,285,274934663.21
2026-04-22,IHK,17.473762,33390,2074167735.62
2026-04-22,IHP,1.747061,341,169175151.49
2026-04-22,IHT,3.803022,3736,88393713.80
2026-04-22,IHV,1.908434,35,333276158.94
2026-04-22,IHY,6.688936,1,135146014.93
2026-04-22,IHZ,1.078121,58,1655558.95
2026-04-22,IIA,6.966972,11,2667173971.24
2026-04-22,IIC,3.260007,12,183314299.28
2026-04-22,IIE,8.393714,5425,1143409300.89
2026-04-22,IIF,1.303898,14,434214962.28
2026-04-22,IIH,33.486772,24637,2338986417.40
2026-04-22,IIN,1.228258,86,2245127463.88
2026-04-22,IIP,0.331569,16,39942464.91
2026-04-22,IIS,98.229669,202,3633806441.28
2026-04-22,IJA,13.288798,1351,214378647.88
2026-04-22,IJB,5.972302,7390,199797148.15
2026-04-22,IJC,13.495075,21619,2032239085.46
2026-04-22,IJE,63.294325,4,33904934.40
2026-04-22,IJF,9.709694,2,891172577.98
2026-04-22,IJH,6.668850,474,51479480.76
2026-04-22,IJI,9.462205,26,65546017.40
2026-04-22,IJK,59.670715,3,273951236.19
2026-04-22,IJL,50.671900,12,335305643.88
2026-04-22,IJP,7.810061,13039,557081462.34
2026-04-22,IJT,6.472912,1495,422637708.64
2026-04-22,IJV,4.952093,3139,3273519599.94
2026-04-22,IJZ,10.587770,11517,524331353.11
2026-04-22,IKL,8.830828,5423,207884055.70
2026-04-22,IKP,8.598930,13092,928820320.32
2026-04-22,IKV,1.352993,1104,179821172.50
2026-04-22,IK2,44.602914,96,199799021.56
2026-04-22,ILC,47.408532,223,1326390491.47
2026-04-22,ILE,4.551299,1,10131979656.14
2026-04-22,ILH,3.510498,11077,124209738872.33
2026-04-22,ILI,5.141279,15,449274844.36
2026-04-22,ILM,7.061548,13,307533546.80
2026-04-22,ILP,58.079644,6,2912064841.10
2026-04-22,ILU,1.046045,1,1657523592.94
2026-04-22,ILZ,7.539062,7408,1057370495.69
2026-04-22,IMB,1.255689,235,33186345.87
2026-04-22,IMF,5.334874,19,364797553.54
2026-04-22,IMG,46.279313,144,924435484.08
2026-04-22,IMH,6.212702,1,2191886542.54
2026-04-22,IML,1.706384,6519,1108989147.52
2026-04-22,IMO,5.259597,2,4516930476.57
2026-04-22,IMS,14.643860,4,544364252.72
2026-04-22,IMT,65.472125,4,661758130.88
2026-04-22,IMY,69.194048,6,1485530275.55
2026-04-22,IMZ,68.879657,4,285681616.09
2026-04-22,INH,13.842695,506,367489628.33
2026-04-22,INV,42.332228,1,1803984810.00
2026-04-22,INZ,3.040979,14,6083061.97
2026-04-22,IOG,15.472825,23542,17610843628.62
2026-04-22,IOH,48.872025,30,125142640.00
2026-04-22,IOJ,48.049252,40,172321675.44
2026-04-22,IOL,62.271511,1,890807161.94
2026-04-22,IOM,3.964273,15,597814959.02
2026-04-22,ION,2.888118,15,184437554.05
2026-04-22,IOO,4.050105,6550,28387785597.50
2026-04-22,IOP,5.551675,7411,7225296357.77
2026-04-22,IOT,54.479937,6,245298094.71
2026-04-22,IOV,53.547567,1,530518719.51
2026-04-22,IPA,0.795414,16,809885881.40
2026-04-22,IPB,0.849500,17435,1257753743.06
2026-04-22,IPC,23.448061,1,13482635.10
2026-04-22,IPE,9.116560,3,3798102928.65
2026-04-22,IPF,0.113087,22,141980652.59
2026-04-22,IPG,9.035186,1946,350414678.31
2026-04-22,IPJ,19.021837,17686,1226691882.05
2026-04-22,IPK,48.722711,1,2913522153.37
2026-04-22,IPO,42.775950,1,514443205.84
2026-04-22,IPP,0.167329,184,6394276802.55
2026-04-22,IPR,31.597424,1,19432415.58
2026-04-22,IPU,43.801767,1,5110072688.17
2026-04-22,IPV,72.912808,12344,1971536077.08
2026-04-22,IRB,1.157115,882,830757004.82
2026-04-22,IRE,44.711802,65,112999600.78
2026-04-22,IRF,6.305364,1619,349384962.70
2026-04-22,IRL,16.344102,15,247869719.04
2026-04-22,IRO,1.795386,47,21372751.81
2026-04-22,IRT,6.517985,1495,110702409.22
2026-04-22,IRV,6.256668,40,294099374.56
2026-04-22,IRY,3.502504,2431,2228735757.72
2026-04-22,ISR,18.222358,8,944877179.09
2026-04-22,ISS,0.276089,7,214166148.91
2026-04-22,IST,0.170742,3219,2067915725.02
2026-04-22,ITA,67.909943,1,762040080.29
2026-04-22,ITC,1.249603,351,24973803.94
2026-04-22,ITD,63.602779,1,2353320135.46
2026-04-22,ITJ,10.607488,11,419550067.37
2026-04-22,ITL,3.971081,1,4075393515.00
2026-04-22,ITP,10.954443,10628,959059925.86
2026-04-22,ITR,3.909018,1,1025601577.67
2026-04-22,ITV,45.026695,25,164220191.82
2026-04-22,ITZ,56.021874,3,1741407863.42
2026-04-22,IUA,63.522495,57,433891734.96
2026-04-22,IUB,66.647790,3,320889782.71
2026-04-22,IUC,1.914539,1,929228638.95
2026-04-22,IUF,64.314968,8257,23157539767.98
2026-04-22,IUH,5.228576,639,8382870.21
2026-04-22,IUM,62.324930,1,378658729.39
2026-04-22,IUN,70.994621,4,278434940.37
2026-04-22,IUV,62.728368,7046,22955312376.78
2026-04-22,IUZ,4.186166,1144,1268427095.80
2026-04-22,IVA,2.548163,3,127408136.61
2026-04-22,IVF,6.229501,1323,173014685.70
2026-04-22,IVS,5.424384,30,450510490.82
2026-04-22,IVY,5.230770,14975,798825929.08
2026-04-22,IV2,17.526126,14,1073282221.42
2026-04-22,IV6,60.415940,1,1511491422.92
2026-04-22,IV7,4.470187,1,488612389.73
2026-04-22,IV8,2.057199,130,29435394.75
2026-04-22,IYB,5.773373,508,112367094.72
2026-04-22,IYP,3.165684,2,2426918149.09
2026-04-22,IYR,0.129088,32,214537452.66
2026-04-22,IYS,1.306192,16,5709407126.61
2026-04-22,IYV,1.152625,74,218916055.77
2026-04-22,IZA,1.991981,1,495733665.95
2026-04-22,IZB,8.992653,32,55215589.43
2026-04-22,IZE,60.643705,1,253097292.94
2026-04-22,IZL,48.597964,21,88948518.97
2026-04-22,IZS,8.665449,14,57751485.05
2026-04-22,IZV,9.123167,2,99895541.12
2026-04-22,IZY,44.956867,32,50637212.35
2026-04-22,JET,2.240161,20072,896855914.09
2026-04-22,JOT,54.222976,1,1068713649.10
2026-04-22,JUP,0.502057,58,53623829.92
2026-04-22,KAC,3.447719,2082,16982999315.37
2026-04-22,KAN,6991.345764,36,4789533277.02
2026-04-22,KAV,54.528426,5912,19355298829.96
2026-04-22,KBJ,4.105220,119,768366678.73
2026-04-22,KBP,1.568392,6,370645769.90
2026-04-22,KBZ,48.568336,1,150294326.26
2026-04-22,KCL,1.697219,205,15863036.59
2026-04-22,KCV,4.651878,11627,2030269070.41
2026-04-22,KDE,1.556372,1928,493074570.44
2026-04-22,KDI,52.845570,10,351639393.50
2026-04-22,KDK,14.487046,1,724352.30
2026-04-22,KDL,48.920012,7299,25590811876.30
2026-04-22,KDO,53.303643,420,1694324887.30
2026-04-22,KDS,50.564667,1369,32857169252.42
2026-04-22,KDT,50.503972,1142,3195473840.53
2026-04-22,KDV,45.101270,162,11692124713.30
2026-04-22,KDZ,45.729944,819,5898992447.56
2026-04-22,KEI,1.695788,1,304594610.07
2026-04-22,KEO,1.603057,1,63228420.11
2026-04-22,KEU,50.116531,34,4402350688.64
2026-04-22,KFZ,3.937904,1,325302107.44
2026-04-22,KGM,3.297630,31113,3856847986.13
2026-04-22,KHA,3.408308,18006,1769989573.02
2026-04-22,KHB,1.530059,218,17879804.01
2026-04-22,KHC,2.116749,1633,116809138.82
2026-04-22,KHD,1.301821,14,653178899.04
2026-04-22,KHF,0.149164,13,1117877.80
2026-04-22,KHJ,1.204378,504,16777562.27
2026-04-22,KHP,1.011025,187,4190929820.16
2026-04-22,KHT,2.798580,365,27379679.34
2026-04-22,KHU,35.518128,1,3392620.58
2026-04-22,KH1,1.254502,824,81562936.01
2026-04-22,KIA,4.454245,426,9337910.80
2026-04-22,KIB,3.913688,1011,11485397.60
2026-04-22,KIE,4.049052,922,208164938.80
2026-04-22,KIH,1.369800,32,53162923.05
2026-04-22,KIK,1.340001,1132,161042140.06
2026-04-22,KIS,0.208032,836,92631658.70
2026-04-22,KJK,0.002133,1,275473.54
2026-04-22,KKB,59.701617,1,14629343.90
2026-04-22,KKC,54.321656,57,166905243.14
2026-04-22,KKE,48.202054,2,83234342.11
2026-04-22,KKH,6.340814,5544,538938132.68
2026-04-22,KKL,2.151865,1269,2735708252.95
2026-04-22,KKO,45.560459,263,2123042495.91
2026-04-22,KKP,46.199333,319,3753416109.95
2026-04-22,KKT,2.743296,36,2015310567.73
2026-04-22,KLH,2.527472,2422,120158214.68
2026-04-22,KLI,1.150876,95,479151310.67
2026-04-22,KLL,54.258949,1,10654829.74
2026-04-22,KLM,62.123069,1,924209620.23
2026-04-22,KLS,41.111277,2,1010021.86
2026-04-22,KLU,4.262587,87345,64099890274.27
2026-04-22,KMA,158.481303,1,11857254.12
2026-04-22,KME,1.474921,1038,177923733.04
2026-04-22,KMF,3.529830,2704,2231895305.69
2026-04-22,KMN,1.016563,4966,620440777.27
2026-04-22,KMT,3.615917,1,89621843.82
2026-04-22,KNC,62.593882,16,344319367.75
2026-04-22,KNI,1.215615,381,10659868495.97
2026-04-22,KNJ,1.819733,12828,872371912.35
2026-04-22,KNN,1.323620,18,568323575.57
2026-04-22,KNP,76.962179,2,224370917.92
2026-04-22,KNS,3.928020,1,4427631252.93
2026-04-22,KNT,56.116850,4,160838860.89
2026-04-22,KNV,66.411735,5,298211270.48
2026-04-22,KNZ,66.158409,1,974963972.54
2026-04-22,KOB,1.243833,16,417809141.34
2026-04-22,KOP,7.409910,14,15197725.69
2026-04-22,KOT,1.410701,4672,234742130.34
2026-04-22,KOZ,60.102190,4,67220513.02
2026-04-22,KO4,52.854586,880,4455113034.50
2026-04-22,KPA,1.494301,11848,332827577.46
2026-04-22,KPB,6.167139,1,4942518.06
2026-04-22,KPC,19.450918,20453,3504589518.86
2026-04-22,KPD,46.146078,574,248120445.46
2026-04-22,KPF,1.550493,203,94190012.07
2026-04-22,KPH,1.365601,13323,683771328.80
2026-04-22,KPI,1.296463,3725,3215002007.43
2026-04-22,KPK,9.428220,1,436080405.27
2026-04-22,KPP,2.778243,765,692153057.77
2026-04-22,KPR,1.649619,1198,50386433316.53
2026-04-22,KPU,3.728083,6094,561478945.51
2026-04-22,KP3,50.789327,15,14588878.54
2026-04-22,KRC,0.133159,155,28074518.90
2026-04-22,KRF,19.415657,731,128183970.47
2026-04-22,KRH,1.362210,42,1775137032.54
2026-04-22,KRO,45.041121,60,288245250.69
2026-04-22,KRR,1.105093,548,21699149.78
2026-04-22,KRS,0.486651,1409,1646612974.41
2026-04-22,KRT,69.143686,175,791555468.14
2026-04-22,KRV,44.970144,1048,5333009325.50
2026-04-22,KSA,3.585789,2770,11766843473.61
2026-04-22,KSC,45.965472,1,45172797.76
2026-04-22,KSK,2.571880,621,5889545079.35
2026-04-22,KSL,53.486868,120,263361048.55
2026-04-22,KSM,47.860881,755,15258953245.79
2026-04-22,KSP,60.601372,278,1133851674.23
2026-04-22,KSR,4.674381,3729,165344455.99
2026-04-22,KST,1.973364,553,13434566.23
2026-04-22,KSV,5.088290,11223,30603462717.36
2026-04-22,KSY,9.674646,83,3090858414.40
2026-04-22,KTE,41.469517,1,100107662.56
2026-04-22,KTI,1.895999,545,218465493.81
2026-04-22,KTJ,2.088004,12290,700296575.29
2026-04-22,KTM,20.049020,5824,702688274.43
2026-04-22,KTN,7.374726,3912,476506708.13
2026-04-22,KTR,9.408649,719,21881279352.33
2026-04-22,KTS,13.489108,708,101255192.21
2026-04-22,KTT,65.602195,1411,5349499292.33
2026-04-22,KTU,26.413922,1,694318583.26
2026-04-22,KTV,6.831073,45594,26600354086.40
2026-04-22,KUA,1.403480,2204,159785605.45
2026-04-22,KUB,0.689714,4135,323561955.39
2026-04-22,KUD,1.517840,955,65841578.49
2026-04-22,KUP,46.876139,132,1646316688.93
2026-04-22,KUT,12.848813,46589,9922399919.12
2026-04-22,KU3,0.999907,435,28892894.82
2026-04-22,KVA,1.554741,1,570700194.28
2026-04-22,KVK,1.144817,152,487000371.37
2026-04-22,KVR,1.139090,43,134631417.02
2026-04-22,KVS,3.329356,2385,17128789292.80
2026-04-22,KVT,1.371906,2981,124676704.08
2026-04-22,KYA,1.288033,1947,83456975.44
2026-04-22,KYR,0.812647,11,517610762.53
2026-04-22,KYS,50.339616,4,10314587.23
2026-04-22,KZL,28.840042,69319,87831991116.19
2026-04-22,KZO,2.027142,3,1102591298.00
2026-04-22,KZU,2.435823,6552,513677314.15
2026-04-22,LAI,1.917387,11,99117.38
2026-04-22,LET,52.057864,2,706026973.34
2026-04-22,LFD,8.279158,1,2356478235.99
2026-04-22,LGK,1.260505,1,1469802994.06
2026-04-22,LGO,6.122878,12,334454333.38
2026-04-22,LHM,76.966691,4,725521967.81
2026-04-22,LHP,53.278685,103,92602775.97
2026-04-22,LKT,1.659342,337,348067365.48
2026-04-22,LLA,1.378300,1035,54343772.89
2026-04-22,LPH,1.260449,862,656230787.31
2026-04-22,LRT,3.254088,11,753910995.09
2026-04-22,LTC,1.441964,398,218990333.87
2026-04-22,LTS,3.962876,14,1411998240.53
2026-04-22,LZV,9.893288,2,112517111.83
2026-04-22,MAC,0.777268,38866,4914793605.06
2026-04-22,MAD,1.033401,400,24000691.01
2026-04-22,MAS,13.117803,89,911172659.12
2026-04-22,MAV,55.419255,1,875547469.89
2026-04-22,MBL,0.254217,223,21276900.64
2026-04-22,MBR,1.510370,220,123876876.61
2026-04-22,MCU,1.236487,166,24912811.37
2026-04-22,MDF,1.285462,1422,843954891.82
2026-04-22,MD1,1.994203,611,64436547.16
2026-04-22,MD2,1.892295,728,175221121.06
2026-04-22,MET,5.358322,6894,709111947.68
2026-04-22,MGB,1.391520,564,72160748.72
2026-04-22,MGD,0.898443,1,603844306.46
2026-04-22,MGE,9.257305,69,5275812010.39
2026-04-22,MGH,2.033187,872,640538365.70
2026-04-22,MHF,1.950899,1361,71703101.78
2026-04-22,MIK,2.994138,14,958217.06
2026-04-22,MJB,7.303629,832,64558518.89
2026-04-22,MJE,54.672028,943,6549967643.97
2026-04-22,MJG,12.224584,8695,1213349603.35
2026-04-22,MJH,4.626332,18,42628402.87
2026-04-22,MJK,36.509074,490,2309730916.55
2026-04-22,MJL,57.802921,633,901910415.94
2026-04-22,MKA,1.335110,1877,102316601.43
2026-04-22,MKG,17.938351,9316,1647629865.73
2026-04-22,MKL,58.281808,1,752162687.47
2026-04-22,MLS,16.501460,4,1233679380.95
2026-04-22,MLT,1.350198,151,47206075.18
2026-04-22,MMH,16.761996,1592,180940219.46
2026-04-22,MOD,56.341831,2,703105822.49
2026-04-22,MOZ,1.175183,140,271450378.80
2026-04-22,MPD,56.285974,787,3969952457.75
2026-04-22,MPE,1.273327,86,87049112.73
2026-04-22,MPF,7.364283,1942,1436585129.10
2026-04-22,MPI,2.738192,22,79963770.30
2026-04-22,MPK,8.756654,1478,279331497.29
2026-04-22,MPL,1.813841,1425,2106043796.61
2026-04-22,MPN,57.592504,328,370644740.19
2026-04-22,MPP,22.462344,1805,626212439.99
2026-04-22,MPS,23.870497,2669,163236304.00
2026-04-22,MP2,1.904203,13,5048620241.88
2026-04-22,MP4,2.643129,15,5187595232.42
2026-04-22,MRI,1.300726,142,15419444.62
2026-04-22,MSK,3.480035,1,1043729560.33
2026-04-22,MSO,54.533627,1,531450921.91
2026-04-22,MSR,2.035559,16,37481039.68
2026-04-22,MTD,1.368211,1967,185833191.74
2026-04-22,MTE,4.996005,17,612115593.41
2026-04-22,MTF,1.276254,41,63320118.08
2026-04-22,MTG,1.453117,145,38444042.42
2026-04-22,MTH,1.916652,5013,768817626.40
2026-04-22,MTI,0.017209,2,2058216.28
2026-04-22,MTK,1.505402,513,54692412.21
2026-04-22,MTL,3.055787,14,8003491096.04
2026-04-22,MTS,2.703419,762,94999869.11
2026-04-22,MTU,1.223256,18,1208674.47
2026-04-22,MTV,4.856533,12984,128082253.11
2026-04-22,MTX,4.658469,2265,102845915.48
2026-04-22,MT1,42.543156,22,34239668.09
2026-04-22,MT2,1.215668,4758,10858048347.39
2026-04-22,MT5,1.340331,18,495591876.87
2026-04-22,MT6,1.966498,13,943344578.30
2026-04-22,MT7,0.695489,15,90771740.29
2026-04-22,MT8,1.801485,16,2737004720.00
2026-04-22,MT9,0.743792,17,8336938133.30
2026-04-22,MUL,1.795044,13,9268094.71
2026-04-22,MUT,1.747812,1798,933919710.45
2026-04-22,NAK,1.103729,188,142707178.89
2026-04-22,NAL,1.829377,22,1384708225.98
2026-04-22,NAU,3.236674,12600,3195663902.95
2026-04-22,NBE,1.585584,11,1000634165.79
2026-04-22,NBH,5.852502,146,1075410466.09
2026-04-22,NBO,1.324449,409,1548315465.76
2026-04-22,NBZ,67.067256,286,1386100838.97
2026-04-22,NCS,53.183848,1856,7856191167.18
2026-04-22,NCU,56.376712,12,136532274.40
2026-04-22,NDL,2.082218,1,11741865.29
2026-04-22,NDS,0.846115,12,509317068.35
2026-04-22,NES,2.028846,2,2026825798.56
2026-04-22,NFF,1.205324,49,1801024273.07
2026-04-22,NFH,2.068692,51,138103551.15
2026-04-22,NFK,4.646469,98,1527320783.69
2026-04-22,NHP,5.307039,171,11922978.71
2026-04-22,NHT,59.520253,2,590153788.21
2026-04-22,NHV,4.088394,2,7534725956.37
2026-04-22,NHY,5.560687,2509,171069365.64
2026-04-22,NIG,0.980822,12,247973627.61
2026-04-22,NIS,1.513491,26,1017814616.72
2026-04-22,NJF,12.643720,1765,1329809615.46
2026-04-22,NJG,2.694238,15,66036303.16
2026-04-22,NJR,5.062551,2840,1258997705.40
2026-04-22,NJY,6.625870,1356,291662183.87
2026-04-22,NKA,46.017037,15,156800292.55
2026-04-22,NKC,1.263140,1310,536463034.38
2026-04-22,NKH,1.512511,12,140457784.54
2026-04-22,NKJ,15.042375,1,1543925854.86
2026-04-22,NKK,7.813049,11,1491553809.47
2026-04-22,NKL,3.111773,2516,16496239878.09
2026-04-22,NKM,0.998317,573,51906558.29
2026-04-22,NKP,1.170427,3171,167147687.23
2026-04-22,NKS,1.784364,11,24089087.15
2026-04-22,NKT,1.338138,427,55108743.69
2026-04-22,NKV,2.029833,1,13158830696.88
2026-04-22,NLC,47.299797,14,140949704.20
2026-04-22,NLD,50.547081,1,1324426179.35
2026-04-22,NLE,1.435976,11651,413872979.74
2026-04-22,NLK,1.649009,1156,5076593085.53
2026-04-22,NLL,3.635808,23,1473209437.21
2026-04-22,NME,54.600230,64,71894142.72
2026-04-22,NMG,119.523723,11,2698988730.99
2026-04-22,NMU,1.096981,50,27883181.50
2026-04-22,NNF,22.626095,22453,3169514549.52
2026-04-22,NOA,1.449153,11,551580983.60
2026-04-22,NOI,1.292297,13,887622369.20
2026-04-22,NOV,58.950447,1,832494022.72
2026-04-22,NPH,1.728027,1014,292275461.84
2026-04-22,NPK,1.474290,1,874300949.29
2026-04-22,NP1,4.983753,166,1491072866.13
2026-04-22,NRC,11.483829,4195,246503909.11
2026-04-22,NRG,4.900944,3819,6531418194.70
2026-04-22,NRM,136.460218,12,353277355.51
2026-04-22,NSA,2.238692,305,1443001143.71
2026-04-22,NSD,59.822517,138,13433970028.98
2026-04-22,NSH,1.934733,1474,1409328524.88
2026-04-22,NSK,5.927759,103,375704704.28
2026-04-22,NSP,1.621281,2660,1583775937.66
2026-04-22,NSS,58.117333,1,999752257.86
2026-04-22,NST,1.217161,4441,85152218.65
2026-04-22,NSY,1.301546,76,1107218215.08
2026-04-22,NTB,5.754415,1,3170476987.31
2026-04-22,NTD,0.433486,1,587557126.56
2026-04-22,NTF,2.783622,10,228437213.57
2026-04-22,NTI,1.306350,570,143990159.16
2026-04-22,NTO,60.643676,1,3283519456.79
2026-04-22,NTS,2.714410,33,199959610.83
2026-04-22,NUB,56.435762,876,1987563768.96
2026-04-22,NUG,45.724621,11,3047845372.68
2026-04-22,NUH,1.231145,870,88020916.93
2026-04-22,NVB,4.246585,5273,5790425569.25
2026-04-22,NVC,4.534732,102,11538703.09
2026-04-22,NVK,43.376524,18,38735452.42
2026-04-22,NVP,63.391680,1,56804903.65
2026-04-22,NVT,4.113861,74,631797979.20
2026-04-22,NVZ,54.529835,312,677417272.49
2026-04-22,NYH,57.551851,1,989306771.24
2026-04-22,NZH,3.217486,291,225093485.55
2026-04-22,NZT,5.338958,456,6149001671.97
2026-04-22,NZU,47.245141,39,51511991.52
2026-04-22,OAB,71.503422,3,628059886.38
2026-04-22,OBI,2.825432,511,273727366.51
2026-04-22,OBN,54.334437,137,157002399.26
2026-04-22,OBP,0.190497,865,35540336.51
2026-04-22,OBR,49.995268,11465,47804997941.36
2026-04-22,OCM,64.101179,2,467972386.08
2026-04-22,OCN,46.915867,4,109816204.79
2026-04-22,OCT,68.254888,5,439875722.14
2026-04-22,ODD,10.049458,34,428465244.03
2026-04-22,ODG,1.036802,27,26955093.19
2026-04-22,ODN,52.585771,172,165890544.12
2026-04-22,ODP,5.995154,120,216174213.75
2026-04-22,ODS,65.803026,132,123365736.61
2026-04-22,ODV,19.556552,4305,1713926238.91
2026-04-22,OFA,54.484742,146,244369953.36
2026-04-22,OFB,9.991552,13,903587279.58
2026-04-22,OFI,3.819545,731,151715524.87
2026-04-22,OFK,48.378360,293,1118153255.07
2026-04-22,OFO,64.469596,1,2025235267.61
2026-04-22,OFS,7.836484,509,183388999.31
2026-04-22,OGD,11.934528,3413,837509629.96
2026-04-22,OGF,8.290059,441,125389076.55
2026-04-22,OGV,66.835540,1,305615530.30
2026-04-22,OHB,23.945093,1160,1514895896.47
2026-04-22,OHI,0.021238,46,54815263.27
2026-04-22,OHK,2.592180,1160,27968827.90
2026-04-22,OIL,3.969558,677,45771896.95
2026-04-22,OIR,4.670863,272,26312463.42
2026-04-22,OIS,3.144041,2,599392350.22
2026-04-22,OJB,49.390502,7481,28821079922.33
2026-04-22,OJH,9.746390,30,27685516.12
2026-04-22,OJK,13.642043,30692,51519377463.31
2026-04-22,OJT,10.710802,11132,3202264210.91
2026-04-22,OJU,63.512434,2,53811100.37
2026-04-22,OJY,74.042037,6,2716477276.51
2026-04-22,OKD,0.576443,1069,89052390.97
2026-04-22,OKF,4.171046,12,7395157826.32
2026-04-22,OKP,5.708294,453,73952293.73
2026-04-22,OKT,0.144176,868,109258214.47
2026-04-22,OLA,51.682055,33,19759030.96
2026-04-22,OLD,3.098573,6013,152034309.78
2026-04-22,OLE,4.446544,508,312723562.91
2026-04-22,OMB,59.236970,3,182251186.89
2026-04-22,OMC,67.143285,2,391397277.57
2026-04-22,OME,22.676132,69,77462006.48
2026-04-22,OMG,1.747420,686,1234970106.70
2026-04-22,ONB,48.548568,582,5742081008.36
2026-04-22,OND,44.866816,636,3315209071.17
2026-04-22,ONE,1.500622,789,40843723.25
2026-04-22,ONF,61.135657,614,2526117885.22
2026-04-22,ONK,56.813871,22334,74806159506.44
2026-04-22,ONN,5.719594,831,1751244501.85
2026-04-22,ONS,50.102486,23152,152540945099.39
2026-04-22,ONT,49.004946,421,5633800615.03
2026-04-22,ONY,61.801769,748,2230425525.74
2026-04-22,OPB,12.373004,440,46955092.18
2026-04-22,OPD,7.532422,21,59928412.78
2026-04-22,OPF,2.738175,952,294780236.71
2026-04-22,OPH,24.679928,2731,824367804.11
2026-04-22,OPI,23.700465,1496,232810684.63
2026-04-22,OPJ,1.486572,2543,732963855.51
2026-04-22,OPL,9.325265,1001,108300870.27
2026-04-22,OPZ,5.210695,1,652154854.06
2026-04-22,ORC,1.458981,47,1165547532.56
2026-04-22,ORI,56.524000,5,1553031390.64
2026-04-22,OSD,12.473732,950,575047067.26
2026-04-22,OSF,97.950272,17,5766899863.70
2026-04-22,OSH,0.523974,17,59103310.92
2026-04-22,OSL,0.137453,4385,1173159586.44
2026-04-22,OSN,1.411106,122,40742472.63
2026-04-22,OTE,62.469873,2,189005350.60
2026-04-22,OTF,6.146283,1835,746536785.75
2026-04-22,OTJ,7.717237,27499,4051728963.11
2026-04-22,OTK,7.465854,62,3911943.24
2026-04-22,OTM,1.338101,103,14250635.41
2026-04-22,OTZ,65.442557,4,292672663.18
2026-04-22,OUB,6.198435,14,774560983.23
2026-04-22,OUD,62.083973,127,125582776.93
2026-04-22,OUN,50.182922,210,177156804.80
2026-04-22,OUR,78.379564,11,29584915.10
2026-04-22,OUY,61.845345,2,1574099158.43
2026-04-22,OVD,3.144999,3241,813140378.21
2026-04-22,OVR,65.356617,1,466185678.38
2026-04-22,OVT,76.517479,1,719928854.04
2026-04-22,OYL,0.142529,9125,3668725285.28
2026-04-22,OYS,9.197715,11,16737318788.57
2026-04-22,OYT,0.120989,73,1846255816.86
2026-04-22,OZC,2.896842,1,1049005236.13
2026-04-22,PAB,1.230589,413,80076637.97
2026-04-22,PAC,3.292144,1,843668663.65
2026-04-22,PAF,3.650865,4106,371805852.52
2026-04-22,PAI,6.266251,717,880133570.57
2026-04-22,PAL,52.804628,33056,167122155535.11
2026-04-22,PAO,1.383196,357,13770922.85
2026-04-22,PAU,62.819116,3841,10523116901.65
2026-04-22,PBE,3.818665,11,35219458.22
2026-04-22,PBF,1.880031,2,2561039337.30
2026-04-22,PBH,1.635593,12,3905354458.73
2026-04-22,PBI,2.037703,305,97111534.66
2026-04-22,PBK,54.869136,142,134498738.12
2026-04-22,PBN,1.364408,967,493348134.14
2026-04-22,PBR,3.753306,32541,12521530757.93
2026-04-22,PBS,64.486727,22,355345724.29
2026-04-22,PBY,2.875079,56,219954294.72
2026-04-22,PCE,1.152698,212,221934902.68
2026-04-22,PCH,3.509006,57,857800813.98
2026-04-22,PCN,60.632893,13,522240138.94
2026-04-22,PCS,3.900525,39,32529332322.42
2026-04-22,PDC,0.647034,13,949951903.72
2026-04-22,PDD,5.350134,198,965542956.34
2026-04-22,PDE,1.215558,13,12509056596.49
2026-04-22,PDF,56.024818,62,461276082.53
2026-04-22,PDG,0.176528,12,872229038.28
2026-04-22,PDH,16.405330,79,5507720632.89
2026-04-22,PDS,0.282530,43,690653130.71
2026-04-22,PEA,1.507671,97,75320713.21
2026-04-22,PFO,2.246206,328,76937805.39
2026-04-22,PFS,2.668999,100,22187460.18
2026-04-22,PGD,1.572312,101,140169964.23
2026-04-22,PGE,13.010667,46,5254128992.84
2026-04-22,PGH,6.853739,12,9092140635.47
2026-04-22,PGS,1.242088,541,199114287.27
2026-04-22,PHB,1.393979,13,536153879.76
2026-04-22,PHE,2.830321,86661,35067835472.59
2026-04-22,PHF,0.935794,12,275176297.60
2026-04-22,PHI,1.500078,121,68487373.36
2026-04-22,PHK,1.460002,215,74611896.09
2026-04-22,PHN,499.028222,15,13969612398.78
2026-04-22,PHS,4.197083,20,378191082.21
2026-04-22,PHY,7.976752,46,1098498053.57
2026-04-22,PID,1.680420,92,51985429.47
2026-04-22,PIL,3.952951,8198,522716523.56
2026-04-22,PIP,1.479414,477,45867922910.12
2026-04-22,PIR,1.725624,1311,216193549.87
2026-04-22,PIS,1.263592,292,1582417193.74
2026-04-22,PJL,4.579163,3096,1403497507.66
2026-04-22,PJP,46.211974,15,369371380.58
2026-04-22,PKD,0.856613,54,13927161.31
2026-04-22,PKF,4.861444,1753,627663018.39
2026-04-22,PKH,0.894120,11,97773522.60
2026-04-22,PKL,2.215216,14,5616423130.26
2026-04-22,PKN,1.907049,15,251891095.27
2026-04-22,PKP,1.104241,69,425129952.10
2026-04-22,PKR,1.376443,158,616982329.63
2026-04-22,PKT,1.398973,684,9036114284.77
2026-04-22,PKU,6.553047,46,5530008607.97
2026-04-22,PKV,1.776285,3699,16734374678.82
2026-04-22,PKZ,7.381426,13,44714831921.17
2026-04-22,PLA,1.117876,115,2670936.61
2026-04-22,PLR,1.465732,754,601456530.30
2026-04-22,PLS,25.542732,8,903666262.61
2026-04-22,PMG,1.578256,1,1380471715.75
2026-04-22,PMH,0.017501,44,16750758.13
2026-04-22,PMP,1.209285,813,48583401.15
2026-04-22,PNU,1.055471,1197,6029328860.05
2026-04-22,POB,4.768106,46,4921020008.20
2026-04-22,POD,63.777648,1423,4554342068.32
2026-04-22,POF,6.867670,46,6007679564.45
2026-04-22,POH,1.127536,4,1929643003.73
2026-04-22,POI,0.103128,43,258252332.24
2026-04-22,POS,1.186290,566,57347863.27
2026-04-22,POU,2.251456,75,6357974205.18
2026-04-22,PO7,0.945777,44,2702714087.88
2026-04-22,PO8,3.564245,51,418006317.51
2026-04-22,PO9,0.866838,153,13377991.64
2026-04-22,PPB,10.355750,1874,415779691.03
2026-04-22,PPD,33.721444,104,2092111217.65
2026-04-22,PPE,58.463171,75,773928328.66
2026-04-22,PPF,4.577171,22,492326579.55
2026-04-22,PPG,1.282473,983,875558211.63
2026-04-22,PPH,1.640901,3589,108167724.07
2026-04-22,PPI,2.015210,3156,7428643862.84
2026-04-22,PPJ,1.621284,6524,54312499309.62
2026-04-22,PPK,1.981108,2727,5460854407.98
2026-04-22,PPM,1.933616,217,291677687.98
2026-04-22,PPN,5.056000,15129,12449245023.98
2026-04-22,PPO,1.471311,45,90027650.21
2026-04-22,PPP,2.747474,391,4300886838.74
2026-04-22,PPS,4.129819,6445,2157198849.26
2026-04-22,PPT,2.843563,3679,1930937375.87
2026-04-22,PPU,2.227981,46,204318841.79
2026-04-22,PPV,1.009580,21,102897542.09
2026-04-22,PPZ,5.792995,8023,13006079926.08
2026-04-22,PP1,1.685675,369,44467562.89
2026-04-22,PRD,2.043733,640,416958796.88
2026-04-22,PRF,58.957739,2,161842236.45
2026-04-22,PRH,1.925315,384,604322642.51
2026-04-22,PRR,1.174439,117,427329558.07
2026-04-22,PRU,3.140209,1550,3011888318.21
2026-04-22,PRV,1.181556,74,2494822143.81
2026-04-22,PRY,2.713819,37106,72889827330.57
2026-04-22,PRZ,0.000000,0,13812.88
2026-04-22,PSD,49.989231,1,2547559429.44
2026-04-22,PSE,1.608841,6345,18619353708.56
2026-04-22,PSG,8.919881,15,147401383.97
2026-04-22,PSH,1.012516,68,14029389.11
2026-04-22,PSL,7.754257,53,702818540.45
2026-04-22,PSO,0.412543,1,844174215.79
2026-04-22,PSR,6.485524,46,163510450.00
2026-04-22,PSS,5.300133,11,355028617.18
2026-04-22,PST,0.025904,51,318408483.54
2026-04-22,PTC,61.145265,16,974945171.20
2026-04-22,PTE,1.492812,4647,43653697427.45
2026-04-22,PTF,1.308741,386,1090930434.35
2026-04-22,PTG,59.674625,1,116305843.60
2026-04-22,PTL,1.641571,736,531687604.03
2026-04-22,PTN,1.658369,1090,774188036.99
2026-04-22,PTO,1.438060,525,287704921.27
2026-04-22,PTP,1.052736,164,21503662.84
2026-04-22,PTS,1.405761,631,6225877779.94
2026-04-22,PUA,9.025655,1,4488202441.48
2026-04-22,PUC,6.473180,798,1303052539.81
2026-04-22,PUH,1.537933,26,357176555.92
2026-04-22,PUR,9.172769,41588,126448508202.39
2026-04-22,PUT,7.353069,1,6454431304.23
2026-04-22,PUV,53.054718,1,1132709373.35
2026-04-22,PUZ,9.182684,2,148030845.98
2026-04-22,PVK,5.111067,8591,37667750150.99
2026-04-22,PYB,1.643795,321,917324480.63
2026-04-22,PYD,0.712490,45,130055013.62
2026-04-22,PYF,9.334633,10,776615774.42
2026-04-22,PYH,7.340577,11,5362695499.47
2026-04-22,PYI,3.926022,45,1479810111.25
2026-04-22,PYL,8.715941,33,400316864.49
2026-04-22,PYR,2.077130,1814,156483367.49
2026-04-22,PYS,55.308193,49,1325825984.82
2026-04-22,P1A,1.325477,293,949949414.36
2026-04-22,RAF,3.555288,12,188193888.39
2026-04-22,RAI,2.022034,1,5278253890.71
2026-04-22,RAN,54.072120,1,1004754838.91
2026-04-22,RAV,1.335030,12,1036891377.73
2026-04-22,RAY,3.636521,1,1588408490.04
2026-04-22,RBA,22.390553,6560,2393081767.64
2026-04-22,RBB,1.471086,42,41252131.40
2026-04-22,RBE,3.753570,16,2634584170.58
2026-04-22,RBF,1.669870,90,28070434.65
2026-04-22,RBH,31.388064,5170,993544013.91
2026-04-22,RBI,53.769812,130,197025333.27
2026-04-22,RBK,8.034656,1095,46558624.82
2026-04-22,RBL,1.608578,846,373633144.81
2026-04-22,RBN,1.524123,204,43389602.16
2026-04-22,RBP,1.971645,707,2392605528.07
2026-04-22,RBR,2.861402,114,31916740.88
2026-04-22,RBT,5.767849,1786,612020074.30
2026-04-22,RBV,6.113638,15521,5723977981.28
2026-04-22,RCL,57.061292,1,153210198.03
2026-04-22,RCS,5.610481,1,2576102.91
2026-04-22,RCV,1.578218,91,136809562.08
2026-04-22,RDF,1.563676,1215,241405598.59
2026-04-22,RDH,4.166959,18,1783843040.15
2026-04-22,RDK,1.329983,2,617157.41
2026-04-22,RDS,0.000000,0,43.80
2026-04-22,RDT,0.992497,56,73583351.05
2026-04-22,RDZ,46.535725,115,614070913.52
2026-04-22,RD1,1.747156,168,62050751.04
2026-04-22,RE7,1.081299,12,182825677.07
2026-04-22,RE8,3.185449,12,1208912590.95
2026-04-22,RGD,1.035569,160,32054103.64
2026-04-22,RGH,1.059675,34,39009387.74
2026-04-22,RHD,1.834007,12,142374366.54
2026-04-22,RHI,1.582184,572,99791069.07
2026-04-22,RHS,7.444191,1799,846366126.68
2026-04-22,RIA,1.247889,81,161075654.98
2026-04-22,RIH,6.682387,609,192577829.04
2026-04-22,RIK,5.360529,6991,1483298230.14
2026-04-22,RJG,3.536444,653,136928687.99
2026-04-22,RKC,1.573601,461,120711261.39
2026-04-22,RKH,0.988321,89,8584588.46
2026-04-22,RKL,3.064937,1,2398626535.22
2026-04-22,RKS,1.880315,132,124871599.55
2026-04-22,RKV,2.295440,260,544746246.96
2026-04-22,RLH,1.534174,26,251149924.21
2026-04-22,ROD,51.812911,849,3030275435.91
2026-04-22,ROF,3.239106,1232,578012147.79
2026-04-22,ROS,0.000000,0,15.02
2026-04-22,ROY,1.234331,11,137521507.87
2026-04-22,RO1,1.136048,25,181845790.55
2026-04-22,RPC,4.816003,563,27108282.33
2026-04-22,RPD,13.220816,2265,307727693.37
2026-04-22,RPE,0.000000,0,4.40
2026-04-22,RPG,6.304160,1689,1446447697.46
2026-04-22,RPI,1.348652,343,17041196.18
2026-04-22,RPK,59.619481,5,115943555.61
2026-04-22,RPL,1.536850,12,111864977.30
2026-04-22,RPM,3.892462,2893,66105795.71
2026-04-22,RPN,5.137343,23,817141226.86
2026-04-22,RPO,6.798645,3,1651956241.34
2026-04-22,RPP,4.360570,8596,5947261195.30
2026-04-22,RPS,59.909657,112,206532852.12
2026-04-22,RPT,4.546872,206,1210060585.92
2026-04-22,RPU,3.247314,12,2341753614.04
2026-04-22,RPX,58.491570,148,1553615345.42
2026-04-22,RRA,1.320041,230,2854295367.91
2026-04-22,RRP,1.451528,74,164437139.19
2026-04-22,RSF,3.877339,13,971497280.57
2026-04-22,RSK,1.602827,181,184002165.18
2026-04-22,RSY,0.981495,11,144715362.29
2026-04-22,RSZ,5.627984,25,1243986853.11
2026-04-22,RS1,1.414915,125,514569822.28
2026-04-22,RTA,1.857561,15,3411445763.29
2026-04-22,RTB,2.372537,11,349148640.45
2026-04-22,RTD,1.710361,223,20907430.58
2026-04-22,RTG,4.854945,4083,174192478.01
2026-04-22,RTH,6.292582,327,32363145.17
2026-04-22,RTI,2.979247,49,27113703614.67
2026-04-22,RTP,12.161868,2358,482168903.48
2026-04-22,RUH,2.524037,17,87061980.67
2026-04-22,RUT,2.144121,3831,120339541.68
2026-04-22,RVI,1.308051,11,19645674.17
2026-04-22,RVS,2.656099,20,4127722979.33
2026-04-22,RYA,1.170862,1,351992174.87
2026-04-22,RYB,46.362040,11,4637826.71
2026-04-22,RYD,1.442945,13,318854943.30
2026-04-22,RYF,15.286867,32,483677806.99
2026-04-22,RYU,45.563388,45,256967166.50
2026-04-22,RZR,4.692160,2,16601979.58
2026-04-22,SAP,1.628658,343,216865543.28
2026-04-22,SAR,49.227666,9,835088429.02
2026-04-22,SAS,1.730667,47308,1540944641.65
2026-04-22,SAT,295.586975,4,2350692074.77
2026-04-22,SBH,1.961391,1129,324005416.00
2026-04-22,SBI,4.325812,15,40863121.92
2026-04-22,SBR,1.345585,25,15513221.46
2026-04-22,SBS,66.805773,1,228782716.94
2026-04-22,SCZ,1.386264,189,81883794.89
2026-04-22,SDA,46.666758,1071,5935243515.81
2026-04-22,SEH,1.152071,46,55218316.95
2026-04-22,SER,54.040877,794,6573806301.48
2026-04-22,SFA,17.831675,16,891174847.21
2026-04-22,SFS,1.310474,81,29905620.98
2026-04-22,SGT,1.466536,829,234052171.00
2026-04-22,SHE,3.714741,728,58663646.35
2026-04-22,SHI,2.451389,47,1623392013.50
2026-04-22,SHU,1.438919,18,225169669.37
2026-04-22,SIS,1.801886,11,60027947.33
2026-04-22,SJP,57.916274,29,299446886.78
2026-04-22,SKL,1.790074,821,208280290.63
2026-04-22,SKO,1.693931,5286,319917507.31
2026-04-22,SKS,47.332910,3,1183322753.86
2026-04-22,SKT,0.103806,2055,40463316.50
2026-04-22,SKZ,0.906147,1730,259358941.03
2026-04-22,SLF,9.959028,7017,1249640586.74
2026-04-22,SLG,1.344268,954,432323473.09
2026-04-22,SLR,0.319529,5,1213154222.24
2026-04-22,SLS,1.014861,11,111634.73
2026-04-22,SMP,1.023362,1,1432707169.72
2026-04-22,SNY,2.531983,685,895497281.68
2026-04-22,SOS,1.352350,159,9942766.31
2026-04-22,SPA,63.115618,207,2900410232.56
2026-04-22,SPD,76.194327,1,322629639.35
2026-04-22,SPE,99.963861,1145,3603259751.82
2026-04-22,SPN,8.953774,502,2539051310.01
2026-04-22,SPP,1.392203,149,218532353.64
2026-04-22,SPR,1.266134,166,15814716.36
2026-04-22,SPT,1.978079,933,99059542.00
2026-04-22,SRA,19.592737,1,3903984688.67
2026-04-22,SRE,59.917467,1,937780087.43
2026-04-22,SRL,1.458957,315,19126947.40
2026-04-22,SRO,25.141388,6,7008284584.11
2026-04-22,SSD,51.828801,1,535527666.91
2026-04-22,SSE,0.004167,11,130728271.90
2026-04-22,SSF,1.023461,15,1323997.14
2026-04-22,SSK,1.499468,498,36538991.85
2026-04-22,SSN,54.970697,4,717283440.18
2026-04-22,SSO,13.053384,1,6655633873.88
2026-04-22,SSS,1.436097,4906,251153710.95
2026-04-22,SST,1.459789,22,8613501.02
2026-04-22,STI,1.248950,92,132808462.44
2026-04-22,STM,4.725377,12,563978.52
2026-04-22,STS,80.140377,27,403828964.51
2026-04-22,STZ,24.837903,85,568848985.03
2026-04-22,ST1,194.050261,3184,708382935.52
2026-04-22,SUA,0.531559,1385,2578169168.13
2026-04-22,SUB,0.394378,845,113759859.43
2026-04-22,SUC,19.996984,525,445915880.50
2026-04-22,SUR,1.203370,106,190721329.63
2026-04-22,SVB,9.234802,1616,292478365.20
2026-04-22,SVS,2.544481,1,1654494506.61
2026-04-22,SVY,1.589133,2,3367711783.89
2026-04-22,SYF,304.581245,6,2385416347.58
2026-04-22,SYL,4189.675015,1,1159727182.08
2026-04-22,SYR,48.321925,22,310035353.18
2026-04-22,SYS,45.864039,123,1655123777.00
2026-04-22,TAL,2.883662,826,39622572.71
2026-04-22,TAO,19.465927,1,1028899531.30
2026-04-22,TAR,2.294639,6737,116889610.59
2026-04-22,TAU,0.706094,38849,2662303899.27
2026-04-22,TAZ,2.322314,2,1095015167.52
2026-04-22,TBP,0.259141,209,442466415.31
2026-04-22,TBT,51.508223,2796,424319104.49
2026-04-22,TBV,0.363053,8387,1305703267.76
2026-04-22,TB9,49.480179,11364,40946178313.50
2026-04-22,TCA,0.829603,51316,16234200654.59
2026-04-22,TCB,0.206395,4962,3829116584.05
2026-04-22,TCC,0.077489,297,347133635.53
2026-04-22,TCD,46.012029,12636,1471951602.40
2026-04-22,TCF,4.050905,3376,5395512411.21
2026-04-22,TCG,1.346843,1,190789969.67
2026-04-22,TCH,2.043358,74,279965354.79
2026-04-22,TCI,10.141421,17,1312776302.17
2026-04-22,TCS,41.777282,45,1449390436.18
2026-04-22,TDG,0.496328,2149,658996538.03
2026-04-22,TDP,55.547369,44,303273469.22
2026-04-22,TEJ,2.202039,1110,538698147.22
2026-04-22,TE3,38.410273,3288,1278433345.23
2026-04-22,TE4,5.819892,1741,2381934450.51
2026-04-22,TFE,2.507495,103,30945866.44
2026-04-22,TFF,34.833457,8543,1152808069.28
2026-04-22,TFU,1.159676,3176,806548324.16
2026-04-22,TGA,0.459795,6834,845715747.24
2026-04-22,TGE,0.271674,42266,3419928654.78
2026-04-22,TGN,1.273421,1986,2395920465.30
2026-04-22,TGR,6.681429,5986,122667742.19
2026-04-22,TGT,0.106338,62221,3254748440.87
2026-04-22,TGV,17.661277,13,11237105280.08
2026-04-22,TGZ,5.412656,11,985683645.50
2026-04-22,THD,2.729978,214,9180043.69
2026-04-22,THF,2.205171,7597,1156131256.77
2026-04-22,THG,6.325073,189,164964636.94
2026-04-22,THH,134.511095,1,1716160076.69
2026-04-22,THO,46.921461,12,2241548343.87
2026-04-22,THS,59.016622,1,387217143.68
2026-04-22,THT,0.242954,363,8766900.71
2026-04-22,THV,80.270785,21,3619773781.42
2026-04-22,TIE,0.755757,17869,1890010137.64
2026-04-22,TIL,1.374128,1663,92051077.33
2026-04-22,TIP,46.495783,29,156187798.35
2026-04-22,TIV,47.079408,112888,19451040859.40
2026-04-22,TI1,1467.280434,228021,173234394912.75
2026-04-22,TI2,0.132997,22830,4279724072.92
2026-04-22,TI3,0.125273,24886,2521492743.47
2026-04-22,TI4,0.059146,16026,2277643532.20
2026-04-22,TI6,0.050233,4862,799987148.16
2026-04-22,TI7,72.397666,10704,1339764058.80
2026-04-22,TJB,9.491526,1,775480699.65
2026-04-22,TJF,5.174299,580,61239662.28
2026-04-22,TJI,6.151528,923,725300849.34
2026-04-22,TJL,21.026485,4,1429612609.05
2026-04-22,TJT,64.058250,2003,2381231426.41
2026-04-22,TKF,65.200469,4649,1040738035.42
2026-04-22,TKH,2.178563,1,444961882.74
2026-04-22,TKK,1.704087,114708,1817175280.87
2026-04-22,TKM,0.189491,499638,61344480646.17
2026-04-22,TLE,26.573401,993,561588340.61
2026-04-22,TLH,31.471927,444,148493867.75
2026-04-22,TLK,1.557593,907,2635696920.67
2026-04-22,TLT,65.706615,1,372140519.79
2026-04-22,TLU,49.602459,547,9998456057.74
2026-04-22,TLV,1.197408,7418,4416597350.45
2026-04-22,TLY,5099.616212,84328,121821671915.95
2026-04-22,TLZ,17.657719,809,57121732.06
2026-04-22,TMC,0.149202,11070,100684632.77
2026-04-22,TMG,1.249268,32645,4453710694.52
2026-04-22,TMM,65.188503,1204,820907994.03
2026-04-22,TMR,7.088023,1,9031027493.88
2026-04-22,TMS,1.859558,88,332133676.91
2026-04-22,TMU,1.290756,101,108003918.56
2026-04-22,TMV,5.088330,1488,5724164804.12
2026-04-22,TMZ,1.825073,2524,47993353.38
2026-04-22,TNA,1.608181,1,5487838160.26
2026-04-22,TNB,47.357621,87,717901321.69
2026-04-22,TND,1.324463,389,174493219.05
2026-04-22,TNF,3.729144,3,4732791574.16
2026-04-22,TNH,12.140722,2,110419949.10
2026-04-22,TNI,10.053785,3636,10272187130.63
2026-04-22,TNK,29.936452,75518,3573500675.91
2026-04-22,TNS,10.362133,30,385798621.36
2026-04-22,TOK,55.880032,7355,23763859613.76
2026-04-22,TOT,841.223938,798,117288488.80
2026-04-22,TO8,53.305891,99,753825418.27
2026-04-22,TPC,13.972858,17781,8257060717.59
2026-04-22,TPE,0.506270,34,2299678796.64
2026-04-22,TPF,9.837645,598,165102300.63
2026-04-22,TPJ,72.559903,1615,2459878442.54
2026-04-22,TPL,19.742553,1429,690108024.32
2026-04-22,TPO,0.162965,3,96073548.88
2026-04-22,TPP,67.962589,414,1501293594.73
2026-04-22,TPR,0.495250,2,302048033.89
2026-04-22,TPV,10.280834,38,6483844.14
2026-04-22,TPZ,26.224903,1557,137507996.69
2026-04-22,TP1,63.074574,1,357455848.69
2026-04-22,TP2,1.859155,96413,128894238248.25
2026-04-22,TRJ,1.856318,3046,1963657251.13
2026-04-22,TRN,1.242961,1,2273529246.63
2026-04-22,TRO,2.581025,472,35689617.92
2026-04-22,TRR,5.664676,506,2873032420.57
2026-04-22,TRU,1.401534,270,279318240.11
2026-04-22,GSU,0.000000,0,0.01
2026-04-22,TSI,0.183593,78047,20231129880.41
2026-04-22,TSP,65.442430,5,1605745391.60
2026-04-22,TTA,0.642390,222492,29770860344.11
2026-04-22,TTE,1.424877,38590,2867037194.98
2026-04-22,TTL,35.798279,394,252137806.89
2026-04-22,TTP,47.734718,109,836973045.50
2026-04-22,TTS,65.085709,1,2023287284.27
2026-04-22,TTV,7.786021,22,2425892302.16
2026-04-22,TTZ,3.592353,9,306760508.76
2026-04-22,TUA,1.503550,35029,18504291204.25
2026-04-22,TVE,1.162643,271,147532260.69
2026-04-22,TVN,2.478338,549,7581886.41
2026-04-22,TYH,2.158975,7075,1941060932.87
2026-04-22,TZC,0.298560,1136,30404329.00
2026-04-22,TZD,2.407516,8006,938415493.59
2026-04-22,TZH,7.772818,1,55954491397.62
2026-04-22,TZL,0.121462,176253,75884660314.34
2026-04-22,TZP,12.395622,14,984109632.25
2026-04-22,TZT,0.156281,6039,325487984.82
2026-04-22,TZV,839.862504,133123,21815188772.50
2026-04-22,T3B,0.152097,26,11659605739.58
2026-04-22,UAB,4.991395,2,454954721.30
2026-04-22,UAP,65.165206,1,427904066.12
2026-04-22,UCN,2.099058,2,1143839497.99
2026-04-22,UCP,1.164862,28,13591224712.59
2026-04-22,UFH,67.795306,1,249235815.15
2026-04-22,UHL,68.214715,1,2436886112.25
2026-04-22,UHS,7.491668,13,403141175.13
2026-04-22,ULH,6.260108,268,1248102456.92
2026-04-22,ULL,65.565300,3,268620704.44
2026-04-22,UNT,1.376351,229,99748034.54
2026-04-22,UPD,20.450532,294,2597157337.54
2026-04-22,UPH,31.424826,596,201132212.51
2026-04-22,UPP,6.193265,1016,2985415837.97
2026-04-22,UPS,4.691599,1,541969765.01
2026-04-22,UP1,6.368759,1662,1310027689.35
2026-04-22,UP2,3.702065,263,2042563508.31
2026-04-22,URA,1.958706,11619,930325748.91
2026-04-22,URC,52.220180,182,200248565.68
2026-04-22,URD,45.966172,12,10247826758.47
2026-04-22,URG,70.596024,1,529664458.28
2026-04-22,URM,46.206804,1,8777121.13
2026-04-22,URS,3.521417,1,922925228.07
2026-04-22,URV,3.792565,2,10184553968.51
2026-04-22,USS,3.375252,1,3658890371.13
2026-04-22,UST,3.685730,1,1728014181.56
2026-04-22,USY,0.236439,486,1262274622.42
2026-04-22,UYH,4.505727,12,873319616.67
2026-04-22,UZY,2.523537,16,78964.01
2026-04-22,VAY,1.631551,3293,48210158.14
2026-04-22,VCD,5.570385,12,61276193.68
2026-04-22,VCG,5.039798,20,1747196309.09
2026-04-22,VCY,3.247477,12185,147793928.78
2026-04-22,VFK,4.839415,5454,3165888769.49
2026-04-22,VFS,1.826595,1,5882906.75
2026-04-22,VKI,2.748714,578,2005266561.15
2026-04-22,VKT,0.107808,45280,4357548302.26
2026-04-22,VK6,3.652498,155420,66414119920.87
2026-04-22,VMV,2.452112,155,6905986732.63
2026-04-22,VNK,2.348527,467,7822434805.41
2026-04-22,VPP,48.115046,441,1358851326.94
2026-04-22,VPS,1.460760,12362,5377434771.46
2026-04-22,VRK,1.209441,153,24594551.58
2026-04-22,VTF,2.109983,1,403413909.64
2026-04-22,YAC,13.878606,10424,5569107873.75
2026-04-22,YAE,1.055899,907,298262024.72
2026-04-22,YAK,4.847408,109755,1111887596.42
2026-04-22,YAN,13.151641,3712,1783426134.01
2026-04-22,YAR,26.697590,1,747532513.75
2026-04-22,YAS,15.118992,71158,7558419016.07
2026-04-22,YAY,1485.513350,36999,10168759277.66
2026-04-22,YA1,1.253039,19,722592943.06
2026-04-22,YBE,1.704293,14338,5361638034.27
2026-04-22,YBH,49.916886,668,749378798.82
2026-04-22,YBJ,54.575690,1,1804569404.95
2026-04-22,YBP,11.484756,56,864724552.23
2026-04-22,YBR,51.762301,2331,5274075161.11
2026-04-22,YBS,0.128149,11267,1760397296.12
2026-04-22,YCG,56.794479,4,189137258.61
2026-04-22,YCH,2.416025,137,119044188.11
2026-04-22,YCK,4.052407,39,480339287.28
2026-04-22,YCL,10.735356,12,386033744.97
2026-04-22,YCP,9.404046,2285,1298668262.70
2026-04-22,YCY,3.657237,273,248104508.95
2026-04-22,YDI,0.454773,7535,1227303560.71
2026-04-22,YDK,0.106214,48805,134776866.18
2026-04-22,YDL,55.295949,8,1153209134.57
2026-04-22,YDM,1.597625,2,1107654504.07
2026-04-22,YDP,2.059551,2390,364551797.72
2026-04-22,YDZ,50.733776,3117,12393527773.05
2026-04-22,YEF,0.959279,13798,2009274682.18
2026-04-22,YFV,0.095824,7417,908512958.84
2026-04-22,YGM,3.195948,2526,648621504.73
2026-04-22,YHB,2.231336,7701,302302172.62
2026-04-22,YHI,1.469122,275,65800432.10
2026-04-22,YHK,1.856424,5539,970766223.32
2026-04-22,YHP,4.106026,1,1724531057.81
2026-04-22,YHS,25.659118,8724,3694606974.09
2026-04-22,YHT,0.368398,86492,2096140032.27
2026-04-22,YHY,1.269082,16,1597996.48
2026-04-22,YHZ,7.956833,13867,905203911.66
2026-04-22,YIK,1.349804,1451,26093062743.70
2026-04-22,YIS,1.251728,1,926616266.68
2026-04-22,YIT,2.254914,5920,669174658.28
2026-04-22,YIV,3.403070,2,4634155043.69
2026-04-22,YJA,62.602652,4,374797883.43
2026-04-22,YJH,3.696861,3814,186359559.05
2026-04-22,YJK,4.779794,9394,649284294.53
2026-04-22,YJU,62.057410,1,413153844.59
2026-04-22,YJY,53.544276,8311,67223121138.73
2026-04-22,YKS,0.320594,381,193308065.53
2026-04-22,YKT,0.909222,94408,37153123120.35
2026-04-22,YLB,1.602446,334522,68540812284.97
2026-04-22,YLC,3.676958,1479,80962844.91
2026-04-22,YLE,8.666192,2491,323735827.72
2026-04-22,YLO,4.962483,4857,220176706.55
2026-04-22,YLR,13.064694,4,63990.87
2026-04-22,YLY,2.418511,587,39044687.75
2026-04-22,YLZ,3.613071,13,2031242704.67
2026-04-22,YMD,52.406330,1317,5987131623.58
2026-04-22,YMH,1.430512,358,478570115.54
2026-04-22,YMP,1.008579,4,24020800.39
2026-04-22,YNK,45.134836,1164,17165272401.83
2026-04-22,YNL,52.002637,1,207070860.67
2026-04-22,YOA,83.168551,142,1812137348.47
2026-04-22,YOS,53.327819,229,970151621.99
2026-04-22,YOT,36.805682,10191,2323446994.86
2026-04-22,YOZ,45.755929,1210,24337039414.22
2026-04-22,YPC,4.835751,2355,42252996.48
2026-04-22,YPD,63.791003,2,93687358.38
2026-04-22,YPF,9.043697,459,1139222751.49
2026-04-22,YPI,52.385573,68,1997431919.42
2026-04-22,YPK,13.722067,273,225443466.51
2026-04-22,YPL,68.291139,1620,13066936920.31
2026-04-22,YPN,62.748887,100,1788629107.52
2026-04-22,YPP,24.083328,1,4504998567.76
2026-04-22,YPR,1.629895,282,201661980.17
2026-04-22,YPT,3.636614,18708,104411913593.96
2026-04-22,YPU,61.749780,1728,3756727502.35
2026-04-22,YPV,7.616050,3621,6628185657.56
2026-04-22,YP1,61.657807,3,217492240.30
2026-04-22,YP2,68.641333,1,1275983898.29
2026-04-22,YP4,50.426826,30412,138143776927.29
2026-04-22,YRZ,45.324886,159,748202141.28
2026-04-22,YSA,45.431537,198,196809009.47
2026-04-22,YSL,41.884047,423,711774146.38
2026-04-22,YSO,1.247685,192,63062997.05
2026-04-22,YSU,0.161902,6404,250426561.93
2026-04-22,YTC,62.599163,120,311976762.64
2026-04-22,YTD,0.802043,15240,1590092321.09
2026-04-22,YTJ,65.336753,1,1147877884.41
2026-04-22,YTO,50.490071,4,667130513.98
2026-04-22,YTR,75.801119,2,587109838.58
2026-04-22,YTV,2.866739,2406,219857869.54
2026-04-22,YTY,55.816742,20579,101457340224.23
2026-04-22,YUB,5.529901,675,583230138.93
2026-04-22,YUD,70.583371,2,242157781.70
2026-04-22,YUI,1.881718,9,1213859544.45
2026-04-22,YUK,46.998652,149,1286434000.98
2026-04-22,YUN,53.670204,479,2740809165.03
2026-04-22,YUY,1.024451,2,1014576837.61
2026-04-22,YVB,1.294351,725,111752483.27
2026-04-22,YVD,3.897972,82806,41974887386.53
2026-04-22,YVF,69.259963,4,902829318.68
2026-04-22,YVG,59.663035,1225,5945828183.49
2026-04-22,YVO,65.730660,2,689030587.13
2026-04-22,YVS,70.463108,6,407115547.26
2026-04-22,YZC,4.174074,12692,541811227.58
2026-04-22,YZF,90.328231,1,451641152.54
2026-04-22,YZG,14.915642,70200,14062990538.89
2026-04-22,YZH,12.141906,6431,1193635293.97
2026-04-22,YZK,7.383981,211,207101625.07
2026-04-22,YZL,4.885946,74,613092156.74
2026-04-22,ZAD,43.711431,27,11125958.08
2026-04-22,ZAV,54.331703,4855,68802488701.70
2026-04-22,ZAY,5.730873,3756,1741214115.58
2026-04-22,ZA2,1.763918,2436,14603043301.51
2026-04-22,ZBD,659.391102,2219,923126706.56
2026-04-22,ZBI,2.037294,1788,221907372.98
2026-04-22,ZBJ,4.543684,19605,34181331304.97
2026-04-22,ZBN,23.976150,186,128216345.14
2026-04-22,ZBO,2.958737,254,416600123.86
2026-04-22,ZBZ,62.913288,1,330284379.87
2026-04-22,ZCA,7.584792,1,57155940.35
2026-04-22,ZCB,68.421359,3,73753846.01
2026-04-22,ZCC,74.532245,2,393818917.29
2026-04-22,ZCD,4.472526,631,1450142318.96
2026-04-22,ZCE,4.116418,1,11557806545.29
2026-04-22,ZCF,3.724528,1,1717000638.62
2026-04-22,ZCG,5.849035,162,552474559.04
2026-04-22,ZCH,2.418899,1,4978081537.02
2026-04-22,ZCK,1.616258,1963,381319609.90
2026-04-22,ZCN,3.850556,7804,641982548.57
2026-04-22,ZDD,6.852501,1457,481520087.83
2026-04-22,ZDK,15.084430,1,3160761.25
2026-04-22,ZDZ,12.370462,9426,1061475094.49
2026-04-22,ZFB,6.512456,16171,810772450.13
2026-04-22,ZFZ,64.505840,3,20733925495.79
2026-04-22,ZHH,1.421216,1147,110675390.80
2026-04-22,ZJB,11.845287,2271,11353698288.18
2026-04-22,ZJH,57.376659,1,194277308.52
2026-04-22,ZJI,12.366472,2296,8911423987.52
2026-04-22,ZJL,13.974039,2956,409633591.65
2026-04-22,ZJR,6.701134,1,1301239307.54
2026-04-22,ZJT,63.306812,1,1259263769.99
2026-04-22,ZJV,10.545356,1470,591984645.32
2026-04-22,ZKK,23.710074,1,2220760275.39
2026-04-22,ZK1,46.967766,122,2136445697.51
2026-04-22,ZK2,55.028795,74,1900959062.70
2026-04-22,ZLB,47.166822,59,544565958.63
2026-04-22,ZLG,60.097951,1,1011617504.04
2026-04-22,ZLH,11.479994,3722,464025929.28
2026-04-22,ZMT,59.106021,299,1185132528.91
2026-04-22,ZMU,0.191878,13,20253462.80
2026-04-22,ZMY,6.103481,2898,181349075.37
2026-04-22,ZNF,51.886747,1,1901915625.39
2026-04-22,ZOS,1.719107,11,526943206.55
2026-04-22,ZPA,62.165342,883,3975536669.93
2026-04-22,ZPC,18.690031,2996,3125478990.96
2026-04-22,ZPE,32.817443,6751,1211609190.27
2026-04-22,ZPF,21.483197,3388,795263412.42
2026-04-22,ZPG,9.494642,5716,1309434511.11
2026-04-22,ZPH,1.331031,62,98800320.44
2026-04-22,ZPJ,11.143521,409,141834084.04
2026-04-22,ZPK,7.445590,27331,16304398286.74
2026-04-22,ZPN,67.216856,1,1905315231.09
2026-04-22,ZPR,1.353243,923,25252947836.96
2026-04-22,ZP1,58.959508,2,59781285.27
2026-04-22,ZP2,5.073486,1,543088159.41
2026-04-22,ZP3,4.123212,1,60145950.75
2026-04-22,ZP6,54.312577,1621,7079911209.52
2026-04-22,ZP7,63.960007,1,1599000166.58
2026-04-22,ZP8,3.585416,5027,54921684404.33
2026-04-22,ZP9,57.339355,839,1756847893.12
2026-04-22,ZR2,1.271203,1,2548503382.30
2026-04-22,ZR3,0.749060,166,233227129.25
2026-04-22,ZSB,9.679058,18,2674548211.23
2026-04-22,ZSF,51.721324,1754,43409603.86
2026-04-22,ZSG,4.114759,1015,49718220.65
2026-04-22,ZSK,54.763519,1,577712297.31
2026-04-22,ZSN,52.199502,2,2846736723.94
2026-04-22,ZTF,6.672553,1,1834031998.86
2026-04-22,ZTG,1.182492,838,32207545.05
2026-04-22,ZUD,3.892005,1,2808650605.40
2026-04-22,ZUE,4.593742,1,5790947985.47
2026-04-22,ZUS,46.923687,3366,68801050734.20
2026-04-22,ZVB,84.555075,11,225838826.96
2026-04-22,ZVO,3.649256,406,867076680.63
2026-04-22,ZYC,4.321093,1,7923962611.44
2026-04-24,RBL,1.609499,849,380885799.01
2026-04-24,AAK,35.464180,769,35461839.75
2026-04-24,AAL,3.163587,4845,3037309510.91
2026-04-24,AAS,11.304688,158,23858735.43
2026-04-24,AAV,62.641428,2312,304374822.33
2026-04-24,ABG,61.013064,159,7534005398.46
2026-04-24,ABJ,0.865476,3,1157437113.25
2026-04-24,ABU,0.093662,37,54334041.23
2026-04-24,ACC,44.554248,1460,190885323.94
2026-04-24,ACD,5.566091,1568,320406630.07
2026-04-24,ACN,11.722688,16,632880124.59
2026-04-24,ACU,52.543634,165,1343147166.16
2026-04-24,AC1,2.850502,162,287078211.60
2026-04-24,AC2,3.547098,48,8792256273.75
2026-04-24,AC3,66.538101,14,139102024.90
2026-04-24,AC4,3.498726,3596,1587839764.06
2026-04-24,AC5,3.411690,185,52412177.29
2026-04-24,AC6,55.818382,109,76157930.30
2026-04-24,AC7,10.832908,45,5853940650.71
2026-04-24,AC8,193.433338,97,2386852684.05
2026-04-24,ADE,0.869842,27112,1049934060.00
2026-04-24,ADP,1.369433,22546,4281497435.99
2026-04-24,AED,109.243258,816,42555853.16
2026-04-24,AES,0.162964,36678,1742081829.93
2026-04-24,AEV,1.911029,398,10896844.11
2026-04-24,AFA,1.089195,46006,5367318056.32
2026-04-24,AFO,1.359602,87558,23309904019.69
2026-04-24,AFS,0.304136,26970,774731759.83
2026-04-24,AFT,0.908831,143645,25384897292.83
2026-04-24,AFV,0.536876,15701,1182453161.99
2026-04-24,AGC,8.635818,2490,100834337.30
2026-04-24,AHH,9.536789,15,203806996.32
2026-04-24,AHI,37.877960,2666,147276441.89
2026-04-24,AHN,66.294058,100,28561204.04
2026-04-24,AHU,10.115500,604,213469177.77
2026-04-24,AHV,19.657857,154,116547406.60
2026-04-24,AHZ,26.880522,12,629995559.09
2026-04-24,AIH,18.272803,4,176218413.84
2026-04-24,AII,89.385301,3,365675265.97
2026-04-24,AIM,24.555130,1,53095239.12
2026-04-24,AIR,153.017931,1,1340090337.26
2026-04-24,AIS,0.094706,12612,13059929386.81
2026-04-24,AI1,1.104338,19,65065542.58
2026-04-24,AJE,58.543990,1019,4407648926.28
2026-04-24,AJK,59.948809,132,135026238.67
2026-04-24,AJL,59.549884,1487,5396107596.95
2026-04-24,AJN,57.848980,358,565357969.56
2026-04-24,AJ1,1.207265,106,31742331.77
2026-04-24,AKE,0.492366,13920,1057998796.53
2026-04-24,AKU,0.948086,17198,1573580897.68
2026-04-24,AK2,0.513419,9479,213649712.99
2026-04-24,AK3,52.683091,21152,8611881967.60
2026-04-24,ALC,0.366771,26689,2030068721.40
2026-04-24,ALE,11.917813,133891,68197565912.77
2026-04-24,AL4,3.527138,12,1123555849.15
2026-04-24,AL5,50.240396,2461,14992362763.27
2026-04-24,AL6,3.448595,12,4919741573.26
2026-04-24,AL7,3.333197,110,7822603324.80
2026-04-24,ANL,33.040806,4147,627447650.94
2026-04-24,ANZ,20.377289,182,267337073.82
2026-04-24,AN1,96.719348,2573,1236107046.70
2026-04-24,AOJ,1.540194,250,24465776.07
2026-04-24,AOY,0.355912,36671,1002929955.77
2026-04-24,APJ,6.951912,3191,102029815.52
2026-04-24,APP,32.845493,2,210720328.43
2026-04-24,APT,0.149281,13563,312245130.05
2026-04-24,AP2,3.563653,36,1026690031.23
2026-04-24,AP4,1.201863,11,299526329.98
2026-04-24,AP5,1.029731,12,1057113.50
2026-04-24,AP6,8.347670,46,1006718942.99
2026-04-24,AP7,2.308457,547,177090661.10
2026-04-24,ARE,0.220891,1669,35835608.66
2026-04-24,ARF,7.896397,1,713438599.57
2026-04-24,ARL,14.981587,7888,4195522169.96
2026-04-24,ARM,17.784440,5626,3334141405.86
2026-04-24,ARP,41.692201,1,3150429278.00
2026-04-24,ASJ,3.864075,855,72998352.35
2026-04-24,AS1,44.694591,41,6531935.71
2026-04-24,AS3,0.741771,16,167527593.38
2026-04-24,ATJ,22.282445,11,1066605002.95
2026-04-24,AUT,9.019635,155,2651772.83
2026-04-24,AUV,46.706428,618,783297292.58
2026-04-24,AU1,1.198180,630,59479385.42
2026-04-24,AVC,143.411834,11,241755781.92
2026-04-24,AVT,200.136185,19594,3308906585.80
2026-04-24,AVZ,96.202471,1,221503303.89
2026-04-24,AYA,19.080596,10425,1251498875.60
2026-04-24,AYR,0.123668,13208,1604341250.15
2026-04-24,AY6,1.310970,11,102599411.86
2026-04-24,AY7,1.480867,12,209889174.93
2026-04-24,AZF,0.162932,4,541774440.28
2026-04-24,AZJ,18.122964,41,662648979.67
2026-04-24,AZV,24.987746,4,4204108487.48
2026-04-24,AZZ,58.854831,7,26926555589.15
2026-04-24,BAC,7.746679,11,5846406767.73
2026-04-24,BAG,0.896412,59,49686453.42
2026-04-24,BAL,46.392843,1,1019449778.16
2026-04-24,BAO,3.281185,4,151001402.27
2026-04-24,BAS,50.151372,1,1434870064.60
2026-04-24,BA1,1.389822,25,278849572.25
2026-04-24,BBF,3.184743,1126,178567282.65
2026-04-24,BBI,1.627875,11,1106834.36
2026-04-24,BBN,0.637654,13,1466961775.83
2026-04-24,BBO,2.087305,12,691708735.18
2026-04-24,BBP,2.058934,797,36153941.64
2026-04-24,BBS,1.384526,775,1092301447.74
2026-04-24,BCC,63.788126,2,2565771678.77
2026-04-24,BCK,1.778653,1814,104988703.96
2026-04-24,BCO,1.704858,459,47701247.45
2026-04-24,BDA,53.266649,435,1117871571.07
2026-04-24,BDC,9.111173,40,398764670.52
2026-04-24,BDI,0.528781,74,431165842.31
2026-04-24,BDO,2.790593,11,4683450119.90
2026-04-24,BDS,2.417175,12541,530399241.43
2026-04-24,BDY,1.589740,2475,100903818.86
2026-04-24,BFE,1.753381,61,9223990.71
2026-04-24,BFO,49.819677,1,3509781572.27
2026-04-24,BFS,1.043566,43,6231170.32
2026-04-24,BFT,1.207178,575,230394002.42
2026-04-24,BGH,2.123661,1,998183003.82
2026-04-24,BGP,5.754050,31098,61455415360.84
2026-04-24,BHA,1.559506,902,103998859.87
2026-04-24,BHE,1.909059,81,40571178.87
2026-04-24,BHF,3.001991,2570,365907998.75
2026-04-24,BHH,0.569900,74,1011565893.81
2026-04-24,BHI,2.071434,360,655692842.18
2026-04-24,BHL,1.207403,781,59543498.44
2026-04-24,BHO,1.116182,1,1039516790.53
2026-04-24,BIA,0.244081,12,624894.25
2026-04-24,BID,3.379286,2269,295087404.73
2026-04-24,BIG,1.376432,3787,576071993.79
2026-04-24,BIH,7.508186,406,748830455.28
2026-04-24,BIK,1.474651,14,3425641946.79
2026-04-24,BIO,2.483047,12092,1118444717.07
2026-04-24,BIP,1.438942,195,3585989185.07
2026-04-24,BIS,1.622178,74,801828356.40
2026-04-24,BIY,1.271331,329,79510079.87
2026-04-24,BI5,2.233515,11,1118466.37
2026-04-24,BJD,49.419353,69,1592573497.55
2026-04-24,BKO,1.128808,1,3044853835.71
2026-04-24,BKY,45.883502,565,2131493764.72
2026-04-24,BLA,7.439341,15,6951619773.61
2026-04-24,BLD,1.470305,737,465829629.85
2026-04-24,BLT,1.787085,3099,392622977.66
2026-04-24,BMU,1.204809,12,1002442987.32
2026-04-24,BNC,2.004657,254,717542950.14
2026-04-24,BNH,1.322119,201,136234211.20
2026-04-24,BOH,0.953728,11,238975378.32
2026-04-24,BOL,1.563612,261,46960400.90
2026-04-24,BON,1.252602,340,27742630.61
2026-04-24,BOP,45.838243,9,1123230716.89
2026-04-24,BOS,1.489417,1401,2491756426.13
2026-04-24,BPD,49.399487,11,135770982.23
2026-04-24,BPZ,1.379791,433,497296753.63
2026-04-24,BP5,1.571333,15,419285265.90
2026-04-24,BRB,1.467764,11,968491051.82
2026-04-24,BRC,1.208897,39,126516579.17
2026-04-24,BRF,1.472119,1099,107312103.56
2026-04-24,BRG,4.509720,1621,1787392108.54
2026-04-24,BRH,5.581129,15,4499622395.80
2026-04-24,BRR,1.462649,272,358883432.79
2026-04-24,BRT,1.295625,492,36975916.32
2026-04-24,BRZ,51.044234,5,1598584346.69
2026-04-24,BSA,0.421827,1,860326676.76
2026-04-24,BSD,1.105272,102,270920847.74
2026-04-24,BSE,0.789716,66,552572676.69
2026-04-24,BSF,1.354124,1,7655545692.99
2026-04-24,BSH,1.101388,164,8862377.88
2026-04-24,BSM,1.455300,1982,1399065827.07
2026-04-24,BSN,1.443742,14,40825993.44
2026-04-24,BST,10.090842,699,60344780.65
2026-04-24,BS1,1.134882,136,12798931.14
2026-04-24,BTE,4.003248,954,210104035.90
2026-04-24,BTJ,1.245643,82,28465072.68
2026-04-24,BTK,1.290818,345,117344188.37
2026-04-24,BTP,0.508904,15,60821843.41
2026-04-24,BTY,54.705299,3,773423523.50
2026-04-24,BTZ,1.260052,206,8280918.95
2026-04-24,BUB,1.035081,40,3467425.57
2026-04-24,BUC,0.955352,23,234176330.97
2026-04-24,BUP,3.734377,1,12528002082.83
2026-04-24,BUT,1.722827,4,204598276.85
2026-04-24,BUV,1.375735,477,65324552.31
2026-04-24,BUY,1.817433,18297,411910253.44
2026-04-24,BVB,4.044619,1,4347977428.78
2026-04-24,BVC,3.841383,1,6228196153.81
2026-04-24,BVD,1.199708,349,218613552.35
2026-04-24,BVF,1.240038,541,1022475363.65
2026-04-24,BVH,1.808790,14,116606991.94
2026-04-24,BVI,3.006658,31,318961115.66
2026-04-24,BVK,1.000022,36,2335205.19
2026-04-24,BVM,1.271924,164,11081414.12
2026-04-24,BVT,5.042825,10,18983700.78
2026-04-24,BVV,2.772945,515,102124329.74
2026-04-24,BVZ,3.953026,758,2523284662.65
2026-04-24,BV1,1.528234,807,147109831.14
2026-04-24,BYZ,2.452645,42,201494155.73
2026-04-24,CAH,1.350798,375,55080751.02
2026-04-24,CBD,2.920374,15,278578826.43
2026-04-24,CBN,48.728826,6,626558073.08
2026-04-24,CBO,310.580324,3,2247127529.91
2026-04-24,CEY,61.902336,3,205171269.48
2026-04-24,CFO,2.215479,501,2846966454.80
2026-04-24,CGD,54.090190,2,598753195.91
2026-04-24,CHY,0.626977,42,178984245.57
2026-04-24,CIN,1.593066,538,37633883.02
2026-04-24,CJD,47.656970,29,47962355.65
2026-04-24,CJF,60.905206,3,1848134621.85
2026-04-24,CJG,61.444297,1,1861377185.02
2026-04-24,CJH,58.323680,1814,3213543544.57
2026-04-24,CKF,1.835132,1684,526805872.03
2026-04-24,CKL,1.383531,828,363801733.90
2026-04-24,CKS,56.831729,2444,5952084691.20
2026-04-24,COT,56.005336,199,516456961.76
2026-04-24,CPT,3.222178,8574,486255584.47
2026-04-24,CPU,3.071098,12659,929131743.67
2026-04-24,CRL,45.459577,3,977380908.10
2026-04-24,CSD,60.000195,1,625246966.89
2026-04-24,CSH,3.463632,55,5151954686.78
2026-04-24,CTF,8.684554,1,324555318.73
2026-04-24,CTG,7.105961,1,15393671.58
2026-04-24,CTM,5.962029,1,15396177.96
2026-04-24,CTP,58.057508,1,525529012.48
2026-04-24,CTV,10.141783,4,192093200.29
2026-04-24,CVA,3.698380,1,8546851555.30
2026-04-24,CVB,3.797783,5,1796791676.82
2026-04-24,CVC,2.589193,2,650213116.17
2026-04-24,CVD,59.333326,2,1013685670.98
2026-04-24,CVE,2.465970,1,271311607.49
2026-04-24,CVF,4.178074,1,863955132.86
2026-04-24,CVK,4.655480,2086,644844881.40
2026-04-24,CVL,1.224047,99,28266819.84
2026-04-24,CYD,54.412481,381,1294183949.20
2026-04-24,DAC,67.725892,1,521135841.77
2026-04-24,DAE,3.502225,1,1760185613.42
2026-04-24,DAH,3.747557,2919,769686833.03
2026-04-24,DAI,89.395353,4,342430778.08
2026-04-24,DAL,66.887386,1,580258913.28
2026-04-24,DAS,51.018860,26756,130561839448.23
2026-04-24,DAT,90.441479,6,404976324.06
2026-04-24,DAV,54.583372,136,1035243405.51
2026-04-24,DAZ,12.149851,4,321420066.41
2026-04-24,DA1,46.154482,47,30998088.47
2026-04-24,DBA,0.758127,27511,11606558590.41
2026-04-24,DBB,0.103011,1965,330027019.80
2026-04-24,DBG,0.575721,3,2368478457.55
2026-04-24,DBH,0.353694,9226,1010012859.64
2026-04-24,DBK,0.107108,85990,683617403.29
2026-04-24,DBP,0.457333,1108,159235266.23
2026-04-24,DBZ,0.124203,3056,769545556.07
2026-04-24,DB2,1.845392,18,122317131.86
2026-04-24,DCB,4.191638,22537,137262885349.69
2026-04-24,DCD,62.029057,1,266434277.79
2026-04-24,DCE,67.953522,3,1182350449.07
2026-04-24,DCN,1.270399,1102,149560212.40
2026-04-24,DCP,69.725256,3,248534419.12
2026-04-24,DDA,13.810045,1236,256111767.44
2026-04-24,DDC,10.374432,11,3480213560.56
2026-04-24,DDE,71.040787,1,391795125.56
2026-04-24,DDF,10.980958,593,273707615.46
2026-04-24,DDP,68.964648,1,72139918.68
2026-04-24,DEF,2.555159,94,68520106.43
2026-04-24,DEI,0.034785,13,4132064.92
2026-04-24,DFC,3.127265,1686,129831211.79
2026-04-24,DFD,2.566851,538,162815716.51
2026-04-24,DFI,3.732128,39784,18067001865.14
2026-04-24,DFO,3.448928,2,1020074431.67
2026-04-24,DGF,1.284410,224,26731911.19
2026-04-24,DGH,9.452744,231,1178460475.49
2026-04-24,DHI,5.628349,46,845498220.40
2026-04-24,DHJ,7.004107,3021,225530572.83
2026-04-24,DHM,5.116287,1291,29885850.65
2026-04-24,DHP,3.826253,1,7222026.20
2026-04-24,DHS,329.385779,1,4349650537.96
2026-04-24,DHT,1.074525,557,75108027.33
2026-04-24,DHV,2.174662,11,316413137.92
2026-04-24,DID,1.377958,182,35985129.10
2026-04-24,DIH,1.728280,11,129720535.31
2026-04-24,DIM,48.910384,1,111882894.91
2026-04-24,DIP,1.385092,1240,46754598199.00
2026-04-24,DKA,45.058742,239,2297042007.61
2026-04-24,DKC,0.665610,13,208672.79
2026-04-24,DKH,3.553798,1535,208869719.67
2026-04-24,DKL,47.115942,105,408721562.07
2026-04-24,DKP,44.939633,644,3948396130.15
2026-04-24,DKR,0.733453,564,57617818.18
2026-04-24,DKS,67.284926,2,215845331.20
2026-04-24,DKY,44.929453,231,2552733211.01
2026-04-24,DK1,1.316429,68,4226546335.80
2026-04-24,DK8,45.099292,313,1745988341.68
2026-04-24,DLD,7.273349,626,79826151.92
2026-04-24,DLG,1.160869,45,4603246.68
2026-04-24,DLN,1.897405,12,30399257.05
2026-04-24,DLY,5.361274,314551,72436141578.77
2026-04-24,DLZ,1.365536,13,168537.13
2026-04-24,DL2,2.185590,734,9989139764.74
2026-04-24,DMG,7.650061,16645,3815022581.72
2026-04-24,DMR,53.894664,1,15978104396.66
2026-04-24,DMV,65.562950,2,315119532.40
2026-04-24,DMZ,59.649448,5,595044755.16
2026-04-24,DNA,8.689611,5,1729436272.72
2026-04-24,DNF,1.183283,99,23651572.02
2026-04-24,DNH,1.166856,79,18924875.22
2026-04-24,DNK,1.700747,214,16381769.54
2026-04-24,DNL,51.721492,1,206094940.43
2026-04-24,DNM,48.417574,1223,1701159069.20
2026-04-24,DNP,1.265107,267,1418479916.85
2026-04-24,DNU,44.730137,16,36777789.87
2026-04-24,DOC,44.915778,178,4599326732.10
2026-04-24,DOD,63.918484,11,13190305082.13
2026-04-24,DOH,2.092759,5462,992265384.22
2026-04-24,DOL,48.831451,384,3596309653.07
2026-04-24,DOR,66.372144,1,478060299.08
2026-04-24,DOS,65.199564,2,3072941908.20
2026-04-24,DOV,56.989176,17763,70925920997.71
2026-04-24,DPB,22.766376,3860,20764222539.85
2026-04-24,DPC,92.216489,1,317628169.37
2026-04-24,DPE,21.078419,1,1379723314.40
2026-04-24,DPG,93.547670,2,536420392.19
2026-04-24,DPI,7.920862,110,263085507.93
2026-04-24,DPK,7.681508,1313,831639200.86
2026-04-24,DPL,95.926921,1,2479862866.67
2026-04-24,DPN,56.290712,1,2208847.52
2026-04-24,DPP,156.490858,2,211252017.01
2026-04-24,DPT,17.322766,5510,341213498.69
2026-04-24,DPZ,76.346021,1,115100940.67
2026-04-24,DP1,17.847997,7,5079126606.37
2026-04-24,DP2,62.457767,11,337128164.57
2026-04-24,DP3,65.078990,4,265118921.64
2026-04-24,DP4,67.940306,3,509517714.24
2026-04-24,DP5,77.708731,1,1682928200.41
2026-04-24,DP6,44.888263,215,1812198037.21
2026-04-24,DP7,56.628408,3,509756586.87
2026-04-24,DP8,45.183165,50,375611218.06
2026-04-24,DP9,44.951760,155,5681410104.84
2026-04-24,DRA,1.215205,16,49260514.71
2026-04-24,DRD,52.948005,153,1659733962.54
2026-04-24,DRH,1.053642,69,146086273.28
2026-04-24,DRS,70.003419,3,232569209.94
2026-04-24,DRT,1.091858,346,18834261.94
2026-04-24,DSC,62.278947,1,925471881.43
2026-04-24,DSD,67.592982,1672,5783127928.68
2026-04-24,DSH,2.020055,102,24974151.99
2026-04-24,DSP,13.599637,1089,141998123.11
2026-04-24,DSV,45.847681,48,1436180930.10
2026-04-24,DTH,1.209490,125,168925651.51
2026-04-24,DTL,3.861308,3772,164255373.45
2026-04-24,DTM,1.369805,3155,67511944.52
2026-04-24,DTO,44.855034,159,111758738.37
2026-04-24,DTP,1.829410,4,1657391015.62
2026-04-24,DTV,63.630606,4,3838590604.25
2026-04-24,DTZ,4.525184,6287,268109731.08
2026-04-24,DUC,0.670557,12,232254.70
2026-04-24,DUD,48.446514,266,327385456.06
2026-04-24,DUH,1.205110,81,5276795.40
2026-04-24,DUT,45.174280,258,834363539.87
2026-04-24,DUV,1.229881,216,72047964.32
2026-04-24,DVC,63.608693,1,52477172.00
2026-04-24,DVI,72.487400,2,182878387.87
2026-04-24,DVN,60.419655,1,289382235.73
2026-04-24,DVO,4.719207,1,30238727.99
2026-04-24,DVS,1.386506,313,261593171.03
2026-04-24,DVT,8.091798,10767,716587346.58
2026-04-24,DVU,7.643823,5,1376076237.45
2026-04-24,DVZ,61.772694,1,1297940411.38
2026-04-24,DXP,1.804641,1181,53552687.01
2026-04-24,DYJ,44.998469,156,1060501182.77
2026-04-24,DYN,4.256945,1671,57154924.76
2026-04-24,DYS,1.485170,13,17243995.87
2026-04-24,DZE,1.000926,3038,256402784.54
2026-04-24,DZM,80.796423,4847,19888651514.07
2026-04-24,DZP,56.251341,2,438085441.96
2026-04-24,DZS,1.401535,157,62112240.34
2026-04-24,DZ2,1.422754,2,12300961751.62
2026-04-24,EBD,0.223831,394,41383749.50
2026-04-24,EBI,53.378807,30,586680170.65
2026-04-24,EBS,45.466829,31,3224977973.96
2026-04-24,ECA,1.700371,386,111008550.17
2026-04-24,ECB,47.189977,3231,918140554.10
2026-04-24,ECV,0.434360,2405,98907013.17
2026-04-24,EC2,87.576160,2599,90144664.18
2026-04-24,EDD,1.048236,13,10567802.82
2026-04-24,EDP,1.024015,31,52127926.17
2026-04-24,EDT,1.990083,624,959188759.06
2026-04-24,EDU,3.265575,666,436414417.24
2026-04-24,EES,55.113159,1,460824657.93
2026-04-24,EGP,53.859651,50,246361692.23
2026-04-24,EHS,2.829483,3,667585370.76
2026-04-24,EIB,0.579293,451,281228607.21
2026-04-24,EID,1.840096,2203,119696010.12
2026-04-24,EIL,4.632865,1927,1594464086.50
2026-04-24,EJG,9.439102,1,645815864.13
2026-04-24,EKF,0.124510,5398,1840546646.08
2026-04-24,EKL,1.611829,1454,22905234591.95
2026-04-24,ELZ,13.631787,786,560654895.95
2026-04-24,EME,1.217195,26,42061905.75
2026-04-24,EML,1.167514,772,42844150.27
2026-04-24,ENA,1.049727,17,10885781.27
2026-04-24,ENJ,1.333543,740,39271567.26
2026-04-24,ENO,44.937136,10,44978478.07
2026-04-24,ENR,1.060371,37,13393006.73
2026-04-24,ENS,1.073987,11,10781508.50
2026-04-24,EPA,1.213618,88,433170381.14
2026-04-24,EPI,1.153972,186,272817262.79
2026-04-24,EPK,1.462340,2086,288710625.12
2026-04-24,EPO,57.498145,1,424911002.64
2026-04-24,EPP,1.298120,41,1706107972.37
2026-04-24,EPT,1.175334,54,904641106.67
2026-04-24,ESG,4.221840,83,117929931.49
2026-04-24,ESN,1.640202,12,65243916.04
2026-04-24,ESP,0.521957,340,57013485.02
2026-04-24,EUN,59.847345,3604,6391850987.36
2026-04-24,EUZ,59.126952,39823,138063484743.15
2026-04-24,EVM,1.082257,599,45661696.03
2026-04-24,EYT,2.790852,632,93247170.62
2026-04-24,EZM,42.062691,1,4206269.05
2026-04-24,FAK,1.391961,455,34556654.72
2026-04-24,FAL,1.275502,941,360257691.07
2026-04-24,FBC,2.264924,5911,194119584.36
2026-04-24,FBI,49.106652,5445,19709413306.66
2026-04-24,FBN,10.416440,15,16116160.36
2026-04-24,FBV,7.254046,2330,695278313.75
2026-04-24,FBZ,4.104356,378,186005617.60
2026-04-24,FCK,1.927706,889,344946393.95
2026-04-24,FCS,2.037393,177,1499638356.58
2026-04-24,FDE,44.881469,895,4165897977.94
2026-04-24,FDG,2.651477,1510,312202732.96
2026-04-24,FDO,57.177060,1,270868488.00
2026-04-24,FDV,5.206905,1,1301726336.79
2026-04-24,FDY,45.008266,890,3871613213.37
2026-04-24,FDZ,0.298177,12,226357054.43
2026-04-24,FD1,1.812298,177,30342204.10
2026-04-24,FFD,0.045079,287,170195046.08
2026-04-24,FFF,62.458393,1,1050695567.23
2026-04-24,FFH,7.893535,1962,1262107990.42
2026-04-24,FFO,58.007866,7,104521706.09
2026-04-24,FFP,7.376359,2842,2558720353.99
2026-04-24,FHI,1.463971,11,229450570.18
2026-04-24,FHP,2.988516,47,9883811079.04
2026-04-24,FHZ,62.541135,3,724883467.65
2026-04-24,FIB,0.517493,13687,6285424835.25
2026-04-24,FID,1.004632,1818,967823751.60
2026-04-24,FIL,0.327686,19080,12474039742.56
2026-04-24,FIT,0.218382,607,217893352.33
2026-04-24,FI3,735.100711,9871,1841385107.39
2026-04-24,FI5,654.411107,52098,92140822053.73
2026-04-24,FJB,6.359063,841,397441128.31
2026-04-24,FJC,55.457747,88,1260886331.05
2026-04-24,FJM,53.505262,1745,8651362838.55
2026-04-24,FJN,53.311115,1261,5471468873.21
2026-04-24,FJZ,61.662415,893,1714344639.54
2026-04-24,FKE,55.912528,12695,49278484447.12
2026-04-24,FKH,45.398408,2132,12456869141.29
2026-04-24,FKV,45.022433,488,2214203272.97
2026-04-24,FLS,57.941461,2062,3052549121.37
2026-04-24,FLY,1.652713,1625,121067806.81
2026-04-24,FMG,3.799102,12959,14868341975.95
2026-04-24,FMS,53.660611,1,628994767.12
2026-04-24,FMV,1.254412,24,137922117.42
2026-04-24,FNE,2.728848,1,1063814.02
2026-04-24,FNN,0.000000,1,0.00
2026-04-24,FNO,0.191129,8636,15801638142.17
2026-04-24,FNT,1.995910,2148,588794144.23
2026-04-24,FPE,70.985158,1438,319171845.70
2026-04-24,FPG,2.491586,2581,1361365697.16
2026-04-24,FPH,33.906110,4859,1522551216.66
2026-04-24,FPI,2.334482,172,111939317.91
2026-04-24,FPK,0.087425,1170,278821841.38
2026-04-24,FPR,11.181602,21,173130697.47
2026-04-24,FPZ,64.003752,19539,132459358954.15
2026-04-24,FP4,1.265980,116,93536222.14
2026-04-24,FRA,32.481929,2,530956829.81
2026-04-24,FRC,1.696157,410,89896301.92
2026-04-24,FRZ,15.496518,2,277397636.89
2026-04-24,FR1,1.547563,21,589074217.09
2026-04-24,FSF,6.086852,7289,11098563042.84
2026-04-24,FSG,3.736550,852,1044545314.07
2026-04-24,FSH,4.071074,470,333781505.35
2026-04-24,FSK,5.400244,2601,6692041727.47
2026-04-24,FSM,8.049756,21,1080265277.64
2026-04-24,FSP,37.183450,23,472192.63
2026-04-24,FSR,44.832408,2538,9185023777.40
2026-04-24,FSU,1.334841,7228,920872864.35
2026-04-24,FSV,52.813172,876,5351558714.56
2026-04-24,FS1,1.706712,297,208828387.92
2026-04-24,FS2,2.056528,28,16173437.35
2026-04-24,FS3,1.959479,22,1666110307.48
2026-04-24,FS4,9.454493,21,4853718400.48
2026-04-24,FS5,2.515006,9,22112584.50
2026-04-24,FS6,1.586698,403,119077523.94
2026-04-24,FTL,1.350623,215,352340956.66
2026-04-24,FTM,52.170927,14,1692627234.89
2026-04-24,FTY,44.847321,1253,7501611368.38
2026-04-24,FUA,5.339119,5057,337287262.83
2026-04-24,FUB,0.708019,2279,1429138101.49
2026-04-24,FUM,58.714830,2,422220220.94
2026-04-24,FUN,1.472274,11,18065657.48
2026-04-24,FUP,102.864468,2,451335544.27
2026-04-24,FVL,4.357874,55,1435844384.31
2026-04-24,FYA,0.054697,159,1819466796.63
2026-04-24,FYB,93.591116,9,191438288.76
2026-04-24,FYD,11.951346,5928,3791633546.32
2026-04-24,FYF,0.099707,11,34968095.21
2026-04-24,FYG,15.578708,2,89612560.45
2026-04-24,FYH,82.458482,26,966505352.75
2026-04-24,FYI,9.098046,193,40582751.55
2026-04-24,FYM,0.409908,15,321241286.42
2026-04-24,FYO,1.047409,1289,974867586.10
2026-04-24,FYT,0.325110,99167,3087008211.24
2026-04-24,FYZ,6.169832,2,267873636.66
2026-04-24,FZJ,5.230855,2349,1254657447.64
2026-04-24,FZP,6.026446,659,1051697374.57
2026-04-24,GAC,70.929682,1,392076369.52
2026-04-24,GAE,0.457686,15185,1590641186.77
2026-04-24,GAF,1.733470,1797,216731621.20
2026-04-24,GAG,16.737587,228,786375474.75
2026-04-24,GAH,11.548875,3069,435094261.46
2026-04-24,GAJ,59.100404,1,468965724.45
2026-04-24,GAL,362.705632,57107,61154284840.93
2026-04-24,GAN,9.272624,11,24971734.03
2026-04-24,GAS,0.295441,2331,3325332186.97
2026-04-24,GAU,61.270414,5,1983956102.82
2026-04-24,GAV,57.636355,1,227144873.82
2026-04-24,GA1,1.814745,1561,352942250.05
2026-04-24,GBC,0.275822,1630,292475160.44
2026-04-24,GBG,0.501522,3325,154335339.96
2026-04-24,GBH,4.199244,2746,2213439464.51
2026-04-24,GBJ,1.571829,2129,674721702.30
2026-04-24,GBL,0.767678,1758,3161556633.47
2026-04-24,GBN,6.065840,463,5649023954.32
2026-04-24,GBP,66.712593,2,3658890178.46
2026-04-24,GBV,11.424555,23118,2386059228.18
2026-04-24,GBZ,3.411651,3562,1585424198.24
2026-04-24,GCA,67.163785,2,777998213.36
2026-04-24,GCC,5.341942,2,1186233667.41
2026-04-24,GCD,3.206748,13,447413663.63
2026-04-24,GCI,60.000567,3,205555703.92
2026-04-24,GCZ,57.400338,1,11176706.73
2026-04-24,GDJ,56.996829,4,461755708.18
2026-04-24,GDP,61.891388,1,1438111386.46
2026-04-24,GEC,71.126589,3,399132826.85
2026-04-24,GEI,110.559216,11,4087150658.61
2026-04-24,GEZ,56.270680,1,373325349.67
2026-04-24,GFB,65.108523,4,397556354.71
2026-04-24,GFD,64.811912,2,115388406.90
2026-04-24,GFI,49.714387,3,1607640928.37
2026-04-24,GFL,10.612316,1,445429957.73
2026-04-24,GFN,74.048770,3,856998703.40
2026-04-24,GFY,64.459563,3,395713453.97
2026-04-24,GGA,62.524084,3,8151249341.65
2026-04-24,GGC,5.171244,5,181681308.37
2026-04-24,GGD,61.174344,2,5837399518.36
2026-04-24,GGK,14.217943,13333,2892480887.90
2026-04-24,GGM,7.454236,1,2551517250.50
2026-04-24,GGN,63.800678,4,444271298.34
2026-04-24,GGP,26.316306,1,182293.05
2026-04-24,GGR,63.215682,3,1508763749.92
2026-04-24,GHS,39.895933,14778,3298081033.48
2026-04-24,GID,1.661247,2297,55615202.69
2026-04-24,GIE,3.661140,5153,94130233.53
2026-04-24,GIH,2.463683,674,17501963.29
2026-04-24,GJA,61.334885,3,874841297.30
2026-04-24,GJB,10.088586,1066,77542011.72
2026-04-24,GJD,59.099932,3,384651849.05
2026-04-24,GJE,58.949357,2,136568741.10
2026-04-24,GJF,59.667951,2,227103917.60
2026-04-24,GJH,3.467788,26197,135381173059.24
2026-04-24,GJM,39.329264,69,451645701.46
2026-04-24,GJO,55.645028,1,544177714.70
2026-04-24,GKE,0.000000,0,0.01
2026-04-24,GKF,4.798298,797,45181341.07
2026-04-24,GKG,1.378396,1330,46037182.63
2026-04-24,GKH,3.960324,1882,5779633899.99
2026-04-24,GKK,61.079243,2,1870100268.61
2026-04-24,GKL,15.195382,4,854728198.99
2026-04-24,GKM,45.183105,14,122157945.21
2026-04-24,GKO,0.000000,0,0.01
2026-04-24,GKV,7.618545,3507,387991457.60
2026-04-24,GLC,4.261896,71,16467473.65
2026-04-24,GLG,8.214499,632,69504156.56
2026-04-24,GLM,0.518843,11,261533945.11
2026-04-24,GLP,62.989086,4,516637802.08
2026-04-24,GLS,0.151421,1396,553089949.78
2026-04-24,GLV,8.281966,22,20007664.96
2026-04-24,GL1,1436.341996,999,1257146840.86
2026-04-24,GMA,1.935988,1555,2521909682.55
2026-04-24,GMC,9.041844,25113,5305823245.85
2026-04-24,GMD,2.553803,119,3093447.38
2026-04-24,GME,26.369529,2,372052405.00
2026-04-24,GMI,1.572220,6281,551959402.21
2026-04-24,GMM,44.910527,27,418543432.95
2026-04-24,GMN,1.204282,32,94303878.35
2026-04-24,GMO,2.919618,4,2337011120.61
2026-04-24,GMP,58.211243,1,1521327548.18
2026-04-24,GMR,1.360066,5137,206157958.94
2026-04-24,GMV,0.000000,0,0.01
2026-04-24,GMZ,12.825079,2,349131834.23
2026-04-24,GNH,1.475778,200,7055733.85
2026-04-24,GNK,64.185522,1,440028469.62
2026-04-24,GNL,56.273102,4,1673921515.41
2026-04-24,GNP,1.302727,4359,1236746718.97
2026-04-24,GNS,1.515704,1459,75556285.95
2026-04-24,GNZ,1.429400,463,1694372.48
2026-04-24,GOF,47.093543,131,64618227.50
2026-04-24,GOH,15.957011,8982,670919987.09
2026-04-24,GOL,2.874641,13601,5387069686.34
2026-04-24,GOP,1.067268,421,758932117.00
2026-04-24,GO1,4.308574,1085,157951017.32
2026-04-24,GO2,4.591532,588,35026138.03
2026-04-24,GO3,4.700548,601,46767730.71
2026-04-24,GO4,5.083897,968,64884382.39
2026-04-24,GO6,3.715637,4294,4941992809.73
2026-04-24,GO9,2.501429,1799,393846479.08
2026-04-24,GPA,21.595763,5664,764949746.67
2026-04-24,GPB,11.080289,9864,1219912398.70
2026-04-24,GPC,67.024982,3962,7416318585.42
2026-04-24,GPF,8.255251,2870,847440263.78
2026-04-24,GPG,14.872217,2734,883325118.36
2026-04-24,GPH,43.178636,1,2531865.70
2026-04-24,GPI,16.869798,3035,746136569.91
2026-04-24,GPJ,53.785417,2,881688095.33
2026-04-24,GPL,49.281848,39289,99373729384.58
2026-04-24,GPM,57.962047,2,1207759702.94
2026-04-24,GPN,1.225261,2097,2124136294.88
2026-04-24,GPT,2.368975,2663,85183205.83
2026-04-24,GPU,19.732093,2721,406230681.25
2026-04-24,GPV,63.182152,1,545278402.55
2026-04-24,GPZ,1.732403,214,8645871877.22
2026-04-24,GP1,3.708290,1,169535135.61
2026-04-24,GP3,57.746544,294,387144438.94
2026-04-24,GRL,1.730914,349,1012803334.06
2026-04-24,GRO,50.180161,27115,186895350723.22
2026-04-24,GRT,1.532179,1431,74749186.22
2026-04-24,GSE,59.849475,105,1452801226.42
2026-04-24,GSG,66.317031,1,82053797.05
2026-04-24,GSL,3.032829,1,293405169.31
2026-04-24,GSO,13.458009,5,308247534.46
2026-04-24,GSP,0.545646,13963,2898169264.74
2026-04-24,GSR,52.958824,2,245896291.06
2026-04-24,GSU,0.000000,0,0.01
2026-04-24,GTA,1.635817,81722,28400115344.42
2026-04-24,GTF,13.705860,575,205350882.54
2026-04-24,GTH,1.323559,395,10121658.60
2026-04-24,GTK,6.346926,1,25574727801.00
2026-04-24,GTL,0.118914,323184,146278911036.30
2026-04-24,GTM,7.827697,14462,1186216531.90
2026-04-24,GTN,48.706170,2,1364383278.14
2026-04-24,GTY,5.801690,665,479684492.14
2026-04-24,GTZ,13.381572,71081,16514464456.05
2026-04-24,GUA,5.455796,1,1865122812.43
2026-04-24,GUB,2.266089,3440,2155800372.57
2026-04-24,GUC,1.288362,1,2799422027.08
2026-04-24,GUH,0.361601,26905,2570535509.99
2026-04-24,GUK,1.611430,3393,1342501030.23
2026-04-24,GUM,14.168410,58963,8325267064.80
2026-04-24,GUV,1.627817,2110,640151725.15
2026-04-24,GVA,4.091051,3450,95898469.79
2026-04-24,GVB,63.268151,3,3321555128.45
2026-04-24,GVC,59.938067,1,284062565.09
2026-04-24,GVD,19.844912,1,438870.22
2026-04-24,GVI,5.475267,5410,1414464400.21
2026-04-24,GVL,61.931245,3,487529819.20
2026-04-24,GVZ,68.692267,2,380098630.83
2026-04-24,GYC,3.667577,1,15054268071.03
2026-04-24,GYG,66.866049,4,498023745.95
2026-04-24,GYK,0.101709,279,73527610.03
2026-04-24,GYL,12.883513,7756,1078217965.27
2026-04-24,GYN,63.060534,1,1299902417.61
2026-04-24,GYR,58.673236,5,564441809.18
2026-04-24,GZB,6.651927,1,1263866200.74
2026-04-24,GZD,57.650958,3,50542479.86
2026-04-24,GZE,7.255917,5341,1898682480.37
2026-04-24,GZG,5.889826,1620,429454369.19
2026-04-24,GZH,4.988068,6356,411388571.27
2026-04-24,GZJ,8.246278,6056,1992338951.42
2026-04-24,GZL,5.272350,6232,348476380.17
2026-04-24,GZM,8.190978,308,113085971.99
2026-04-24,GZN,45.239566,1650,446935469.44
2026-04-24,GZO,65.810728,1,108240088.30
2026-04-24,GZP,7.047704,9761,4249047341.73
2026-04-24,GZR,11.761319,2191,1076343118.53
2026-04-24,GZU,63.117257,2,431068712.24
2026-04-24,GZV,7.912808,1380,93858207.18
2026-04-24,GZY,7.321715,2343,65785719.17
2026-04-24,GZZ,6.626739,1303,61975365.86
2026-04-24,HAE,52.006849,1067,2346411760.50
2026-04-24,HAG,57.527034,47,407609871.40
2026-04-24,HAM,3.178299,9038,1865064723.06
2026-04-24,HAR,1.040901,68,39717015.97
2026-04-24,HAT,1.798036,121,8840410.39
2026-04-24,HBF,51.961378,12807,7353739437.83
2026-04-24,HBJ,2.420403,1,242040.25
2026-04-24,HBN,4.056081,1129,524325602.30
2026-04-24,HBU,1.458817,2859,460991721.77
2026-04-24,HBV,16.035156,18,922806057.76
2026-04-24,HB1,46.819078,330,21166644598.35
2026-04-24,HB2,54.354687,190,10790045869.88
2026-04-24,HCV,1.045265,222,62561156.40
2026-04-24,HDA,2.826648,787,413192103.27
2026-04-24,HDE,54.230740,4375,7906545282.93
2026-04-24,HDH,8368.951071,18,31038230118.13
2026-04-24,HDJ,5.706564,11,14150030.67
2026-04-24,HDK,2.798369,152,12798162.79
2026-04-24,HDS,15.306151,13,1537019135.84
2026-04-24,HDV,61.658306,2202,4281691491.84
2026-04-24,HEH,2.904030,1889,732241076.71
2026-04-24,HFA,2.935600,2,4150441767.61
2026-04-24,HFI,1.622051,159,45328029.97
2026-04-24,HFR,1.501194,781,93099129.15
2026-04-24,HFV,59.357199,3370,8970360078.18
2026-04-24,HFY,1.160405,27,789841995.43
2026-04-24,HGC,49.223633,193,309260515.68
2026-04-24,HGH,1.756387,21,77958006.03
2026-04-24,HGJ,13.157799,11,5880601.76
2026-04-24,HGM,3.925779,2061,148753251.70
2026-04-24,HGR,1.176544,356,58495447.47
2026-04-24,HGT,88.429900,14,3622385313.62
2026-04-24,HGU,4.393731,2,2464964605.88
2026-04-24,HGV,5.241987,560,63869238.14
2026-04-24,HIA,1.376781,352,484013381.15
2026-04-24,HIF,0.635311,20,1087570.59
2026-04-24,HIH,1.425145,6312,364270758.51
2026-04-24,HII,3.087665,1,1016975527.28
2026-04-24,HIM,3.570438,298,414013388.53
2026-04-24,HIP,1.908233,898,1586148662.90
2026-04-24,HIS,3.497505,12,1424327.41
2026-04-24,HIZ,1.911988,1115,175381476.90
2026-04-24,HJA,27.168841,13,3152123792.73
2026-04-24,HJB,4.322536,1823,136873166.18
2026-04-24,HKG,1.402675,997,36935310.49
2026-04-24,HKH,8.469449,16075,1770437740.24
2026-04-24,HKJ,1.218576,2690,12579494803.09
2026-04-24,HKM,4.962048,1563,165360802.29
2026-04-24,HKP,5.369951,127,428633707.17
2026-04-24,HKR,3.931955,1860,1693289319.58
2026-04-24,HKV,523.047800,37499,4013162179.65
2026-04-24,HLA,2.286848,11,51048144.21
2026-04-24,HLL,0.336531,1038546,44510836709.59
2026-04-24,HLR,225.373736,14,5320922219.68
2026-04-24,HMC,7.598550,123,6946495.81
2026-04-24,HME,50.424175,8296,24824335243.87
2026-04-24,HMG,0.060588,4751,1853069091.33
2026-04-24,HMK,295.938143,112,284874495.14
2026-04-24,HML,45.794453,45,20138294.00
2026-04-24,HMS,0.103852,4528,436116006.53
2026-04-24,HMT,6.793604,22,568154971.70
2026-04-24,HMV,18.587030,13,15195767851.59
2026-04-24,HNC,1.356567,108,13746955.74
2026-04-24,HNS,46.585339,109,489070590.83
2026-04-24,HOA,0.216012,3356,1483442638.35
2026-04-24,HOY,0.327658,2612,1219469768.33
2026-04-24,HPC,12.021440,7,34720840521.42
2026-04-24,HPD,0.212783,1568,343287028.56
2026-04-24,HPF,39.738413,12,1714677532.86
2026-04-24,HPH,2.106183,10670,11894032230.34
2026-04-24,HPI,7.884292,14,271330667.08
2026-04-24,HPJ,3.723603,1,73053576.59
2026-04-24,HPL,2.750789,24,1247682606.47
2026-04-24,HPO,0.152874,3039,1280781020.96
2026-04-24,HPT,0.100694,10355,2487563658.85
2026-04-24,HPV,6.898163,342134,8247810086.48
2026-04-24,HPZ,588.528255,16,1190592.66
2026-04-24,HP3,53.933108,135,300969177.01
2026-04-24,HRZ,2.274133,7135,510434844.03
2026-04-24,HSA,1538.351479,2729,4116170128.86
2026-04-24,HSL,363.869131,24327,22422803133.88
2026-04-24,HSP,45.086715,1072,1939026819.41
2026-04-24,HST,0.926885,3899,458985130.84
2026-04-24,HTF,1.275018,524,7621299241.53
2026-04-24,HTJ,1.628618,148,8677195.98
2026-04-24,HTS,51.504297,1793,3103009983.17
2026-04-24,HTZ,15.582643,13,737407625.69
2026-04-24,HUI,87.498598,1,2064936803.19
2026-04-24,HUS,0.003635,12,2068544.83
2026-04-24,HVA,504.587061,17,139596533.48
2026-04-24,HVB,1.726672,13,1982936328.21
2026-04-24,HVC,26.225240,17,71535399.00
2026-04-24,HVI,1.264051,493,50106097.29
2026-04-24,HVK,5.054925,2145,1134308582.65
2026-04-24,HVL,20.437051,11,2869362.02
2026-04-24,HVN,5.392942,12,6120832.74
2026-04-24,HVS,1.571269,10937,2925667633.78
2026-04-24,HVT,4.139728,2110,839090716.37
2026-04-24,HVU,5.370745,908,22005609.70
2026-04-24,HVV,64.667432,1,3279019087.64
2026-04-24,HVZ,6.919234,2077,105552400.48
2026-04-24,HYK,10.119262,24,195854263.80
2026-04-24,HYP,9.130717,60,17219518.33
2026-04-24,HYU,1.588827,299,1038319064.71
2026-04-24,HYV,5.587524,7722,7452019303.37
2026-04-24,HYY,12.599841,1,6217866030.14
2026-04-24,HZV,5.765630,3,944378637.45
2026-04-24,IAC,4.055267,1,2811999454.89
2026-04-24,IAE,1.961930,513,239007113.81
2026-04-24,IAF,0.863772,11,54890830.49
2026-04-24,IAI,6.614402,1,75373293.57
2026-04-24,IAM,1.601029,3165,90903345.41
2026-04-24,IAR,72.694556,28,164063762.62
2026-04-24,IAS,2.172949,17,3516573942.47
2026-04-24,IAT,0.176893,8444,1612071422.91
2026-04-24,IAU,2.379766,301,43006295.31
2026-04-24,IAY,1.541921,222,49959385.37
2026-04-24,IBB,14.124673,8785,1120936669.76
2026-04-24,IBC,17.286973,5,370440684.57
2026-04-24,IBE,22.998624,12,761893706.51
2026-04-24,IBG,1.452573,11,484787536.61
2026-04-24,IBJ,60.749826,23,738012766.86
2026-04-24,IBK,0.120712,122448,210066810.90
2026-04-24,IBM,3.557869,17,245366975.32
2026-04-24,IBP,64.328084,4,4376951472.63
2026-04-24,IBR,0.264435,71,1510701549.16
2026-04-24,ICA,0.566722,3454,733029684.09
2026-04-24,ICC,1.264269,287,30649493.48
2026-04-24,ICD,121.309316,212,41280832.33
2026-04-24,ICE,112.832651,5610,1997664846.05
2026-04-24,ICF,185.554517,554,19806645.79
2026-04-24,ICG,65.590980,1,839114264.91
2026-04-24,ICH,2.017038,1529,164328136.43
2026-04-24,ICN,3.729574,15,163161307.01
2026-04-24,ICS,47.638187,69,44268119.07
2026-04-24,ICV,5.523538,50,6682603.02
2026-04-24,ICZ,7.912606,22226,944898748.47
2026-04-24,IDD,0.149137,25,31226505.09
2026-04-24,IDF,71.681854,4585,13353765424.00
2026-04-24,IDH,12.513600,22515,1060800269.77
2026-04-24,IDI,1.466510,366,19844051.19
2026-04-24,IDL,5.316537,3847,3131177770.24
2026-04-24,IDO,54.851864,14975,74480898850.52
2026-04-24,IDP,1.940779,30,191978550.19
2026-04-24,IDV,66.160060,2,519792862.90
2026-04-24,IDY,0.214221,3139,621691277.71
2026-04-24,IED,0.978641,558,13498721.43
2026-04-24,IEN,1.279440,136,52595935.35
2026-04-24,IEV,4.876363,3124,57486535.86
2026-04-24,IEZ,5.844389,3,117500982.68
2026-04-24,IFD,56.101150,9,1122023004.52
2026-04-24,IFN,9.591112,482,5186547.16
2026-04-24,IFV,4.137151,221,17394711.44
2026-04-24,IFY,6.798398,1,135967950.71
2026-04-24,IGF,63.115283,2,1333765167.41
2026-04-24,IGL,510.879961,17800,4845124751.49
2026-04-24,IGM,61.698930,3,1178424702.48
2026-04-24,IGZ,10.571666,3,2126369610.05
2026-04-24,IHA,3.185055,394,11381171.69
2026-04-24,IHC,6.876245,293,272763774.78
2026-04-24,IHK,17.328545,33343,2044524034.91
2026-04-24,IHP,1.737696,343,193137595.71
2026-04-24,IHT,3.784936,3731,87779700.62
2026-04-24,IHV,1.902158,33,332179543.45
2026-04-24,IHY,6.595158,1,133251268.19
2026-04-24,IHZ,1.065147,58,1644728.10
2026-04-24,IIA,6.859433,11,2626004773.38
2026-04-24,IIC,3.255631,12,183068226.68
2026-04-24,IIE,8.423283,5402,1137578904.12
2026-04-24,IIF,1.306726,14,435156745.45
2026-04-24,IIH,33.334141,24582,2326029737.45
2026-04-24,IIN,1.230965,86,2259137742.82
2026-04-24,IIP,0.329241,16,39661925.44
2026-04-24,IIS,96.206269,202,3574669972.56
2026-04-24,IJA,13.238851,1352,214555091.49
2026-04-24,IJB,5.949409,7382,198847850.50
2026-04-24,IJC,13.643805,22171,2148594580.53
2026-04-24,IJE,63.311108,4,33913924.48
2026-04-24,IJF,9.672197,2,887731005.63
2026-04-24,IJH,6.669107,471,51469644.89
2026-04-24,IJI,9.418334,26,65242115.82
2026-04-24,IJK,59.635257,3,273788448.39
2026-04-24,IJL,50.622446,12,334978395.36
2026-04-24,IJP,7.811416,13037,557129151.50
2026-04-24,IJT,6.511116,1497,425800844.86
2026-04-24,IJV,4.962430,3134,3249157069.60
2026-04-24,IJZ,10.653542,11516,507420421.85
2026-04-24,IKL,8.795973,5414,206943716.28
2026-04-24,IKP,8.653774,13127,942366936.91
2026-04-24,IKV,1.356523,1103,181349705.38
2026-04-24,IK2,44.603688,96,199802488.58
2026-04-24,ILC,47.410266,223,1326439014.07
2026-04-24,ILE,4.561132,1,10153869860.71
2026-04-24,ILH,3.518055,11074,121963594097.63
2026-04-24,ILI,5.152107,16,451223748.31
2026-04-24,ILM,7.018824,13,305672883.96
2026-04-24,ILP,58.048558,6,2910506224.20
2026-04-24,ILU,1.052425,1,1667634338.43
2026-04-24,ILZ,7.552780,7392,1058430288.76
2026-04-24,IMB,1.238200,233,32711358.13
2026-04-24,IMF,5.313306,19,360081618.17
2026-04-24,IMG,46.271290,144,924275210.64
2026-04-24,IMH,6.226078,1,2196605531.69
2026-04-24,IML,1.698035,6484,1101297878.87
2026-04-24,IMO,5.270993,2,4526717350.07
2026-04-24,IMS,14.589684,4,542350332.96
2026-04-24,IMT,65.456736,4,661602589.07
2026-04-24,IMY,69.164913,6,1484904771.58
2026-04-24,IMZ,68.863061,4,285612781.99
2026-04-24,INH,13.836159,508,360894275.38
2026-04-24,INV,42.429131,1,1808114318.56
2026-04-24,INZ,3.042028,14,6085159.51
2026-04-24,IOG,15.386252,23498,17488451993.73
2026-04-24,IOH,48.840051,30,125060767.99
2026-04-24,IOJ,48.051093,40,172328277.28
2026-04-24,IOL,62.228881,1,890197339.15
2026-04-24,IOM,3.948126,15,595379995.24
2026-04-24,ION,2.845892,15,181740960.04
2026-04-24,IOO,4.058624,6543,29713076158.44
2026-04-24,IOP,5.563015,7400,7267121354.39
2026-04-24,IOT,54.526099,6,245505941.17
2026-04-24,IOV,53.518792,1,530233636.07
2026-04-24,IPA,0.790691,16,805077236.88
2026-04-24,IPB,0.846496,17406,1250800284.72
2026-04-24,IPC,23.452217,1,13485024.58
2026-04-24,IPE,9.147643,3,3811052409.23
2026-04-24,IPF,0.113133,22,142038347.34
2026-04-24,IPG,9.041761,1946,350582374.34
2026-04-24,IPJ,18.977853,17835,1238183067.25
2026-04-24,IPK,49.185908,1,2941220427.04
2026-04-24,IPO,43.052290,1,517766605.39
2026-04-24,IPP,0.167447,186,6440830822.50
2026-04-24,IPR,31.608825,1,19439427.54
2026-04-24,IPU,44.074591,1,5141901391.55
2026-04-24,IPV,72.897478,12345,1971122811.43
2026-04-24,IRB,1.160723,882,861960866.08
2026-04-24,IRE,44.729948,65,113045462.68
2026-04-24,IRF,6.315801,1618,350137753.46
2026-04-24,IRL,16.220424,15,245994048.16
2026-04-24,IRO,1.793692,47,21352588.56
2026-04-24,IRT,6.519527,1498,111158847.61
2026-04-24,IRV,6.261499,40,294263886.99
2026-04-24,IRY,3.509802,2439,2209811697.11
2026-04-24,ISR,18.195156,8,943466680.03
2026-04-24,ISS,0.276853,7,214758846.74
2026-04-24,IST,0.171110,3219,2017513293.46
2026-04-24,ITA,67.796082,1,760762412.45
2026-04-24,ITC,1.247540,351,24836927.94
2026-04-24,ITD,63.491820,1,2349214618.39
2026-04-24,ITJ,10.540428,11,416897693.54
2026-04-24,ITL,3.977399,1,4081877737.39
2026-04-24,ITP,10.983352,10643,960573338.71
2026-04-24,ITR,3.915333,1,1027258277.25
2026-04-24,ITV,45.024439,25,164211965.74
2026-04-24,ITZ,56.035413,3,1741828719.66
2026-04-24,IUA,63.502076,57,433752262.98
2026-04-24,IUB,66.600871,3,320663880.13
2026-04-24,IUC,1.916648,1,930251936.81
2026-04-24,IUF,64.070958,8268,23024618556.65
2026-04-24,IUH,5.241557,651,8597876.35
2026-04-24,IUM,62.336413,1,378728495.04
2026-04-24,IUN,70.946125,4,278244743.15
2026-04-24,IUV,62.700844,7057,23076646144.93
2026-04-24,IUZ,4.194512,1138,1239619176.42
2026-04-24,IVA,2.544867,3,127243325.91
2026-04-24,IVF,6.220909,1335,173951484.63
2026-04-24,IVS,5.376730,30,446552665.81
2026-04-24,IVY,5.268250,14964,803821974.47
2026-04-24,IV2,17.925935,14,1097766112.14
2026-04-24,IV6,60.376322,1,1510500247.32
2026-04-24,IV7,4.474909,1,489128573.96
2026-04-24,IV8,2.060799,131,29419229.79
2026-04-24,IYB,5.769048,514,112122299.68
2026-04-24,IYP,3.142041,2,2408792587.43
2026-04-24,IYR,0.129718,32,215584341.52
2026-04-24,IYS,1.302262,16,5692231275.68
2026-04-24,IYV,1.145422,74,217548097.93
2026-04-24,IZA,1.988080,1,494762771.56
2026-04-24,IZB,8.997447,32,55245028.76
2026-04-24,IZE,60.553587,1,252721182.85
2026-04-24,IZL,48.592401,21,88938336.66
2026-04-24,IZS,8.550195,14,55832771.21
2026-04-24,IZV,9.132523,2,99997990.16
2026-04-24,IZY,44.942722,32,50621279.92
2026-04-24,JET,2.201508,20043,881133316.84
2026-04-24,JOT,54.191238,1,1068088109.06
2026-04-24,JUP,0.502214,58,53625055.07
2026-04-24,KAC,3.454811,2076,16951379955.93
2026-04-24,KAN,6951.065504,36,4900820929.03
2026-04-24,KAV,54.457808,5913,19326047237.33
2026-04-24,KBJ,4.081752,119,763974178.76
2026-04-24,KBP,1.568063,6,370568102.20
2026-04-24,KBZ,48.568783,1,150295710.11
2026-04-24,KCL,1.678506,205,15606130.39
2026-04-24,KCV,4.681950,11649,2099417597.43
2026-04-24,KDE,1.558357,1967,537929040.37
2026-04-24,KDI,52.924603,10,352165283.44
2026-04-24,KDK,14.466193,1,723309.66
2026-04-24,KDL,48.927957,7291,25550368733.64
2026-04-24,KDO,53.239476,424,1693160695.30
2026-04-24,KDS,50.577001,1368,32997425102.88
2026-04-24,KDT,50.510400,1133,3200741030.01
2026-04-24,KDV,45.113557,165,11674689553.97
2026-04-24,KDZ,45.734916,820,5411749692.64
2026-04-24,KEI,1.696485,1,304719728.54
2026-04-24,KEO,1.606415,1,63360877.45
2026-04-24,KEU,50.055526,34,4475976927.57
2026-04-24,KFZ,3.944653,1,325859645.99
2026-04-24,KGM,3.282295,30977,3834612543.24
2026-04-24,KHA,3.389817,18630,1827903270.58
2026-04-24,KHB,1.519575,216,17760072.85
2026-04-24,KHC,2.099793,1633,115932137.05
2026-04-24,KHD,1.297249,14,650884964.16
2026-04-24,KHF,0.147303,13,1103929.55
2026-04-24,KHJ,1.197996,517,15575537.58
2026-04-24,KHP,1.013807,213,5217042471.05
2026-04-24,KHT,2.744063,362,21036656.52
2026-04-24,KHU,35.457304,1,3386810.72
2026-04-24,KH1,1.256361,824,82528946.32
2026-04-24,KIA,4.448171,425,9333143.42
2026-04-24,KIB,3.897574,1010,11442664.08
2026-04-24,KIE,4.057196,916,207580278.55
2026-04-24,KIH,1.371924,33,53246418.78
2026-04-24,KIK,1.349041,1148,165065551.88
2026-04-24,KIS,0.208107,835,92661440.83
2026-04-24,KJK,0.002125,1,274442.70
2026-04-24,KKB,59.638455,1,14613866.68
2026-04-24,KKC,54.255569,61,166910095.81
2026-04-24,KKE,48.203092,2,83236135.41
2026-04-24,KKH,6.346830,5544,538060582.94
2026-04-24,KKL,2.157094,1266,2738139643.78
2026-04-24,KKO,45.583773,263,2124128862.37
2026-04-24,KKP,46.221070,319,3755182090.42
2026-04-24,KKT,2.749067,35,1900662417.27
2026-04-24,KLH,2.510100,2411,119927946.71
2026-04-24,KLI,1.153370,94,479453108.28
2026-04-24,KLL,54.251867,1,10653439.18
2026-04-24,KLM,62.129228,1,924301251.78
2026-04-24,KLS,41.062804,2,1008830.96
2026-04-24,KLU,4.271442,87627,64657677813.80
2026-04-24,KMA,158.478090,1,11857013.75
2026-04-24,KME,1.477567,1048,179465132.44
2026-04-24,KMF,3.516601,2698,2223151760.10
2026-04-24,KMN,1.010372,4964,614503063.72
2026-04-24,KMT,3.568418,1,88444565.79
2026-04-24,KNC,62.606747,16,344390134.27
2026-04-24,KNI,1.218081,399,12036208933.47
2026-04-24,KNJ,1.868840,12794,889723690.71
2026-04-24,KNN,1.323497,18,568270625.57
2026-04-24,KNP,76.687676,2,223570648.46
2026-04-24,KNS,3.936597,1,4437298675.59
2026-04-24,KNT,56.107294,4,160811471.38
2026-04-24,KNV,66.256576,5,297514554.93
2026-04-24,KNZ,66.137297,1,974652845.67
2026-04-24,KOB,1.246386,16,420276169.46
2026-04-24,KOP,7.411271,14,15200516.44
2026-04-24,KOT,1.415522,4654,200640969.15
2026-04-24,KOZ,60.142709,4,67265831.53
2026-04-24,KO4,52.789747,880,4449647811.35
2026-04-24,KPA,1.493357,11876,334356491.65
2026-04-24,KPB,6.169605,1,4944494.28
2026-04-24,KPC,19.477315,20518,3524169127.57
2026-04-24,KPD,46.157463,576,249015587.76
2026-04-24,KPF,1.551261,200,94072984.84
2026-04-24,KPH,1.357686,13282,680714536.59
2026-04-24,KPI,1.299102,3737,3164495154.33
2026-04-24,KPK,9.407589,1,435126129.09
2026-04-24,KPP,2.783354,764,689972342.96
2026-04-24,KPR,1.653037,1192,50544813578.53
2026-04-24,KPU,3.726777,6093,561307629.09
2026-04-24,KP3,50.792591,15,14589816.09
2026-04-24,KRC,0.133019,156,28367324.76
2026-04-24,KRF,19.425279,727,128209424.34
2026-04-24,KRH,1.353882,42,1764284826.52
2026-04-24,KRO,45.054654,60,288331856.78
2026-04-24,KRR,1.103578,562,22322205.62
2026-04-24,KRS,0.485766,1410,1637747651.62
2026-04-24,KRT,69.151800,173,791598287.10
2026-04-24,KRV,44.981058,1048,5334303627.78
2026-04-24,KSA,3.593854,2759,11620064154.58
2026-04-24,KSC,45.959366,1,45166796.69
2026-04-24,KSK,2.577556,618,5892727675.85
2026-04-24,KSL,53.416306,120,263013612.34
2026-04-24,KSM,47.871206,756,15199069415.29
2026-04-24,KSP,60.658334,278,1134917437.43
2026-04-24,KSR,4.697839,3742,167497890.72
2026-04-24,KST,1.955977,560,13477667.32
2026-04-24,KSV,5.098183,11231,30371958787.59
2026-04-24,KSY,9.695313,83,3097455910.65
2026-04-24,KTE,41.492884,1,100164071.64
2026-04-24,KTI,1.897453,541,217641160.92
2026-04-24,KTJ,2.108041,12367,724957850.36
2026-04-24,KTM,20.008647,5840,708562303.81
2026-04-24,KTN,7.387218,3912,478458266.19
2026-04-24,KTR,9.424724,721,21918735238.28
2026-04-24,KTS,13.521273,702,100370058.44
2026-04-24,KTT,65.612342,1407,5389763167.21
2026-04-24,KTU,26.440158,1,695008217.27
2026-04-24,KTV,6.844071,45598,26822343998.36
2026-04-24,KUA,1.394353,2207,158286709.26
2026-04-24,KUB,0.691484,4131,327753090.02
2026-04-24,KUD,1.519125,973,68329483.39
2026-04-24,KUP,46.739361,132,1641512967.47
2026-04-24,KUT,12.781352,46491,9839348718.56
2026-04-24,KU3,1.000854,681,50066995.46
2026-04-24,KVA,1.558132,1,571945004.78
2026-04-24,KVK,1.147314,151,487975046.92
2026-04-24,KVR,1.141429,43,147082330.38
2026-04-24,KVS,3.337185,2386,17285783857.11
2026-04-24,KVT,1.370990,2984,124596946.16
2026-04-24,KYA,1.269906,1943,82507104.63
2026-04-24,KYR,0.820329,11,522503680.11
2026-04-24,KYS,50.166337,4,10279082.53
2026-04-24,KZL,28.671352,69219,87274939922.81
2026-04-24,KZO,1.986733,3,1029234958.89
2026-04-24,KZU,2.421728,6533,509710926.24
2026-04-24,LAI,1.836390,11,94930.35
2026-04-24,LET,52.045365,2,705857455.56
2026-04-24,LFD,8.295681,1,2361181323.95
2026-04-24,LGK,1.263707,1,1473537031.48
2026-04-24,LGO,6.100866,12,333251948.56
2026-04-24,LHM,76.962836,4,725485628.21
2026-04-24,LHP,53.281668,103,92607961.64
2026-04-24,LKT,1.662648,279,93559177.99
2026-04-24,LLA,1.351465,1027,53558042.83
2026-04-24,LPH,1.262714,850,663644378.23
2026-04-24,LRT,3.258827,11,755009105.32
2026-04-24,LTC,1.444694,397,201486828.02
2026-04-24,LTS,4.049880,14,1564610751.24
2026-04-24,LZV,9.538987,2,108487610.26
2026-04-24,MAC,0.765698,38785,4836141892.16
2026-04-24,MAD,1.027837,399,23871575.62
2026-04-24,MAS,13.143803,89,912978628.61
2026-04-24,MAV,55.398260,1,875215777.67
2026-04-24,MBL,0.254741,223,21215223.43
2026-04-24,MBR,1.508153,224,123303741.35
2026-04-24,MCU,1.239241,159,24978871.62
2026-04-24,MDF,1.285503,1418,836569435.45
2026-04-24,MD1,1.986548,621,64976994.64
2026-04-24,MD2,1.892338,729,171199517.56
2026-04-24,MET,5.334300,6901,705881055.03
2026-04-24,MGB,1.390244,559,72085042.42
2026-04-24,MGD,0.860143,1,578102735.50
2026-04-24,MGE,8.944435,69,5097504998.10
2026-04-24,MGH,2.031267,865,639817015.89
2026-04-24,MHF,1.970023,1382,75111141.15
2026-04-24,MIK,3.318809,12,1062121.74
2026-04-24,MJB,7.281652,829,64563254.41
2026-04-24,MJE,54.601549,941,6538443143.26
2026-04-24,MJG,12.199027,8689,1209322148.80
2026-04-24,MJH,4.528624,18,41728087.88
2026-04-24,MJK,36.024742,490,2277538640.26
2026-04-24,MJL,57.726957,633,900725135.30
2026-04-24,MKA,1.331112,1873,102253470.97
2026-04-24,MKG,17.827972,9301,1631369622.46
2026-04-24,MKL,58.236646,1,751579848.10
2026-04-24,MLS,16.526331,4,1235538790.04
2026-04-24,MLT,1.340480,150,39862998.54
2026-04-24,MMH,16.734041,1604,181439377.05
2026-04-24,MOD,56.362394,2,703362432.62
2026-04-24,MOZ,1.173304,140,271023020.84
2026-04-24,MPD,56.296240,787,3970676576.21
2026-04-24,MPE,1.275960,86,89680372.01
2026-04-24,MPF,7.378665,1939,1490115667.39
2026-04-24,MPI,2.742245,22,80082125.49
2026-04-24,MPK,8.773882,1474,279487126.06
2026-04-24,MPL,1.818165,1440,2125596839.12
2026-04-24,MPN,57.573000,330,364959275.58
2026-04-24,MPP,22.256219,1802,619311884.82
2026-04-24,MPS,23.770475,2664,161822815.89
2026-04-24,MP2,1.827205,13,4844476243.70
2026-04-24,MP4,2.630191,15,5162203068.91
2026-04-24,MRI,1.287521,141,14577965.05
2026-04-24,MSK,3.482790,1,1044555646.31
2026-04-24,MSO,54.530434,1,531419799.84
2026-04-24,MSR,2.016912,16,37137683.01
2026-04-24,MTD,1.371305,1974,186095004.72
2026-04-24,MTE,4.824726,17,591130344.94
2026-04-24,MTF,1.278299,41,63420911.90
2026-04-24,MTG,1.457189,145,38561161.66
2026-04-24,MTH,1.902317,4979,756585669.91
2026-04-24,MTI,0.017243,2,2062264.12
2026-04-24,MTK,1.499039,499,49610027.08
2026-04-24,MTL,3.067541,14,8034276457.73
2026-04-24,MTS,2.694336,762,94702151.37
2026-04-24,MTU,1.214980,18,1200497.45
2026-04-24,MTV,4.864413,12987,128586346.13
2026-04-24,MTX,4.670372,2270,103205827.01
2026-04-24,MT1,42.528685,21,34160187.80
2026-04-24,MT2,1.218811,4755,10950080746.06
2026-04-24,MT5,1.321519,18,488636307.65
2026-04-24,MT6,2.067515,13,991803294.05
2026-04-24,MT7,0.666201,15,86949148.63
2026-04-24,MT8,1.794146,16,2725855395.02
2026-04-24,MT9,0.669540,17,7504674124.37
2026-04-24,MUL,1.787500,13,9229144.89
2026-04-24,MUT,1.743279,1778,928273809.47
2026-04-24,NAK,1.097692,181,141871525.20
2026-04-24,NAL,1.837901,23,1383891185.00
2026-04-24,NAU,3.219272,12537,3073861700.91
2026-04-24,NBE,1.587336,11,1001740054.18
2026-04-24,NBH,5.866518,146,1022754265.37
2026-04-24,NBO,1.327607,411,1560598827.23
2026-04-24,NBZ,67.093662,285,1350740735.43
2026-04-24,NCS,53.201434,1852,7769221293.51
2026-04-24,NCU,56.354049,12,136477391.21
2026-04-24,NDL,2.068026,1,11661833.15
2026-04-24,NDS,0.855444,12,514932920.76
2026-04-24,NES,2.026850,2,2024832125.85
2026-04-24,NFF,1.207150,50,1803753163.04
2026-04-24,NFH,2.063029,51,124761124.13
2026-04-24,NFK,4.613485,97,1516279639.39
2026-04-24,NHP,5.311923,170,11933953.03
2026-04-24,NHT,59.481944,2,589773942.97
2026-04-24,NHV,4.096515,2,7549693504.36
2026-04-24,NHY,5.505738,2499,169414439.42
2026-04-24,NIG,1.003122,12,253611446.50
2026-04-24,NIS,1.513879,25,947427712.17
2026-04-24,NJF,12.587051,1757,1322301228.05
2026-04-24,NJG,2.696852,15,66100379.80
2026-04-24,NJR,5.072912,2828,1258188887.09
2026-04-24,NJY,6.639978,1352,294586927.96
2026-04-24,NKA,46.026401,15,156832199.40
2026-04-24,NKC,1.260167,1308,492121144.57
2026-04-24,NKH,1.537217,12,142752029.27
2026-04-24,NKJ,14.994283,1,1538989850.03
2026-04-24,NKK,7.807169,11,1490431369.08
2026-04-24,NKL,3.118473,2579,17094510992.28
2026-04-24,NKM,1.000353,574,51973515.63
2026-04-24,NKP,1.164679,3161,166856488.90
2026-04-24,NKS,1.801762,11,24323971.74
2026-04-24,NKT,1.340213,420,55160037.47
2026-04-24,NKV,2.034296,1,13187763725.83
2026-04-24,NLC,47.335643,14,141056523.14
2026-04-24,NLD,50.530386,1,1323988742.66
2026-04-24,NLE,1.433729,11604,412442238.25
2026-04-24,NLK,1.652665,1155,5091396372.74
2026-04-24,NLL,3.776323,23,1530145261.46
2026-04-24,NME,54.530415,64,71802378.31
2026-04-24,NMG,119.752430,10,2704153208.26
2026-04-24,NMU,1.097062,52,28002689.48
2026-04-24,NNF,22.372709,22385,3129975574.44
2026-04-24,NOA,1.438167,11,547399408.99
2026-04-24,NOI,1.295543,13,904889422.88
2026-04-24,NOV,58.299013,1,823294515.47
2026-04-24,NPH,1.709976,1008,289177862.58
2026-04-24,NPK,1.475558,1,875052420.32
2026-04-24,NP1,4.770292,166,1427055710.25
2026-04-24,NRC,11.333841,4178,243290779.49
2026-04-24,NRG,4.911015,3815,6447528635.09
2026-04-24,NRM,136.101086,12,352347609.00
2026-04-24,NSA,2.243469,303,1445902513.92
2026-04-24,NSD,59.840039,136,13437904847.55
2026-04-24,NSH,1.937665,1464,1411496659.23
2026-04-24,NSK,5.934523,105,376357418.24
2026-04-24,NSP,1.624752,2660,1590872964.12
2026-04-24,NSS,59.181795,1,1018063463.37
2026-04-24,NST,1.210810,4447,85417290.68
2026-04-24,NSY,1.302233,76,1107803361.57
2026-04-24,NTB,5.713199,1,3147768270.43
2026-04-24,NTD,0.438065,1,593763956.58
2026-04-24,NTF,2.788532,10,228840202.02
2026-04-24,NTI,1.316374,573,126540294.69
2026-04-24,NTO,60.674772,1,3285203131.97
2026-04-24,NTS,2.717163,33,200162374.47
2026-04-24,NUB,56.369557,874,1982967952.45
2026-04-24,NUG,45.732965,11,3048401597.60
2026-04-24,NUH,1.232409,879,89252991.70
2026-04-24,NVB,4.255124,5261,5779952133.94
2026-04-24,NVC,4.559022,103,11915228.28
2026-04-24,NVK,43.387608,18,38745350.86
2026-04-24,NVP,63.581394,1,56974905.53
2026-04-24,NVT,4.118974,74,607474479.01
2026-04-24,NVZ,54.478463,310,676900839.44
2026-04-24,NYH,57.567484,1,989575496.78
2026-04-24,NZH,3.195993,292,240739350.21
2026-04-24,NZT,5.350291,458,6251975222.82
2026-04-24,NZU,47.255170,38,51523067.83
2026-04-24,OAB,71.405611,3,627200754.39
2026-04-24,OBI,2.826919,510,273863159.84
2026-04-24,OBN,54.296668,137,156893263.06
2026-04-24,OBP,0.189351,866,35327026.46
2026-04-24,OBR,50.005486,11469,47827589604.96
2026-04-24,OCM,64.112878,2,468057800.31
2026-04-24,OCN,46.921396,4,109829146.48
2026-04-24,OCT,68.280462,5,440040537.00
2026-04-24,ODD,10.041369,34,428119345.27
2026-04-24,ODG,1.036584,27,26946470.77
2026-04-24,ODN,52.572900,172,165849938.58
2026-04-24,ODP,6.025308,122,217419793.50
2026-04-24,ODS,65.822865,131,123297285.28
2026-04-24,ODV,19.510815,4306,1703414940.32
2026-04-24,OFA,54.412917,145,243454218.50
2026-04-24,OFB,10.011926,13,905429803.03
2026-04-24,OFI,3.817475,729,151112583.62
2026-04-24,OFK,48.386355,291,1117127660.38
2026-04-24,OFO,64.393960,1,2022859224.39
2026-04-24,OFS,7.829799,508,183246338.11
2026-04-24,OGD,11.873477,3412,835195032.29
2026-04-24,OGF,8.307806,444,125740474.18
2026-04-24,OGV,66.845111,1,305659296.22
2026-04-24,OHB,23.780539,1159,1506346132.37
2026-04-24,OHI,0.024258,46,62608672.58
2026-04-24,OHK,2.589982,1161,27859496.65
2026-04-24,OIL,3.949074,685,45867521.88
2026-04-24,OIR,4.667153,269,26587819.34
2026-04-24,OIS,3.142748,2,599145760.48
2026-04-24,OJB,49.401021,7476,28736878419.15
2026-04-24,OJH,9.737884,30,27661354.39
2026-04-24,OJK,13.569430,30650,51240408043.08
2026-04-24,OJT,10.755445,11144,3245279991.73
2026-04-24,OJU,63.516213,2,53814301.93
2026-04-24,OJY,74.007434,6,2715207750.19
2026-04-24,OKD,0.573716,1069,88986020.91
2026-04-24,OKF,4.179437,12,7410034003.37
2026-04-24,OKP,5.720028,450,73214153.06
2026-04-24,OKT,0.144478,869,109258965.08
2026-04-24,OLA,51.600982,33,19728035.32
2026-04-24,OLD,3.115451,6019,154748375.84
2026-04-24,OLE,4.455831,508,304067279.13
2026-04-24,OMB,59.204373,3,182150898.40
2026-04-24,OMC,67.102651,2,391160410.68
2026-04-24,OME,22.665385,69,77425294.12
2026-04-24,OMG,1.735670,696,1246228398.66
2026-04-24,ONB,48.562585,583,5725564319.55
2026-04-24,OND,44.877357,636,3315987944.51
2026-04-24,ONE,1.492906,786,40483178.81
2026-04-24,ONF,61.190273,615,2527601615.70
2026-04-24,ONK,56.745224,22334,74668866816.15
2026-04-24,ONN,5.725665,826,1751283123.34
2026-04-24,ONS,50.114423,23162,153682769503.18
2026-04-24,ONT,49.016306,421,5635106602.92
2026-04-24,ONY,61.854551,746,2209753649.38
2026-04-24,OPB,12.365084,436,46726328.19
2026-04-24,OPD,7.548926,21,60059719.50
2026-04-24,OPF,2.742757,949,295305119.84
2026-04-24,OPH,24.507535,2723,818935614.65
2026-04-24,OPI,23.590633,1489,231698679.59
2026-04-24,OPJ,1.489523,2425,947362495.65
2026-04-24,OPL,9.298326,987,103871619.58
2026-04-24,OPZ,5.213744,1,652536472.50
2026-04-24,ORC,1.443870,47,1153476024.51
2026-04-24,ORI,56.484786,5,1551953946.84
2026-04-24,OSD,12.501151,947,597886317.03
2026-04-24,OSF,98.109347,17,5776265490.72
2026-04-24,OSH,0.520601,17,58722867.90
2026-04-24,OSL,0.137711,4384,1157857063.62
2026-04-24,OSN,1.413682,122,41010262.43
2026-04-24,OTE,62.504252,2,189109365.25
2026-04-24,OTF,6.157919,1830,725113812.90
2026-04-24,OTJ,7.678504,27374,4001621035.61
2026-04-24,OTK,7.481500,62,3920896.83
2026-04-24,OTM,1.332298,103,14188223.41
2026-04-24,OTZ,65.423548,4,292587649.27
2026-04-24,OUB,6.204629,14,775335032.43
2026-04-24,OUD,62.105770,128,125765612.69
2026-04-24,OUN,50.175185,210,177169431.33
2026-04-24,OUR,78.444247,11,29609330.30
2026-04-24,OUY,61.764076,2,1572030689.59
2026-04-24,OVD,3.186989,3229,819127764.34
2026-04-24,OVR,65.338155,1,466053991.25
2026-04-24,OVT,76.508248,1,719842003.20
2026-04-24,OYL,0.142824,9111,3604704104.55
2026-04-24,OYS,8.983071,11,16346726508.80
2026-04-24,OYT,0.121246,74,1850176256.18
2026-04-24,OZC,2.850516,1,1032229534.12
2026-04-24,PAB,1.233303,415,80392588.81
2026-04-24,PAC,3.322240,1,851381345.10
2026-04-24,PAF,3.631212,4088,367790313.08
2026-04-24,PAI,6.265901,715,880325241.87
2026-04-24,PAL,52.814857,33063,167272962968.58
2026-04-24,PAO,1.367685,357,13682550.93
2026-04-24,PAU,62.876626,3841,10515672026.42
2026-04-24,PBE,3.845170,11,35463917.64
2026-04-24,PBF,1.852657,2,2523749340.40
2026-04-24,PBH,1.473751,12,3518919564.45
2026-04-24,PBI,2.032962,315,97591000.05
2026-04-24,PBK,54.863313,142,134483915.08
2026-04-24,PBN,1.363485,961,492900241.84
2026-04-24,PBR,3.767848,32425,12917381002.60
2026-04-24,PBS,64.536359,22,355619213.87
2026-04-24,PBY,2.804957,56,214589704.12
2026-04-24,PCE,1.153769,209,222150804.18
2026-04-24,PCH,3.532175,57,863464651.64
2026-04-24,PCN,60.546502,13,521496045.36
2026-04-24,PCS,4.108951,39,34267554160.42
2026-04-24,PDC,0.648684,13,952375352.28
2026-04-24,PDD,5.356010,197,966898658.31
2026-04-24,PDE,1.210536,13,12457373227.29
2026-04-24,PDF,56.004831,62,461111517.98
2026-04-24,PDG,0.169928,12,839618356.97
2026-04-24,PDH,16.476295,79,5531545545.08
2026-04-24,PDS,0.284271,43,694909972.10
2026-04-24,PEA,1.499531,97,74914180.46
2026-04-24,PFO,2.245878,326,76913500.18
2026-04-24,PFS,2.664707,106,22430763.51
2026-04-24,PGD,1.573908,101,140280616.11
2026-04-24,PGE,13.159067,46,5314057741.66
2026-04-24,PGH,6.891977,12,9142867896.39
2026-04-24,PGS,1.231428,539,197409011.04
2026-04-24,PHB,1.451114,13,558129198.81
2026-04-24,PHE,2.821820,87891,35833877736.48
2026-04-24,PHF,0.917671,12,269810566.34
2026-04-24,PHI,1.497458,123,68431983.85
2026-04-24,PHK,1.453270,214,73418981.34
2026-04-24,PHN,532.138076,15,13083684734.95
2026-04-24,PHS,4.153055,20,374223817.87
2026-04-24,PHY,8.120020,46,1118227952.12
2026-04-24,PID,1.677982,92,51906609.92
2026-04-24,PIL,3.962441,8222,524451530.65
2026-04-24,PIP,1.482580,470,42110546488.58
2026-04-24,PIR,1.719979,1301,214114579.83
2026-04-24,PIS,1.266879,293,1591498754.79
2026-04-24,PJL,4.588056,3247,1507725269.85
2026-04-24,PJP,46.242648,15,369616562.79
2026-04-24,PKD,0.857507,54,13941924.81
2026-04-24,PKF,4.836352,1750,626639791.95
2026-04-24,PKH,0.899955,11,98411577.78
2026-04-24,PKL,2.219541,14,5627389451.87
2026-04-24,PKN,1.903332,15,251400113.54
2026-04-24,PKP,1.106514,68,427383973.83
2026-04-24,PKR,1.379232,160,618253025.99
2026-04-24,PKT,1.402021,684,9164647330.33
2026-04-24,PKU,6.786522,46,5727034651.80
2026-04-24,PKV,1.780591,3693,17572843136.08
2026-04-24,PKZ,7.657990,13,48153879571.35
2026-04-24,PLA,1.118340,114,2671822.30
2026-04-24,PLR,1.468681,758,601259942.22
2026-04-24,PLS,25.505804,8,902359813.54
2026-04-24,PMG,1.576514,1,1378948233.12
2026-04-24,PMH,0.015948,44,15264410.96
2026-04-24,PMP,1.204266,805,48178850.16
2026-04-24,PNU,1.058095,1223,6503622803.42
2026-04-24,POB,4.797153,46,4950999172.95
2026-04-24,POD,63.834848,1423,4552894189.76
2026-04-24,POF,6.816540,46,5962952139.32
2026-04-24,POH,1.132345,4,1937872322.40
2026-04-24,POI,0.103801,43,259939862.65
2026-04-24,POS,1.187056,569,58657848.37
2026-04-24,POU,2.320185,75,6552059381.45
2026-04-24,PO7,0.934317,44,2669963201.57
2026-04-24,PO8,3.505515,51,411118616.23
2026-04-24,PO9,0.855711,153,13283112.19
2026-04-24,PPB,10.255120,1861,411606439.60
2026-04-24,PPD,33.371271,104,2075826698.90
2026-04-24,PPE,58.383602,75,772874994.75
2026-04-24,PPF,4.579373,22,492563488.41
2026-04-24,PPG,1.285086,999,878025309.33
2026-04-24,PPH,1.640595,3559,108266663.58
2026-04-24,PPI,2.019908,3140,7353421510.49
2026-04-24,PPJ,1.624843,6527,54471677528.91
2026-04-24,PPK,1.985332,2739,5546136878.82
2026-04-24,PPM,1.938215,215,291957922.51
2026-04-24,PPN,5.066415,15098,12453411406.17
2026-04-24,PPO,1.578868,45,96608941.79
2026-04-24,PPP,2.753371,390,4358721614.07
2026-04-24,PPS,4.183286,6297,2106178057.07
2026-04-24,PPT,2.850086,3669,2007499385.94
2026-04-24,PPU,2.177463,45,290967053.52
2026-04-24,PPV,1.011760,28,103677011.19
2026-04-24,PPZ,5.804361,8034,13181909281.69
2026-04-24,PP1,1.677696,376,46277350.93
2026-04-24,PRD,2.048067,639,428756501.31
2026-04-24,PRF,59.011210,2,161989017.04
2026-04-24,PRH,1.929200,383,614052636.12
2026-04-24,PRR,1.176867,117,430888950.70
2026-04-24,PRU,3.148316,1551,3012285080.33
2026-04-24,PRV,1.184066,83,2487940639.89
2026-04-24,PRY,2.720292,37523,74281569389.06
2026-04-24,PRZ,0.000000,0,13368.70
2026-04-24,PSD,49.980901,1,2547134948.39
2026-04-24,PSE,1.613082,6386,18897127957.28
2026-04-24,PSG,8.843419,15,146137851.92
2026-04-24,PSH,1.018425,99,15457805.63
2026-04-24,PSL,7.757527,53,703114400.83
2026-04-24,PSO,0.412153,1,843376916.89
2026-04-24,PSR,6.450371,46,162624198.49
2026-04-24,PSS,5.310580,11,355728395.36
2026-04-24,PST,0.027712,51,340621359.21
2026-04-24,PTC,61.173635,16,975397529.18
2026-04-24,PTE,1.496015,4657,42963616310.69
2026-04-24,PTF,1.309600,385,1100987926.66
2026-04-24,PTG,59.864829,1,116676551.75
2026-04-24,PTL,1.644810,751,541863684.56
2026-04-24,PTN,1.650715,1084,768531748.03
2026-04-24,PTO,1.440541,513,288377014.39
2026-04-24,PTP,1.054890,166,21057877.05
2026-04-24,PTS,1.408779,635,8341872442.13
2026-04-24,PUA,9.026845,1,4488794286.06
2026-04-24,PUC,6.487210,797,1305621802.81
2026-04-24,PUH,1.523600,26,353847760.03
2026-04-24,PUR,9.192324,41592,125877584978.81
2026-04-24,PUT,7.358719,1,6459390357.47
2026-04-24,PUV,53.031551,1,1132214757.38
2026-04-24,PUZ,9.153019,2,147552621.43
2026-04-24,PVK,5.121246,8599,37917418004.51
2026-04-24,PYB,1.647009,332,1000664991.34
2026-04-24,PYD,0.720165,45,131455884.47
2026-04-24,PYF,9.341188,10,777161206.11
2026-04-24,PYH,7.388241,11,5397516536.95
2026-04-24,PYI,4.067355,45,1533081855.83
2026-04-24,PYL,8.694858,33,399348525.08
2026-04-24,PYR,2.092165,1795,156312099.13
2026-04-24,PYS,55.312787,49,1325936117.53
2026-04-24,P1A,1.328297,293,950913360.94
2026-04-24,RAF,3.548786,12,187849706.98
2026-04-24,RAI,2.027121,1,5291530769.91
2026-04-24,RAN,54.062301,1,1004572381.86
2026-04-24,RAV,1.335878,12,1037549565.57
2026-04-24,RAY,3.643695,1,1591541909.40
2026-04-24,RBA,22.294619,6548,2392016073.91
2026-04-24,RBB,1.473852,44,41414872.13
2026-04-24,RBE,3.761704,16,2640293279.05
2026-04-24,RBF,1.662089,90,26939063.99
2026-04-24,RBH,31.222956,5192,993957280.57
2026-04-24,RBI,53.750731,129,196847971.33
2026-04-24,RBK,8.040204,1099,48362376.66
2026-04-24,RBN,1.500886,202,42725782.45
2026-04-24,RBP,1.976054,712,2526404649.85
2026-04-24,RBR,2.858366,114,31883016.39
2026-04-24,RBT,5.779689,1791,611250439.20
2026-04-24,RBV,6.125532,15545,5746094969.47
2026-04-24,RCL,57.074447,1,153245517.18
2026-04-24,RCS,5.581019,1,2562575.05
2026-04-24,RCV,1.583415,90,117013291.64
2026-04-24,RDF,1.551609,1195,210011772.17
2026-04-24,RDH,4.220881,18,1806926925.21
2026-04-24,RDK,1.312052,2,608836.67
2026-04-24,RDS,0.000000,0,43.81
2026-04-24,RDT,0.984941,55,73025527.46
2026-04-24,RDZ,46.549881,115,614357364.54
2026-04-24,RD1,1.744908,168,61944223.38
2026-04-24,RE7,1.076825,12,182069290.86
2026-04-24,RE8,3.206345,12,1216843129.73
2026-04-24,RGD,1.029918,159,31869554.57
2026-04-24,RGH,1.056898,30,38906525.02
2026-04-24,RHD,1.826984,12,141829180.98
2026-04-24,RHI,1.567685,570,99542501.90
2026-04-24,RHS,7.381376,1795,802685620.47
2026-04-24,RIA,1.249597,81,161284597.24
2026-04-24,RIH,6.772231,630,209757372.95
2026-04-24,RIK,5.358046,6891,1475638685.76
2026-04-24,RJG,3.518079,652,136212265.59
2026-04-24,RKC,1.569462,452,99336509.61
2026-04-24,RKH,0.986370,87,8567221.09
2026-04-24,RKL,3.040272,1,2379323399.62
2026-04-24,RKS,1.884039,133,125108112.87
2026-04-24,RKV,2.300092,259,644808865.20
2026-04-24,RLH,1.534545,26,251210649.76
2026-04-24,ROD,51.825603,849,3031017767.02
2026-04-24,ROF,3.202760,1199,566050358.00
2026-04-24,ROS,0.000000,0,0.93
2026-04-24,ROY,1.238618,11,137999162.97
2026-04-24,RO1,1.138424,25,178316866.22
2026-04-24,RPC,4.785680,565,26958413.37
2026-04-24,RPD,13.218983,2251,307092416.96
2026-04-24,RPE,0.000000,0,2.12
2026-04-24,RPG,6.272299,1685,1439512084.83
2026-04-24,RPI,1.351035,340,16287078.61
2026-04-24,RPK,59.651744,5,116006297.51
2026-04-24,RPL,1.539937,12,112089705.45
2026-04-24,RPM,3.850828,2890,65458308.30
2026-04-24,RPN,5.085918,23,808961673.79
2026-04-24,RPO,6.736646,3,1636891523.87
2026-04-24,RPP,4.369409,8574,5953277469.62
2026-04-24,RPS,59.939540,112,205730184.52
2026-04-24,RPT,4.556481,204,1118347908.42
2026-04-24,RPU,3.253701,12,2346358920.53
2026-04-24,RPX,58.506189,147,1535782066.63
2026-04-24,RRA,1.322953,230,2859722006.53
2026-04-24,RRP,1.454497,74,165694425.21
2026-04-24,RSF,3.888094,13,989233810.22
2026-04-24,RSK,1.594105,171,181387464.83
2026-04-24,RSY,0.979969,11,144490276.48
2026-04-24,RSZ,5.821182,25,1286690389.75
2026-04-24,RS1,1.418025,126,556361885.63
2026-04-24,RTA,1.786204,15,3280398022.32
2026-04-24,RTB,2.377198,11,349834563.90
2026-04-24,RTD,1.718050,223,21000657.38
2026-04-24,RTG,4.879819,4093,176600503.61
2026-04-24,RTH,6.212421,327,31873324.74
2026-04-24,RTI,2.985451,51,28602468779.03
2026-04-24,RTP,12.116033,2335,479068054.73
2026-04-24,RUH,2.536964,17,87507877.11
2026-04-24,RUT,2.134636,3829,119711975.79
2026-04-24,RVI,1.303435,11,19576352.13
2026-04-24,RVS,2.658582,20,4131605789.54
2026-04-24,RYA,1.180405,1,354861183.13
2026-04-24,RYB,46.352882,11,4636910.53
2026-04-24,RYD,1.427551,13,315453116.83
2026-04-24,RYF,15.650172,32,495172802.74
2026-04-24,RYU,45.602891,45,257189953.30
2026-04-24,RZR,4.678027,2,16551972.75
2026-04-24,SAP,1.631789,343,204066179.07
2026-04-24,SAR,49.196621,9,834561782.06
2026-04-24,SAS,1.710848,47243,1523317226.20
2026-04-24,SAT,302.172266,4,2403062415.80
2026-04-24,SBH,1.955699,1172,335724475.84
2026-04-24,SBI,4.300274,15,40621880.71
2026-04-24,SBR,1.336584,25,15409455.17
2026-04-24,SBS,66.797104,1,228753029.03
2026-04-24,SCZ,1.388940,189,82041888.03
2026-04-24,SDA,46.680256,1072,5943277342.50
2026-04-24,SEH,1.151968,46,55213357.61
2026-04-24,SER,54.034406,795,6573692641.74
2026-04-24,SFA,17.803221,16,889752817.87
2026-04-24,SFS,1.308161,81,29830466.86
2026-04-24,SGT,1.470411,833,234691393.26
2026-04-24,SHE,3.690614,727,58005609.09
2026-04-24,SHI,2.387881,47,1581334527.29
2026-04-24,SHU,1.432829,18,224216648.86
2026-04-24,SIS,1.741783,11,58025677.71
2026-04-24,SJP,57.917933,29,299455463.16
2026-04-24,SKL,1.793584,822,211099299.21
2026-04-24,SKO,1.684288,5297,321101836.82
2026-04-24,SKS,47.272886,3,1181822138.87
2026-04-24,SKT,0.103922,2052,40789132.52
2026-04-24,SKZ,0.904761,1691,247805349.86
2026-04-24,SLF,9.978615,7019,1256149228.14
2026-04-24,SLG,1.340727,948,431241934.92
2026-04-24,SLR,0.315323,5,1197186615.85
2026-04-24,SLS,1.003841,12,604992.73
2026-04-24,SMP,1.025567,1,1435794371.32
2026-04-24,SNY,2.551706,684,902472546.22
2026-04-24,SOS,1.346357,160,9894205.80
2026-04-24,SPA,63.160188,207,2902458438.00
2026-04-24,SPD,76.181750,1,322576384.90
2026-04-24,SPE,99.464888,1152,3605515642.37
2026-04-24,SPN,8.977621,501,2540078731.37
2026-04-24,SPP,1.395268,147,240124342.05
2026-04-24,SPR,1.250489,167,15710162.66
2026-04-24,SPT,1.977576,925,99114633.06
2026-04-24,SRA,19.651221,1,3915638079.16
2026-04-24,SRE,59.749867,1,935156933.47
2026-04-24,SRL,1.452169,312,19043283.34
2026-04-24,SRO,24.713753,6,6889079202.48
2026-04-24,SSD,51.786554,1,535091142.33
2026-04-24,SSE,0.004046,11,126944218.23
2026-04-24,SSF,1.005896,15,1301274.64
2026-04-24,SSK,1.491693,500,36354485.85
2026-04-24,SSN,54.942645,4,716917393.78
2026-04-24,SSO,13.078830,1,6668608243.46
2026-04-24,SSS,1.423434,4907,251411192.64
2026-04-24,SST,1.462108,22,8627185.05
2026-04-24,STI,1.243973,92,132280114.30
2026-04-24,STM,4.719442,12,563270.09
2026-04-24,STS,80.140225,27,403828198.17
2026-04-24,STZ,24.743944,85,566739921.71
2026-04-24,ST1,193.110158,3164,704927517.78
2026-04-24,SUA,0.532494,1377,2578443237.04
2026-04-24,SUB,0.392665,843,113255263.85
2026-04-24,SUC,20.127727,520,442235673.37
2026-04-24,SUR,1.196810,106,189731679.88
2026-04-24,SVB,9.193805,1607,290450174.55
2026-04-24,SVS,2.544231,1,1654332352.66
2026-04-24,SVY,1.605629,2,3403676397.78
2026-04-24,SYF,312.557010,6,2447880862.24
2026-04-24,SYL,4105.730877,1,1136490941.23
2026-04-24,SYR,48.303676,22,309918270.66
2026-04-24,SYS,45.884330,123,1655856019.94
2026-04-24,TAL,2.868016,824,39382931.64
2026-04-24,TAO,19.410540,1,1025971947.67
2026-04-24,TAR,2.290629,6728,116731924.21
2026-04-24,TAU,0.696604,38754,2647421908.44
2026-04-24,TAZ,2.315489,2,1091797355.40
2026-04-24,TBP,0.259382,209,442259324.87
2026-04-24,TBT,50.945829,2792,419976756.42
2026-04-24,TBV,0.363838,8364,1321021977.81
2026-04-24,TB9,49.488380,11351,40994145590.10
2026-04-24,TCA,0.826019,51225,16132306197.25
2026-04-24,TCB,0.206799,4953,3815925129.40
2026-04-24,TCC,0.077553,315,351225890.44
2026-04-24,TCD,45.693430,12617,1459077338.67
2026-04-24,TCF,4.056890,3369,5395898260.54
2026-04-24,TCG,1.338103,1,189551870.40
2026-04-24,TCH,2.044877,74,280173466.19
2026-04-24,TCI,10.159877,17,1315165460.17
2026-04-24,TCS,41.278567,45,1432088389.65
2026-04-24,TDG,0.496288,2150,659373672.85
2026-04-24,TDP,55.540034,44,303233425.84
2026-04-24,TEJ,2.206610,1116,540869095.08
2026-04-24,TE3,38.446114,3297,1282109399.84
2026-04-24,TE4,5.829866,1731,2381762978.00
2026-04-24,TFE,2.512196,103,31168803.29
2026-04-24,TFF,34.955080,8579,1162187821.37
2026-04-24,TFU,1.162351,3094,796579036.70
2026-04-24,TGA,0.456990,6829,840434874.11
2026-04-24,TGE,0.275507,42176,3453021703.88
2026-04-24,TGN,1.276144,1988,2404059329.56
2026-04-24,TGR,6.539823,5982,120208036.66
2026-04-24,TGT,0.106628,62208,3272792340.84
2026-04-24,TGV,17.628841,13,11216467461.89
2026-04-24,TGZ,5.423005,11,987568157.33
2026-04-24,THD,2.723110,215,9163626.71
2026-04-24,THF,2.181890,8013,1202572540.48
2026-04-24,THG,6.337715,189,165294366.16
2026-04-24,THH,136.634891,1,1743256529.17
2026-04-24,THO,46.924616,12,2241699070.24
2026-04-24,THS,59.007626,1,387158124.33
2026-04-24,THT,0.231947,361,8480943.47
2026-04-24,THV,80.122539,21,3613088704.73
2026-04-24,TIE,0.755318,17904,1994244126.34
2026-04-24,TIL,1.362431,1667,94209750.12
2026-04-24,TIP,46.508571,29,156230755.48
2026-04-24,TIV,47.163426,112999,19481743532.48
2026-04-24,TI1,1470.313062,228319,176487485502.57
2026-04-24,TI2,0.132117,22805,4249747198.27
2026-04-24,TI3,0.124526,24850,2505737131.40
2026-04-24,TI4,0.059304,15980,2277270051.52
2026-04-24,TI6,0.049984,4856,727153212.54
2026-04-24,TI7,72.600353,10666,1341354324.58
2026-04-24,TJB,9.462612,1,773118358.19
2026-04-24,TJF,5.161297,583,60275346.90
2026-04-24,TJI,6.141237,917,723600539.63
2026-04-24,TJL,20.681133,4,1406131759.27
2026-04-24,TJT,63.944579,2004,2377608695.72
2026-04-24,TKF,64.916377,4641,1035724637.60
2026-04-24,TKH,2.164905,1,442172269.68
2026-04-24,TKK,1.702991,114691,1815879126.80
2026-04-24,TKM,0.189874,499869,61687628082.97
2026-04-24,TLE,26.545626,995,561606595.13
2026-04-24,TLH,31.178865,444,145698711.55
2026-04-24,TLK,1.560755,922,2642891163.17
2026-04-24,TLT,65.688733,1,372039241.14
2026-04-24,TLU,49.613986,547,10000779687.65
2026-04-24,TLV,1.200450,7974,5350386607.94
2026-04-24,TLY,5097.623979,84446,119178263481.08
2026-04-24,TLZ,17.541807,804,57148682.48
2026-04-24,TMC,0.149076,11070,100374259.75
2026-04-24,TMG,1.245751,32738,4459214681.47
2026-04-24,TMH,0.000000,12,0.00
2026-04-24,TMM,65.214961,1205,820685476.31
2026-04-24,TMR,7.082116,1,9023500427.73
2026-04-24,TMS,1.847247,88,329934734.15
2026-04-24,TMU,1.291872,101,108090452.69
2026-04-24,TMV,5.133643,1534,5878233413.55
2026-04-24,TMZ,1.831530,2526,48412820.40
2026-04-24,TNA,1.597474,1,5451303231.00
2026-04-24,TNB,47.333495,87,717535593.41
2026-04-24,TND,1.327234,390,172858577.34
2026-04-24,TNF,3.737208,3,4743025826.73
2026-04-24,TNH,12.199259,2,110952349.95
2026-04-24,TNI,10.066351,3652,10397400078.30
2026-04-24,TNK,29.988440,75552,3448846706.97
2026-04-24,TNS,10.537407,30,392324338.04
2026-04-24,TOK,55.808883,7353,23795211359.57
2026-04-24,TOT,842.914460,793,112280420.66
2026-04-24,TO8,53.241662,99,752917119.75
2026-04-24,TPC,13.974477,17589,8235587168.43
2026-04-24,TPE,0.506453,34,2300508432.13
2026-04-24,TPF,9.844889,597,164932369.35
2026-04-24,TPJ,72.478388,1614,2454497337.98
2026-04-24,TPL,19.715523,1430,688979964.18
2026-04-24,TPO,0.163351,3,96300942.52
2026-04-24,TPP,67.835774,407,1498492244.30
2026-04-24,TPR,0.494340,2,301493305.11
2026-04-24,TPV,10.253780,38,6466782.07
2026-04-24,TPZ,26.228470,1557,138041171.69
2026-04-24,TP1,63.090859,1,357548139.98
2026-04-24,TP2,1.863613,96976,130196051849.26
2026-04-24,TRJ,1.861424,3180,2134690888.55
2026-04-24,TRN,1.259465,1,2303715606.64
2026-04-24,TRO,2.567850,474,35509765.09
2026-04-24,TRR,5.675909,502,2874191050.87
2026-04-24,TRU,1.401755,272,278008879.99
2026-04-24,TSI,0.183938,78060,20260270625.81
2026-04-24,TSP,65.432019,5,1605489951.15
2026-04-24,TTA,0.639305,221985,29591420448.51
2026-04-24,TTE,1.429337,38665,2886244842.99
2026-04-24,TTL,35.565317,393,250112594.96
2026-04-24,TTP,47.729128,109,836875044.74
2026-04-24,TTS,65.150696,1,2025307504.38
2026-04-24,TTV,7.799356,23,2430047088.26
2026-04-24,TTZ,3.558867,9,303901075.12
2026-04-24,TUA,1.495160,34971,18387253297.74
2026-04-24,TVE,1.161758,271,147411230.15
2026-04-24,TVN,2.484969,550,7568782.01
2026-04-24,TYH,2.139861,7047,1916687365.78
2026-04-24,TZC,0.297213,1136,30272818.01
2026-04-24,TZD,2.398647,8008,935306760.59
2026-04-24,TZH,7.770376,1,55936911203.13
2026-04-24,TZL,0.121709,176314,71519667104.67
2026-04-24,TZP,12.423371,14,986312716.71
2026-04-24,TZT,0.155586,6046,324007479.60
2026-04-24,TZV,841.348798,133048,21776685621.78
2026-04-24,T3B,0.146414,26,11223935378.25
2026-04-24,UAB,4.986501,2,454508712.42
2026-04-24,UAP,65.137498,1,427722123.04
2026-04-24,UCN,2.093891,2,1141024016.18
2026-04-24,UCP,1.167347,28,13620220590.10
2026-04-24,UFH,67.886293,1,249570309.88
2026-04-24,UHL,68.168695,1,2435242105.33
2026-04-24,UHS,7.440773,13,400402422.09
2026-04-24,ULH,6.313567,269,1257631379.21
2026-04-24,ULL,65.565431,3,268621244.17
2026-04-24,UNT,1.379257,228,99816731.69
2026-04-24,UPD,20.449618,294,2642989115.68
2026-04-24,UPH,31.176201,593,199735350.82
2026-04-24,UPP,6.205492,1014,3060633045.32
2026-04-24,UPS,4.670911,1,539579845.17
2026-04-24,UP1,6.341981,1655,1329275022.35
2026-04-24,UP2,3.710027,261,2055313543.99
2026-04-24,URA,1.968319,11608,933736302.28
2026-04-24,URC,52.222091,181,200255894.02
2026-04-24,URD,45.982346,12,10251432456.49
2026-04-24,URG,70.584973,1,529581545.12
2026-04-24,URM,46.207443,1,8777242.44
2026-04-24,URS,3.548339,1,929981070.47
2026-04-24,URV,3.721657,2,9994138100.26
2026-04-24,USS,3.379979,1,3664014557.78
2026-04-24,UST,3.693534,1,1731672863.48
2026-04-24,USY,0.236618,481,1263229037.22
2026-04-24,UYH,4.509352,12,874022338.19
2026-04-24,UZY,2.520806,16,78878.54
2026-04-24,VAY,1.614329,3303,47136287.78
2026-04-24,VCD,5.582112,12,61405196.00
2026-04-24,VCG,5.048730,20,1750292804.35
2026-04-24,VCY,3.244836,12203,147726216.03
2026-04-24,VFK,4.848941,5453,3028487554.84
2026-04-24,VFS,1.830454,1,5895335.21
2026-04-24,VKI,2.754295,577,2033357400.17
2026-04-24,VKT,0.107980,45271,4332777177.38
2026-04-24,VK6,3.659960,155115,66656816866.56
2026-04-24,VMV,2.456436,151,6918017746.87
2026-04-24,VNK,2.349347,465,7825048852.52
2026-04-24,VPP,48.168503,445,1367168316.70
2026-04-24,VPS,1.452636,12761,5551915464.83
2026-04-24,VRK,1.207965,152,24563465.47
2026-04-24,VTF,2.173716,1,415599349.42
2026-04-24,YAC,13.873657,10421,5565763301.85
2026-04-24,YAE,1.057426,898,296648617.06
2026-04-24,YAK,4.842049,109731,1110496926.78
2026-04-24,YAN,13.156224,3709,1784049476.72
2026-04-24,YAR,26.605674,1,744958859.22
2026-04-24,YAS,15.145492,71002,7501445212.50
2026-04-24,YAY,1500.683553,37112,10304527657.75
2026-04-24,YA1,1.255725,19,724141544.96
2026-04-24,YBE,1.702305,14324,5355045324.05
2026-04-24,YBH,49.837823,667,752657783.25
2026-04-24,YBJ,54.558913,1,1804014680.31
2026-04-24,YBP,11.504670,56,866223892.60
2026-04-24,YBR,51.703852,2353,5278849500.29
2026-04-24,YBS,0.128432,11258,1762454402.18
2026-04-24,YCG,56.784296,4,189103347.60
2026-04-24,YCH,2.418091,136,119145956.42
2026-04-24,YCK,4.081863,41,483830508.30
2026-04-24,YCL,10.733112,12,385953045.34
2026-04-24,YCP,9.276436,2277,1281056291.63
2026-04-24,YCY,3.665632,270,248335344.90
2026-04-24,YDI,0.452429,7519,1220905166.13
2026-04-24,YDK,0.106413,48801,134811772.79
2026-04-24,YDL,55.305898,8,1153416624.98
2026-04-24,YDM,1.595959,2,1106499314.41
2026-04-24,YDP,2.054521,2402,364341993.85
2026-04-24,YDZ,50.752016,3117,12346442624.99
2026-04-24,YEF,0.957341,13804,2013224791.59
2026-04-24,YFV,0.096003,7421,911285380.06
2026-04-24,YGM,3.225920,2505,650645125.71
2026-04-24,YHB,2.226028,7701,301143121.81
2026-04-24,YHI,1.465636,277,65632639.70
2026-04-24,YHK,1.852683,5616,974545344.12
2026-04-24,YHP,4.094180,1,1719555566.19
2026-04-24,YHS,25.567217,8722,3684854543.00
2026-04-24,YHT,0.369091,86485,2100859276.13
2026-04-24,YHY,1.248994,16,1572701.52
2026-04-24,YHZ,7.952621,13870,905548172.38
2026-04-24,YIK,1.352684,1451,26169628415.91
2026-04-24,YIS,1.254329,1,928541370.87
2026-04-24,YIT,2.270660,6157,712233583.24
2026-04-24,YIV,3.401527,2,4632053808.94
2026-04-24,YJA,62.617078,4,374884252.77
2026-04-24,YJH,3.708221,3825,187013511.50
2026-04-24,YJK,4.792426,9512,658361499.95
2026-04-24,YJU,62.022746,1,412923069.50
2026-04-24,YJY,53.558223,8322,67314655193.37
2026-04-24,YKS,0.319201,379,192403786.69
2026-04-24,YKT,0.904791,94279,36940461051.06
2026-04-24,YLB,1.605757,334417,68832762011.78
2026-04-24,YLC,3.678688,1474,80682177.31
2026-04-24,YLE,8.627469,2492,322212096.63
2026-04-24,YLO,4.911409,4889,219252804.99
2026-04-24,YLR,12.911043,4,63238.29
2026-04-24,YLY,2.422213,582,39090417.14
2026-04-24,YLZ,3.683197,13,2070666586.15
2026-04-24,YMD,52.419176,1319,5988339548.33
2026-04-24,YMH,1.432971,355,479379658.74
2026-04-24,YMP,1.010663,5,25072495.94
2026-04-24,YNK,45.141842,1167,17322095930.91
2026-04-24,YNL,51.985202,1,207001433.87
2026-04-24,YOA,83.144156,142,1811605805.80
2026-04-24,YOS,53.265491,229,1023646558.71
2026-04-24,YOT,36.646367,10185,2314942427.53
2026-04-24,YOZ,45.770632,1236,25283550660.34
2026-04-24,YPC,4.832811,2357,42249262.76
2026-04-24,YPD,63.804790,2,93707606.67
2026-04-24,YPF,9.051460,456,1138843129.13
2026-04-24,YPI,52.424906,68,1998931678.04
2026-04-24,YPK,13.546241,273,222401270.30
2026-04-24,YPL,68.293331,1625,13076188093.16
2026-04-24,YPN,62.808582,100,1789229330.81
2026-04-24,YPP,24.113324,1,4510609552.89
2026-04-24,YPR,1.622919,284,200401331.00
2026-04-24,YPT,3.644490,18796,102568016122.01
2026-04-24,YPU,61.806434,1729,3755147158.42
2026-04-24,YPV,7.612707,3626,6618157708.99
2026-04-24,YP1,61.654719,3,217481350.46
2026-04-24,YP2,68.566199,1,1274587227.02
2026-04-24,YP4,50.439123,30392,137836993064.55
2026-04-24,YRZ,45.352010,159,748649898.22
2026-04-24,YSA,45.485084,195,188188395.37
2026-04-24,YSL,41.875123,422,711607545.10
2026-04-24,YSO,1.248310,192,63096997.09
2026-04-24,YSU,0.161534,6403,249622297.98
2026-04-24,YTC,62.659605,120,312277988.94
2026-04-24,YTD,0.800424,15197,1586479663.61
2026-04-24,YTJ,65.371134,1,1148481927.38
2026-04-24,YTO,50.503288,4,667305147.74
2026-04-24,YTR,75.558323,2,585229281.66
2026-04-24,YTV,2.866573,2404,221039751.55
2026-04-24,YTY,55.748839,20564,101034996147.38
2026-04-24,YUB,5.524527,674,568632811.67
2026-04-24,YUD,70.641530,2,242357313.36
2026-04-24,YUI,1.872426,8,1206582963.30
2026-04-24,YUK,47.020584,149,1287034314.81
2026-04-24,YUN,53.697144,481,2754150903.32
2026-04-24,YUY,1.026631,2,1016735447.72
2026-04-24,YVB,1.279247,723,110118713.03
2026-04-24,YVD,3.906227,82742,42391068154.53
2026-04-24,YVF,69.238533,4,902549961.12
2026-04-24,YVG,59.584979,1224,5874938351.36
2026-04-24,YVO,65.741328,2,689142414.98
2026-04-24,YVS,70.430157,6,406925165.17
2026-04-24,YZC,4.181874,12700,543469841.28
2026-04-24,YZF,90.328908,1,451644537.92
2026-04-24,YZG,14.847834,69936,13986187841.65
2026-04-24,YZH,11.977100,6403,1182661090.13
2026-04-24,YZK,7.380151,209,206999416.38
2026-04-24,YZL,4.888290,74,613386296.51
2026-04-24,ZAD,43.714522,28,11137935.75
2026-04-24,ZAV,54.262238,4849,66759027240.86
2026-04-24,ZAY,5.741326,3754,1742948113.11
2026-04-24,ZA2,1.768568,2410,13825819320.55
2026-04-24,ZBD,657.980999,2221,921599375.28
2026-04-24,ZBI,2.040936,1786,223833969.14
2026-04-24,ZBJ,4.553247,19617,36022160055.70
2026-04-24,ZBN,23.838662,185,127455502.88
2026-04-24,ZBO,2.942417,256,414805261.41
2026-04-24,ZBZ,62.845248,1,329927180.67
2026-04-24,ZCA,7.592660,1,57215231.48
2026-04-24,ZCB,68.459000,3,73794420.88
2026-04-24,ZCC,74.363374,2,392926625.71
2026-04-24,ZCD,4.466484,630,1447991679.62
2026-04-24,ZCE,4.124905,1,11581634409.82
2026-04-24,ZCF,3.723294,1,1716432005.43
2026-04-24,ZCG,5.865022,161,554974652.16
2026-04-24,ZCH,2.404471,1,4948387761.15
2026-04-24,ZCK,1.617047,1969,379732923.41
2026-04-24,ZCN,3.878786,7799,646130948.99
2026-04-24,ZDD,6.860518,1462,482241493.43
2026-04-24,ZDK,15.085372,1,3160958.58
2026-04-24,ZDZ,12.333176,9435,1057434906.19
2026-04-24,ZFB,6.521407,16160,811969021.77
2026-04-24,ZFZ,64.544348,3,20746303042.89
2026-04-24,ZHH,1.410823,1150,108440465.87
2026-04-24,ZJB,11.636254,2250,11149853113.96
2026-04-24,ZJH,57.349943,1,194186849.29
2026-04-24,ZJI,12.159221,2281,8758240936.92
2026-04-24,ZJL,13.960186,2951,408195851.81
2026-04-24,ZJR,6.681358,1,1297399069.33
2026-04-24,ZJT,63.321159,1,1259549157.53
2026-04-24,ZJV,10.446357,1469,585756463.55
2026-04-24,ZKK,23.681752,1,2218107528.79
2026-04-24,ZK1,46.977397,121,2130739319.43
2026-04-24,ZK2,54.960626,74,1898604151.89
2026-04-24,ZLB,47.165559,62,596103331.66
2026-04-24,ZLG,60.089756,1,1011479560.01
2026-04-24,ZLH,11.318990,3717,456436008.14
2026-04-24,ZMT,58.984404,301,1366553446.76
2026-04-24,ZMU,0.192071,13,20273853.43
2026-04-24,ZMY,6.125128,2895,182496974.40
2026-04-24,ZNF,51.825813,1,1899682055.58
2026-04-24,ZOS,1.717858,11,526560410.72
2026-04-24,ZPA,62.170823,882,3976596237.65
2026-04-24,ZPC,18.650845,2991,3118988905.79
2026-04-24,ZPE,32.791211,6760,1211363583.60
2026-04-24,ZPF,21.491233,3394,795238831.99
2026-04-24,ZPG,9.512328,5712,1319456327.54
2026-04-24,ZPH,1.333801,62,99005926.83
2026-04-24,ZPJ,11.201115,407,142703574.11
2026-04-24,ZPK,7.460135,27356,16480752998.57
2026-04-24,ZPN,67.112974,1,1902370614.03
2026-04-24,ZPR,1.356142,920,25384692457.80
2026-04-24,ZP1,58.944670,2,59766241.20
2026-04-24,ZP2,5.083187,1,544126641.97
2026-04-24,ZP3,4.126467,1,60193436.82
2026-04-24,ZP6,54.340477,1623,7085322246.62
2026-04-24,ZP7,63.805408,1,1595135197.60
2026-04-24,ZP8,3.593001,5014,55198570228.98
2026-04-24,ZP9,57.266788,840,1754262049.03
2026-04-24,ZR2,1.268786,1,2543657172.92
2026-04-24,ZR3,0.692418,180,220119438.88
2026-04-24,ZSB,9.670530,18,2672191589.68
2026-04-24,ZSF,51.140054,1756,42682818.54
2026-04-24,ZSG,4.115755,1013,50225794.57
2026-04-24,ZSK,54.690245,1,576939313.02
2026-04-24,ZSN,52.222623,2,2847997689.62
2026-04-24,ZTF,6.683232,1,1836967285.94
2026-04-24,ZTG,1.184145,838,32348151.90
2026-04-24,ZUD,3.897782,1,2812819821.09
2026-04-24,ZUE,4.603419,1,5803146751.27
2026-04-24,ZUS,46.932764,3370,68826660460.52
2026-04-24,ZVB,84.445187,11,225545325.84
2026-04-24,ZVO,3.640782,405,872575948.71
2026-04-24,ZYC,4.330091,1,7940462260.69
2026-04-24,ZYD,4.331706,1,7988479238.46
2026-04-24,ZZL,76.694168,15,39061796.99
2026-04-27,ZZL,76.801562,15,39116494.73
2026-04-27,AAK,35.433814,762,35299944.56
2026-04-27,AAL,3.172561,4860,3101854505.84
2026-04-27,AAS,11.333262,158,23918837.90
2026-04-27,AAV,62.499869,2308,302691115.16
2026-04-27,ABG,61.931971,159,7648086768.86
2026-04-27,ABJ,0.870807,3,1164566393.31
2026-04-27,ABU,0.093854,37,54445781.05
2026-04-27,AC1,2.859092,165,302006079.75
2026-04-27,AC2,3.496552,48,8666966804.53
2026-04-27,AC3,66.392374,14,138797373.42
2026-04-27,AC4,3.510249,3593,1580035921.64
2026-04-27,AC5,3.417265,181,52494299.51
2026-04-27,AC6,55.748454,108,76062522.29
2026-04-27,AC7,11.603692,45,6270460726.77
2026-04-27,AC8,192.524679,97,2375640371.50
2026-04-27,ACC,44.583434,1457,191474346.27
2026-04-27,ACD,5.573553,1567,320734682.23
2026-04-27,ACN,11.723002,15,632897066.29
2026-04-27,ACU,52.603267,158,1344671546.68
2026-04-27,ADE,0.871454,27084,1049285509.24
2026-04-27,ADP,1.352604,22531,4226812769.12
2026-04-27,AED,109.821323,814,42609717.95
2026-04-27,AES,0.168055,36289,1760002370.48
2026-04-27,AEV,1.909091,401,10900334.19
2026-04-27,AFA,1.091078,46005,5375805698.72
2026-04-27,AFO,1.340861,87457,22966184744.01
2026-04-27,AFS,0.298460,26921,758481756.52
2026-04-27,AFT,0.904328,143639,25237070609.47
2026-04-27,AFV,0.532017,15663,1170065886.10
2026-04-27,AGC,8.644268,2480,99896647.18
2026-04-27,AHH,9.558673,15,204274676.02
2026-04-27,AHI,37.839241,2664,147205013.97
2026-04-27,AHN,66.230623,102,28665474.78
2026-04-27,AHU,10.143229,605,214058433.89
2026-04-27,AHV,19.679752,155,116878148.22
2026-04-27,AHZ,26.922083,12,630969627.42
2026-04-27,AI1,1.106500,19,65192877.19
2026-04-27,AIH,18.560517,4,178993060.56
2026-04-27,AII,89.413079,3,365788907.11
2026-04-27,AIM,24.422334,1,52808095.72
2026-04-27,AIR,153.035528,1,1340244450.72
2026-04-27,AIS,0.094972,12679,13241092905.47
2026-04-27,AJ1,1.204755,102,31600854.35
2026-04-27,AJE,58.620684,1019,3653773337.47
2026-04-27,AJK,60.010725,131,135165696.82
2026-04-27,AJL,59.615718,1482,5373332218.62
2026-04-27,AJN,57.900231,357,561697494.22
2026-04-27,AK2,0.508257,9475,213031985.61
2026-04-27,AK3,52.999109,21209,8695904252.60
2026-04-27,AKE,0.490968,13910,1052430029.90
2026-04-27,AKU,0.951873,17223,1579616174.42
2026-04-27,AL4,3.537315,12,1126797727.56
2026-04-27,AL5,50.291662,2460,14981669271.61
2026-04-27,AL6,3.458945,12,4934506943.13
2026-04-27,AL7,3.343341,108,7870047215.51
2026-04-27,ALC,0.367192,26671,2030766450.72
2026-04-27,ALE,11.953509,133614,70893513904.29
2026-04-27,AN1,96.708831,2573,1235125372.90
2026-04-27,ANL,33.140881,4151,647985875.62
2026-04-27,ANZ,20.372498,183,267255334.15
2026-04-27,AOJ,1.548216,248,24593191.29
2026-04-27,AOY,0.363222,36532,1018851701.08
2026-04-27,AP2,3.627435,35,1041169073.37
2026-04-27,AP4,1.218111,11,303575526.92
2026-04-27,AP5,1.033906,12,1061400.02
2026-04-27,AP6,8.730078,46,1052836845.15
2026-04-27,AP7,2.311670,543,176260219.96
2026-04-27,APJ,6.947217,3186,101948598.14
2026-04-27,APP,32.558965,2,208882107.75
2026-04-27,APT,0.148202,13555,311219152.94
2026-04-27,ARE,0.220190,1665,35819343.21
2026-04-27,ARF,7.881885,1,712127516.95
2026-04-27,ARL,14.986935,7880,4197428237.17
2026-04-27,ARM,17.771309,5621,3336570480.68
2026-04-27,ARP,41.521900,1,3137560701.59
2026-04-27,AS1,44.738791,41,6538395.36
2026-04-27,AS3,0.739879,16,167100221.96
2026-04-27,ASJ,3.854167,852,72834218.58
2026-04-27,ATJ,22.218565,11,1063547186.70
2026-04-27,AU1,1.180202,628,58492921.01
2026-04-27,AUT,8.986082,154,2642968.51
2026-04-27,AUV,46.444120,619,773999947.18
2026-04-27,AVC,143.252201,11,241486680.84
2026-04-27,AVT,200.694792,19633,3262374322.43
2026-04-27,AVZ,96.132962,1,221343260.61
2026-04-27,AY6,1.312392,11,102710671.93
2026-04-27,AY7,1.481867,12,210030944.74
2026-04-27,AYA,19.125212,10406,1250094745.29
2026-04-27,AYR,0.124055,13194,1608934513.54
2026-04-27,AZF,0.163474,4,543575981.73
2026-04-27,AZJ,18.154222,41,663791886.95
2026-04-27,AZV,25.000719,4,4206291127.58
2026-04-27,AZZ,58.923455,7,26957951727.90
2026-04-27,BA1,1.387741,25,278432021.64
2026-04-27,BAC,7.498648,11,5659218140.88
2026-04-27,BAG,0.900802,63,49123832.07
2026-04-27,BAL,46.443953,1,1020572899.25
2026-04-27,BAO,3.287962,4,151313278.11
2026-04-27,BAS,50.170343,1,1435412860.39
2026-04-27,BBF,3.194246,1121,178752574.94
2026-04-27,BBI,1.617960,11,1100093.08
2026-04-27,BBN,0.666517,13,1533364512.54
2026-04-27,BBO,2.409253,12,798398602.56
2026-04-27,BBP,2.047094,798,35970051.00
2026-04-27,BBS,1.389970,777,1096552804.90
2026-04-27,BCC,63.796386,2,2566103908.97
2026-04-27,BCK,1.805835,1830,109878897.89
2026-04-27,BCO,1.708641,458,47759171.68
2026-04-27,BDA,53.081797,439,1115280395.44
2026-04-27,BDC,9.068814,40,396910781.17
2026-04-27,BDI,0.573319,74,467482148.38
2026-04-27,BDO,2.791869,11,4685590333.11
2026-04-27,BDS,2.429315,12420,531714498.45
2026-04-27,BDY,1.586534,2466,100817457.37
2026-04-27,BFE,1.749899,63,9206172.82
2026-04-27,BFO,49.850201,1,3511932029.95
2026-04-27,BFS,1.030401,48,6169094.38
2026-04-27,BFT,1.201676,588,235053538.14
2026-04-27,BGH,2.108766,1,991181907.32
2026-04-27,BGP,5.771942,31039,62383380987.60
2026-04-27,BHA,1.561861,891,102853611.22
2026-04-27,BHE,1.926185,81,40735187.56
2026-04-27,BHF,2.995652,2558,361675155.46
2026-04-27,BHH,0.588147,74,1043953885.98
2026-04-27,BHI,2.077677,361,657559035.27
2026-04-27,BHL,1.212501,779,60021558.02
2026-04-27,BHO,1.118561,1,1041732329.50
2026-04-27,BI5,2.240584,11,201755132.95
2026-04-27,BIA,0.238560,12,610759.43
2026-04-27,BID,3.396315,2261,296458174.54
2026-04-27,BIG,1.378357,3781,577187242.28
2026-04-27,BIH,7.510265,409,749066678.55
2026-04-27,BIK,1.472827,14,3421404301.87
2026-04-27,BIO,2.482098,12068,1116685633.76
2026-04-27,BIP,1.443825,195,3598322631.78
2026-04-27,BIS,1.627084,74,807638738.02
2026-04-27,BIY,1.268838,331,79352187.01
2026-04-27,BJD,49.476226,70,1594977532.18
2026-04-27,BKO,1.132336,1,3054370981.33
2026-04-27,BKY,45.944759,569,2064484727.23
2026-04-27,BLA,7.460045,15,6970965544.41
2026-04-27,BLD,1.475006,745,470152838.25
2026-04-27,BLT,1.757679,3081,384208381.15
2026-04-27,BMU,1.212639,12,1008958027.90
2026-04-27,BNC,1.993511,256,713581229.99
2026-04-27,BNH,1.304956,202,134629547.52
2026-04-27,BOH,0.950105,11,238067506.18
2026-04-27,BOL,1.558157,263,46802854.98
2026-04-27,BON,1.246251,337,27419958.78
2026-04-27,BOP,45.854027,9,1123617492.22
2026-04-27,BOS,1.451674,1393,2427571615.84
2026-04-27,BP5,1.548484,15,413188352.43
2026-04-27,BPD,49.500995,11,136049970.12
2026-04-27,BPZ,1.384086,425,502316225.50
2026-04-27,BRB,1.447357,11,955025674.53
2026-04-27,BRC,1.210140,38,126646628.14
2026-04-27,BRF,1.473714,1103,108655547.28
2026-04-27,BRG,4.523494,1617,1792197118.10
2026-04-27,BRH,5.629980,15,4539006883.29
2026-04-27,BRR,1.466448,275,381519026.07
2026-04-27,BRT,1.324270,490,37664439.23
2026-04-27,BRZ,50.961074,5,1595979963.00
2026-04-27,BS1,1.147234,135,7225317.84
2026-04-27,BSA,0.421912,1,860499996.86
2026-04-27,BSD,1.106424,100,274235831.06
2026-04-27,BSE,0.797958,66,558339170.06
2026-04-27,BSF,1.349869,1,7631489665.48
2026-04-27,BSH,1.085673,163,8653170.07
2026-04-27,BSM,1.458656,2012,1474449770.51
2026-04-27,BSN,1.465244,14,41434020.61
2026-04-27,BST,10.094886,699,60403656.07
2026-04-27,BTE,4.047776,950,212426552.19
2026-04-27,BTJ,1.243574,80,28266141.36
2026-04-27,BTK,1.323867,365,122294228.50
2026-04-27,BTP,0.510836,15,50613313.03
2026-04-27,BTY,54.714052,3,773547262.92
2026-04-27,BTZ,1.264281,207,8312188.05
2026-04-27,BUB,1.035217,41,3487984.86
2026-04-27,BUC,0.966811,23,236985097.94
2026-04-27,BUP,3.743752,1,12559452194.84
2026-04-27,BUT,1.720270,4,204294616.76
2026-04-27,BUV,1.372237,475,64967323.50
2026-04-27,BUY,1.816089,18286,410342310.40
2026-04-27,BV1,1.526407,802,146774653.11
2026-04-27,BVB,4.056266,1,4360498337.27
2026-04-27,BVC,3.852234,1,6245788912.48
2026-04-27,BVD,1.200891,345,218724213.99
2026-04-27,BVF,1.243889,546,1030747423.38
2026-04-27,BVH,1.814727,14,116989673.81
2026-04-27,BVI,3.001593,31,318423822.34
2026-04-27,BVK,1.026796,38,22752936.47
2026-04-27,BVM,1.274239,163,11102972.52
2026-04-27,BVT,5.059604,10,19046864.26
2026-04-27,BVV,2.853233,519,105062764.87
2026-04-27,BVZ,3.967758,755,2532741357.71
2026-04-27,BYZ,2.326140,42,191101325.00
2026-04-27,CAH,1.348668,371,55096343.49
2026-04-27,CBD,2.775891,15,264796436.14
2026-04-27,CBN,48.652108,6,625571622.56
2026-04-27,CBO,304.893354,3,2205980860.88
2026-04-27,CEY,61.879098,3,205094247.21
2026-04-27,CFO,2.222120,503,2854807507.75
2026-04-27,CGD,54.095903,2,598816441.89
2026-04-27,CHY,0.613321,42,175085824.05
2026-04-27,CIN,1.596025,537,38003892.13
2026-04-27,CJD,47.701317,29,48006986.63
2026-04-27,CJF,60.910983,3,1848309904.72
2026-04-27,CJG,61.220244,1,1854589799.29
2026-04-27,CJH,58.115383,1812,3200030441.03
2026-04-27,CKF,1.838762,1699,529190031.41
2026-04-27,CKL,1.406275,835,370443572.58
2026-04-27,CKS,56.901373,2442,5957220272.71
2026-04-27,COT,55.626512,197,512958766.80
2026-04-27,CPT,3.339959,8707,519253848.84
2026-04-27,CPU,3.137994,12694,974071652.74
2026-04-27,CRL,45.478871,3,977795731.07
2026-04-27,CSD,59.986113,1,625100226.10
2026-04-27,CSH,3.526684,55,5245741282.47
2026-04-27,CTF,8.679692,1,324373617.16
2026-04-27,CTG,7.101460,1,15383920.32
2026-04-27,CTM,5.958255,1,15386432.11
2026-04-27,CTP,58.026637,1,525249575.07
2026-04-27,CTV,10.130319,4,191876059.77
2026-04-27,CVA,3.699303,1,8548984469.12
2026-04-27,CVB,3.805727,5,1800549986.39
2026-04-27,CVC,2.591848,2,650879824.39
2026-04-27,CVD,59.342439,2,1013841352.30
2026-04-27,CVE,2.459959,1,270650293.06
2026-04-27,CVF,4.191476,1,866726381.34
2026-04-27,CVK,4.661188,2083,625782634.11
2026-04-27,CVL,1.221851,100,28192749.23
2026-04-27,CYD,54.221296,381,1289636656.73
2026-04-27,DA1,46.145117,47,30991429.89
2026-04-27,DAC,67.714734,1,521049983.95
2026-04-27,DAE,3.567229,1,1792856048.92
2026-04-27,DAH,3.745069,2916,769333038.39
2026-04-27,DAI,89.361806,4,342302272.86
2026-04-27,DAL,66.473759,1,576670631.88
2026-04-27,DAS,51.079463,26772,132421650279.46
2026-04-27,DAT,90.523656,6,405344289.98
2026-04-27,DAV,54.390460,136,1031601820.59
2026-04-27,DAZ,12.176858,4,322134511.15
2026-04-27,DB2,1.851314,18,212935914.30
2026-04-27,DBA,0.748208,27497,11450950711.37
2026-04-27,DBB,0.102601,1974,331508615.87
2026-04-27,DBG,0.575459,3,2367398560.94
2026-04-27,DBH,0.353374,9206,1007547148.72
2026-04-27,DBK,0.107421,85960,675277026.98
2026-04-27,DBP,0.458156,1109,159491504.73
2026-04-27,DBZ,0.124590,3050,770728585.29
2026-04-27,DCB,4.205208,22540,133514442237.35
2026-04-27,DCD,62.060658,1,266570011.44
2026-04-27,DCE,67.942317,3,1182155490.50
2026-04-27,DCN,1.274091,1099,149639646.01
2026-04-27,DCP,69.742831,3,248597065.56
2026-04-27,DDA,13.624549,1234,251395336.31
2026-04-27,DDC,10.596717,11,3554781314.16
2026-04-27,DDE,71.053247,1,391863845.67
2026-04-27,DDF,11.030683,627,279340942.46
2026-04-27,DDP,68.807345,1,71975372.38
2026-04-27,DEF,2.556018,96,68551732.10
2026-04-27,DEI,0.034819,13,4136031.04
2026-04-27,DFC,3.106155,1685,128712547.13
2026-04-27,DFD,2.575347,536,163146780.30
2026-04-27,DFI,3.739727,39921,18194630841.90
2026-04-27,DFO,3.452075,2,1021005042.93
2026-04-27,DGF,1.282670,222,26526868.56
2026-04-27,DGH,9.484394,233,1158185080.15
2026-04-27,DHI,5.400749,46,811307899.29
2026-04-27,DHJ,6.983110,3023,224830824.99
2026-04-27,DHM,5.116221,1292,29887540.94
2026-04-27,DHP,3.924432,1,7407337.63
2026-04-27,DHS,333.497006,1,4403940682.56
2026-04-27,DHT,1.053207,556,73394507.88
2026-04-27,DHV,2.181817,11,317454116.08
2026-04-27,DID,1.371549,186,36747350.35
2026-04-27,DIH,1.742112,11,130758744.48
2026-04-27,DIM,48.865099,1,111779303.89
2026-04-27,DIP,1.389636,1259,50804680770.64
2026-04-27,DK1,1.320314,67,4216285184.84
2026-04-27,DK8,45.125621,313,1747007644.69
2026-04-27,DKA,45.072205,239,2297728311.26
2026-04-27,DKC,0.667198,13,209170.73
2026-04-27,DKH,3.574635,1534,210098924.07
2026-04-27,DKL,47.159887,109,418791347.16
2026-04-27,DKP,44.992030,644,3952999795.04
2026-04-27,DKR,0.733884,560,56524917.26
2026-04-27,DKS,67.293408,2,215872543.10
2026-04-27,DKY,44.961702,231,2554565506.25
2026-04-27,DL2,2.191918,724,9847011659.93
2026-04-27,DLD,7.261912,625,79719349.05
2026-04-27,DLG,1.168428,45,4633223.70
2026-04-27,DLN,1.900547,12,30449603.21
2026-04-27,DLY,5.376933,314158,72471055484.87
2026-04-27,DLZ,1.319305,13,162831.31
2026-04-27,DMG,7.437877,16586,3696947169.13
2026-04-27,DMR,53.975537,1,16002080666.70
2026-04-27,DMV,65.513071,2,314879798.20
2026-04-27,DMZ,59.666529,5,595215157.99
2026-04-27,DNA,8.963250,5,1783896928.13
2026-04-27,DNF,1.184774,100,23682483.20
2026-04-27,DNH,1.168739,78,19052171.89
2026-04-27,DNK,1.700314,212,16337449.43
2026-04-27,DNL,51.745811,1,206191842.01
2026-04-27,DNM,48.343849,1213,1695763364.49
2026-04-27,DNP,1.268745,269,1410586986.89
2026-04-27,DNU,44.785429,16,36823251.36
2026-04-27,DOC,44.928798,178,4600660010.68
2026-04-27,DOD,63.974945,24,15444596081.73
2026-04-27,DOH,2.079902,5505,984850983.12
2026-04-27,DOL,48.889185,385,3573237228.31
2026-04-27,DOR,66.251932,1,477194446.01
2026-04-27,DOS,65.244422,2,3075056145.48
2026-04-27,DOV,56.786519,17787,71033565072.23
2026-04-27,DP1,17.777323,7,5059014431.62
2026-04-27,DP2,62.483822,11,337268802.36
2026-04-27,DP3,64.970535,4,264677093.49
2026-04-27,DP4,68.012048,3,510055745.50
2026-04-27,DP5,76.757345,1,1662324159.67
2026-04-27,DP6,44.912202,215,1813164479.54
2026-04-27,DP7,56.744091,3,510797938.64
2026-04-27,DP8,45.240499,50,376087841.90
2026-04-27,DP9,44.977067,155,5684608544.18
2026-04-27,DPB,22.759895,3854,20763798433.62
2026-04-27,DPC,92.228803,1,317670582.04
2026-04-27,DPE,21.061264,1,1378600372.14
2026-04-27,DPG,93.449524,2,535857605.46
2026-04-27,DPI,7.926851,110,263284448.85
2026-04-27,DPK,7.702853,1315,828649526.56
2026-04-27,DPL,95.659371,1,2472946273.63
2026-04-27,DPN,56.285656,1,2208649.16
2026-04-27,DPP,156.434940,2,211176531.38
2026-04-27,DPT,17.359594,5505,342224077.00
2026-04-27,DPZ,76.416397,1,115207041.75
2026-04-27,DRA,1.204790,16,48838312.45
2026-04-27,DRD,52.761246,153,1653879718.62
2026-04-27,DRH,1.042370,69,144523430.02
2026-04-27,DRS,69.735262,3,231678322.93
2026-04-27,DRT,1.095208,344,19221067.10
2026-04-27,DSC,62.247581,1,925005775.75
2026-04-27,DSD,66.990777,1668,5731151679.04
2026-04-27,DSH,2.012872,101,24655726.05
2026-04-27,DSP,13.567150,1091,139870190.25
2026-04-27,DSV,45.818167,48,1088412899.23
2026-04-27,DTH,1.222851,126,170506183.03
2026-04-27,DTL,3.881708,3763,163729481.84
2026-04-27,DTM,1.374310,3158,68046770.45
2026-04-27,DTO,44.910318,159,111896481.28
2026-04-27,DTP,1.834789,4,1662263528.96
2026-04-27,DTV,63.650633,4,3839798783.71
2026-04-27,DTZ,4.538009,6304,269672366.54
2026-04-27,DUC,0.658314,12,228014.45
2026-04-27,DUD,48.202452,264,325297765.93
2026-04-27,DUH,1.206392,79,5289736.33
2026-04-27,DUT,45.183412,258,834532188.90
2026-04-27,DUV,1.216403,216,71198015.70
2026-04-27,DVC,63.674331,1,52531323.35
2026-04-27,DVI,72.338581,2,182502933.48
2026-04-27,DVN,60.503772,1,289785115.56
2026-04-27,DVO,4.728552,1,30298607.65
2026-04-27,DVS,1.390608,314,268948374.38
2026-04-27,DVT,8.285867,10779,735557419.59
2026-04-27,DVU,7.651350,5,1377431324.19
2026-04-27,DVZ,61.791334,1,1298332067.67
2026-04-27,DXP,1.810331,1179,53728023.44
2026-04-27,DYJ,45.055435,156,1061843734.55
2026-04-27,DYN,4.303899,1674,57799609.73
2026-04-27,DYS,1.487886,13,17275532.69
2026-04-27,DZ2,1.411468,2,12203384123.44
2026-04-27,DZE,1.002727,3034,256806488.50
2026-04-27,DZM,80.760565,4844,19866484880.01
2026-04-27,DZP,56.255963,2,438121438.67
2026-04-27,DZS,1.404812,157,62274270.54
2026-04-27,EBD,0.224969,393,41913092.84
2026-04-27,EBI,53.026895,30,582812351.05
2026-04-27,EBS,45.479653,31,3311056790.39
2026-04-27,EC2,87.649011,2587,89967397.94
2026-04-27,ECA,1.705746,388,111537084.15
2026-04-27,ECB,47.324055,3233,903781987.09
2026-04-27,ECV,0.435541,2399,97309760.41
2026-04-27,EDD,1.049394,13,10579781.74
2026-04-27,EDP,1.027355,32,52298322.65
2026-04-27,EDT,1.996408,628,964510684.42
2026-04-27,EDU,3.281406,666,438751826.73
2026-04-27,EES,55.068407,1,460450468.95
2026-04-27,EGP,53.881956,50,246463716.92
2026-04-27,EHS,2.823554,3,666186374.08
2026-04-27,EIB,0.580266,450,281694893.68
2026-04-27,EID,1.840191,2198,119566277.74
2026-04-27,EIL,4.646792,1925,1394781264.06
2026-04-27,EJG,9.499933,1,649977868.75
2026-04-27,EKF,0.124908,5403,1853575893.03
2026-04-27,EKL,1.616792,1450,22978308189.39
2026-04-27,ELZ,13.676023,787,561694916.56
2026-04-27,EME,1.213796,26,41944461.31
2026-04-27,EML,1.178214,773,43350572.36
2026-04-27,ENA,1.049160,15,10879143.24
2026-04-27,ENJ,1.346052,739,39622356.95
2026-04-27,ENO,44.984030,10,45025415.71
2026-04-27,ENR,1.063449,35,12911450.44
2026-04-27,ENS,1.079349,13,11051348.19
2026-04-27,EPA,1.217547,88,434524350.46
2026-04-27,EPI,1.154284,185,272890536.42
2026-04-27,EPK,1.434672,2073,282371386.27
2026-04-27,EPO,57.527309,1,425126526.82
2026-04-27,EPP,1.302436,41,1743699960.06
2026-04-27,EPT,1.178977,54,907446560.58
2026-04-27,ESG,4.211160,83,117631596.00
2026-04-27,ESN,1.638255,12,63168853.32
2026-04-27,ESP,0.518801,358,62725690.73
2026-04-27,EUN,59.482315,3605,6401410851.62
2026-04-27,EUZ,58.910909,39829,137199159550.51
2026-04-27,EVM,1.081163,606,45863040.00
2026-04-27,EYT,2.794748,630,92927956.44
2026-04-27,EZM,42.091065,1,4209106.46
2026-04-27,FAK,1.386655,454,34446294.11
2026-04-27,FAL,1.260521,936,352232943.22
2026-04-27,FBC,2.270048,5902,194654811.16
2026-04-27,FBI,49.164733,5452,19892777262.68
2026-04-27,FBN,10.343871,15,16003881.86
2026-04-27,FBV,7.152215,2331,682025278.82
2026-04-27,FBZ,4.101764,380,186670794.03
2026-04-27,FCK,1.934147,880,345295090.32
2026-04-27,FCS,2.044355,177,1504762805.21
2026-04-27,FD1,1.811732,175,30332738.68
2026-04-27,FDE,44.936571,895,4171012566.54
2026-04-27,FDG,2.670466,1507,311354425.37
2026-04-27,FDO,57.191895,1,270938766.11
2026-04-27,FDV,5.213506,1,1303376543.46
2026-04-27,FDY,45.066074,890,3876585835.76
2026-04-27,FDZ,0.297436,12,225794482.41
2026-04-27,FFD,0.045186,249,131380559.47
2026-04-27,FFF,62.452359,1,1050594063.28
2026-04-27,FFH,7.900665,1962,1264073496.26
2026-04-27,FFO,58.013509,7,104531872.66
2026-04-27,FFP,7.343782,2833,2542255030.94
2026-04-27,FHI,1.506088,11,236051734.85
2026-04-27,FHP,2.998276,46,9859982594.82
2026-04-27,FHZ,62.381594,3,723034306.73
2026-04-27,FI3,730.956853,9871,1831398236.01
2026-04-27,FI5,656.335296,52011,92375852763.01
2026-04-27,FIB,0.511713,13659,6208033257.52
2026-04-27,FID,1.003297,1819,966550175.60
2026-04-27,FIL,0.328620,19064,12582864786.74
2026-04-27,FIT,0.216281,608,217106997.68
2026-04-27,FJB,6.434160,841,392583639.64
2026-04-27,FJC,55.531664,88,1262566905.09
2026-04-27,FJM,53.564017,1745,8660862984.71
2026-04-27,FJN,53.369255,1261,5477435914.16
2026-04-27,FJZ,61.671486,891,1718213061.42
2026-04-27,FKE,55.711283,12703,49339019112.66
2026-04-27,FKH,45.457282,2132,12473023550.25
2026-04-27,FKV,45.074532,488,2216765482.89
2026-04-27,FLS,57.551802,2072,3020208932.77
2026-04-27,FLY,1.611295,1618,118299630.29
2026-04-27,FMG,3.662491,12901,14322701447.67
2026-04-27,FMS,53.622834,1,628551953.04
2026-04-27,FMV,1.258406,24,138361258.70
2026-04-27,FNE,2.730970,1,1064641.30
2026-04-27,FNN,0.000000,1,0.00
2026-04-27,FNO,0.190034,8597,15671933924.27
2026-04-27,FNT,2.008587,2144,592040768.81
2026-04-27,FP4,1.266498,118,93677203.62
2026-04-27,FPE,70.865065,1435,318643632.96
2026-04-27,FPG,2.412342,2562,1314119805.87
2026-04-27,FPH,33.878828,4851,1521720873.57
2026-04-27,FPI,2.340784,171,112166997.64
2026-04-27,FPK,0.087605,1163,286389100.35
2026-04-27,FPR,11.155510,21,172726712.28
2026-04-27,FPZ,64.080114,19543,132728121012.57
2026-04-27,FR1,1.515847,21,577001678.02
2026-04-27,FRA,32.662938,2,533915636.99
2026-04-27,FRC,1.711675,405,90426236.00
2026-04-27,FRZ,15.526688,2,277937695.30
2026-04-27,FS1,1.742065,297,211841904.06
2026-04-27,FS2,2.059773,28,16198964.47
2026-04-27,FS3,1.945016,22,1653812487.93
2026-04-27,FS4,9.150320,21,4697563091.78
2026-04-27,FS5,2.518140,9,22140138.44
2026-04-27,FS6,1.586090,393,118346586.79
2026-04-27,FSF,6.106458,7272,11344652628.51
2026-04-27,FSG,3.732028,850,1040582136.41
2026-04-27,FSH,4.126981,471,335444048.47
2026-04-27,FSK,5.414324,2591,6555284219.80
2026-04-27,FSM,8.100189,21,1087033369.48
2026-04-27,FSP,37.186067,23,472411.80
2026-04-27,FSR,44.666874,2537,8756594789.46
2026-04-27,FSU,1.334038,7263,928209018.15
2026-04-27,FSV,52.627948,876,5332789941.40
2026-04-27,FTL,1.354805,217,360605807.88
2026-04-27,FTM,52.233466,14,1694656248.34
2026-04-27,FTY,44.902919,1253,7510911243.99
2026-04-27,FUA,5.378685,5054,339740771.75
2026-04-27,FUB,0.705268,2286,1417667750.27
2026-04-27,FUM,58.636438,2,421656501.57
2026-04-27,FUN,1.472379,11,18066947.04
2026-04-27,FUP,102.218904,2,448503023.80
2026-04-27,FVL,4.371979,54,1440491598.11
2026-04-27,FYA,0.054638,159,1817526076.28
2026-04-27,FYB,93.449056,9,191147708.75
2026-04-27,FYD,11.933886,5926,3774810253.24
2026-04-27,FYF,0.099865,11,35023355.31
2026-04-27,FYG,15.582229,2,89632812.49
2026-04-27,FYH,81.922656,26,960224871.86
2026-04-27,FYI,9.061453,196,40504387.34
2026-04-27,FYM,0.410003,15,321315773.25
2026-04-27,FYO,1.050692,1286,978560733.72
2026-04-27,FYT,0.325798,99141,3091585726.44
2026-04-27,FYZ,6.195073,2,268969502.23
2026-04-27,FZJ,5.231207,2359,1271541059.01
2026-04-27,FZP,6.036878,660,1059616338.56
2026-04-27,GA1,1.808410,1556,351705383.48
2026-04-27,GAC,70.939712,1,392131812.96
2026-04-27,GAE,0.459678,15197,1599051252.87
2026-04-27,GAF,1.729791,1797,220821322.76
2026-04-27,GAG,16.758121,227,787921250.47
2026-04-27,GAH,11.559975,3054,436384757.67
2026-04-27,GAJ,59.064637,1,468681911.87
2026-04-27,GAL,363.686438,57052,59986916759.45
2026-04-27,GAN,8.973296,11,24165624.41
2026-04-27,GAS,0.295559,2337,3328214178.22
2026-04-27,GAU,61.299993,5,1984913875.52
2026-04-27,GAV,57.445768,1,226393769.99
2026-04-27,GBC,0.278166,1634,293385904.45
2026-04-27,GBG,0.505685,3326,156364571.57
2026-04-27,GBH,4.203368,2749,2214898787.49
2026-04-27,GBJ,1.553983,2128,665632233.74
2026-04-27,GBL,0.769974,1752,3198267039.76
2026-04-27,GBN,6.084938,462,5666716648.45
2026-04-27,GBP,66.159667,2,3628564674.83
2026-04-27,GBV,11.530403,23133,2416724087.21
2026-04-27,GBZ,3.412135,3553,1587476131.83
2026-04-27,GCA,66.832728,2,774163392.85
2026-04-27,GCC,5.293186,2,1175406871.42
2026-04-27,GCD,3.025170,13,422079465.12
2026-04-27,GCI,59.999452,3,205551883.35
2026-04-27,GCZ,57.457452,1,11187827.80
2026-04-27,GDJ,57.035003,4,462064967.48
2026-04-27,GDP,61.891770,1,1438120257.53
2026-04-27,GEC,71.062588,3,398773680.57
2026-04-27,GEI,106.988821,11,3955160387.42
2026-04-27,GEZ,56.349527,1,373848454.94
2026-04-27,GFB,65.108968,4,397559071.74
2026-04-27,GFD,64.713268,2,115212785.28
2026-04-27,GFI,49.746042,3,1608664579.12
2026-04-27,GFL,10.679076,1,448232082.55
2026-04-27,GFN,73.629972,3,852151764.49
2026-04-27,GFY,64.329536,3,394915228.90
2026-04-27,GGA,62.519307,3,8150626495.98
2026-04-27,GGC,5.197169,5,182592117.89
2026-04-27,GGD,61.179210,2,5837863860.01
2026-04-27,GGK,14.002841,13323,2849212654.63
2026-04-27,GGM,7.478366,1,2559776986.36
2026-04-27,GGN,63.833903,4,444502663.11
2026-04-27,GGP,26.286128,1,182084.01
2026-04-27,GGR,63.221160,3,1508894497.68
2026-04-27,GHS,39.896167,14787,3297401230.60
2026-04-27,GID,1.669304,2291,55643317.30
2026-04-27,GIE,3.659935,5151,93804331.92
2026-04-27,GIH,2.478914,699,18886678.74
2026-04-27,GJA,61.321812,3,874654835.10
2026-04-27,GJB,10.111227,1066,77709177.10
2026-04-27,GJD,59.111863,3,384729502.75
2026-04-27,GJE,58.809592,2,136244946.79
2026-04-27,GJF,59.571448,2,226736617.46
2026-04-27,GJH,3.478785,26101,139934354872.02
2026-04-27,GJM,38.611380,69,443405834.37
2026-04-27,GJO,55.631584,1,544046239.55
2026-04-27,GKE,0.000000,0,0.01
2026-04-27,GKF,4.803499,794,45111870.70
2026-04-27,GKG,1.378822,1337,46230162.61
2026-04-27,GKH,3.971362,1903,5847698511.44
2026-04-27,GKK,60.968456,2,1866708220.41
2026-04-27,GKL,15.184879,4,854137381.17
2026-04-27,GKM,45.241411,14,122315584.75
2026-04-27,GKO,0.000000,0,0.01
2026-04-27,GKV,7.653269,3525,383804666.10
2026-04-27,GL1,1432.290380,998,1253607857.84
2026-04-27,GLC,4.247046,72,16410190.39
2026-04-27,GLG,8.213034,626,66894701.73
2026-04-27,GLM,0.517992,11,261104703.80
2026-04-27,GLP,63.034705,4,517011975.82
2026-04-27,GLS,0.151811,1399,554515830.78
2026-04-27,GLV,8.312744,26,70750196.62
2026-04-27,GMA,1.933256,1558,2519478417.64
2026-04-27,GMC,8.795635,25040,5182792630.25
2026-04-27,GMD,2.558402,119,3099105.17
2026-04-27,GME,26.618876,2,375570485.63
2026-04-27,GMI,1.501548,6229,525869551.89
2026-04-27,GMM,44.968747,27,419086008.26
2026-04-27,GMN,1.208063,33,94600671.68
2026-04-27,GMO,2.919935,4,2337265040.68
2026-04-27,GMP,57.822023,1,1511155444.98
2026-04-27,GMR,1.358212,5117,205592700.82
2026-04-27,GMV,0.000000,0,0.01
2026-04-27,GMZ,12.835269,2,349409249.00
2026-04-27,GNH,1.482656,198,7139849.96
2026-04-27,GNK,64.211449,1,440206212.48
2026-04-27,GNL,56.309212,4,1674995660.45
2026-04-27,GNP,1.306668,4280,1101815175.58
2026-04-27,GNS,1.536774,1454,75639038.99
2026-04-27,GNZ,1.438751,463,1705456.33
2026-04-27,GO1,4.312217,1080,157641171.33
2026-04-27,GO2,4.593682,583,35032068.44
2026-04-27,GO3,4.694369,599,46709068.38
2026-04-27,GO4,5.075340,961,64744438.78
2026-04-27,GO6,3.728419,4292,4987435794.12
2026-04-27,GO9,2.511573,1798,394511603.56
2026-04-27,GOF,47.761692,132,65227951.66
2026-04-27,GOH,15.958436,8970,670667725.99
2026-04-27,GOL,2.828958,13580,5292925850.25
2026-04-27,GOP,1.070736,416,744894862.16
2026-04-27,GP1,3.753329,1,171594245.61
2026-04-27,GP3,57.235533,295,383839226.65
2026-04-27,GPA,21.545421,5660,763543658.19
2026-04-27,GPB,11.109061,9847,1219436551.37
2026-04-27,GPC,66.933997,3959,7447626522.45
2026-04-27,GPF,8.268276,2865,849997545.07
2026-04-27,GPG,14.602091,2752,867585860.34
2026-04-27,GPH,43.216723,1,2534098.97
2026-04-27,GPI,16.888726,3032,748041245.53
2026-04-27,GPJ,53.824781,2,882333374.89
2026-04-27,GPL,49.336905,39269,99462290779.67
2026-04-27,GPM,57.930526,2,1207102887.89
2026-04-27,GPN,1.228856,2126,2097978599.82
2026-04-27,GPT,2.423352,2659,87080912.52
2026-04-27,GPU,19.716686,2719,406044895.18
2026-04-27,GPV,62.808881,1,542056970.65
2026-04-27,GPZ,1.737768,214,8912943093.64
2026-04-27,GRL,1.724240,349,1008835200.54
2026-04-27,GRO,50.232320,27135,186281511810.67
2026-04-27,GRT,1.547954,1437,75611272.04
2026-04-27,GSE,59.890141,105,1453788371.05
2026-04-27,GSG,66.375764,1,82126467.64
2026-04-27,GSL,3.038681,1,293971249.32
2026-04-27,GSO,13.496888,5,309138037.55
2026-04-27,GSP,0.546569,13951,2906667056.85
2026-04-27,GSR,52.974424,2,245968728.80
2026-04-27,GSU,0.000000,0,0.01
2026-04-27,GTA,1.614559,81634,28003669830.57
2026-04-27,GTF,13.655197,576,202259795.13
2026-04-27,GTH,1.329094,395,10228089.05
2026-04-27,GTK,6.349830,1,25586431714.80
2026-04-27,GTL,0.119268,323911,142100282448.53
2026-04-27,GTM,7.824097,14454,1192543035.18
2026-04-27,GTN,48.701443,2,1364250888.84
2026-04-27,GTY,5.779485,660,477346597.63
2026-04-27,GTZ,12.994306,70773,16011359262.78
2026-04-27,GUA,5.458243,1,1865959226.16
2026-04-27,GUB,2.273183,3458,2177022369.49
2026-04-27,GUC,1.292581,1,2808588783.67
2026-04-27,GUH,0.367384,26992,2624213808.93
2026-04-27,GUK,1.572512,3372,1309100928.90
2026-04-27,GUM,13.797442,58747,8097991272.90
2026-04-27,GUV,1.611167,2105,630476762.44
2026-04-27,GVA,4.145178,3444,97248122.60
2026-04-27,GVB,63.183584,3,3317115428.23
2026-04-27,GVC,59.932418,1,284035790.25
2026-04-27,GVD,19.848984,1,438960.29
2026-04-27,GVI,5.462350,5406,1412877279.91
2026-04-27,GVL,61.963044,3,487780142.37
2026-04-27,GVZ,68.301106,2,377934195.64
2026-04-27,GYC,3.676289,1,15090026276.29
2026-04-27,GYG,66.513613,4,495398779.08
2026-04-27,GYK,0.101939,279,73693816.63
2026-04-27,GYL,12.922703,7730,1057389898.87
2026-04-27,GYN,62.846530,1,1295491021.72
2026-04-27,GYR,58.691358,5,564616147.27
2026-04-27,GZB,6.642282,1,1262033492.12
2026-04-27,GZD,57.653344,3,50544571.13
2026-04-27,GZE,7.283179,5308,1902996725.58
2026-04-27,GZG,5.774382,1619,421040232.81
2026-04-27,GZH,5.069205,6377,418527246.38
2026-04-27,GZJ,8.234925,6060,1984097003.69
2026-04-27,GZL,5.227430,6213,345571225.36
2026-04-27,GZM,8.206004,317,117313650.71
2026-04-27,GZN,45.022957,1697,449531354.91
2026-04-27,GZO,65.376225,1,107525454.78
2026-04-27,GZP,7.052816,9786,4252576612.60
2026-04-27,GZR,11.762915,2187,1076558019.99
2026-04-27,GZU,63.043502,2,430564987.07
2026-04-27,GZV,7.920441,1377,94483974.73
2026-04-27,GZY,7.204920,2341,64807446.41
2026-04-27,GZZ,6.517438,1297,61046811.44
2026-04-27,HAE,52.082180,1067,2351044621.94
2026-04-27,HAG,57.603043,47,408148433.84
2026-04-27,HAM,3.132164,9021,1835768486.70
2026-04-27,HAR,1.057859,63,40364093.28
2026-04-27,HAT,1.797595,119,8835546.16
2026-04-27,HB1,46.873683,330,21191331319.52
2026-04-27,HB2,54.159980,189,10727975282.33
2026-04-27,HBF,51.377170,12774,7270894527.30
2026-04-27,HBJ,2.403656,1,240365.61
2026-04-27,HBN,4.055624,1124,524710068.91
2026-04-27,HBU,1.464999,2858,463906539.14
2026-04-27,HBV,15.762042,18,907088643.75
2026-04-27,HCV,1.042725,221,62348022.83
2026-04-27,HDA,2.830820,775,413268301.91
2026-04-27,HDE,54.022281,4379,7890477757.92
2026-04-27,HDH,8701.979009,18,32273342821.74
2026-04-27,HDJ,5.679943,11,14084021.09
2026-04-27,HDK,2.800090,151,12806037.03
2026-04-27,HDS,15.318855,13,1538294934.87
2026-04-27,HDV,61.550154,2209,4284144109.83
2026-04-27,HEH,2.906160,1874,730414101.63
2026-04-27,HFA,2.935887,2,4150848192.42
2026-04-27,HFI,1.629208,159,46394471.75
2026-04-27,HFR,1.498063,784,93083498.06
2026-04-27,HFV,59.338339,3371,8939873572.18
2026-04-27,HFY,1.163938,28,792346075.71
2026-04-27,HGC,49.278303,194,310324301.05
2026-04-27,HGH,1.766313,21,78398566.79
2026-04-27,HGJ,13.291571,11,5940388.73
2026-04-27,HGM,3.955824,2080,153270186.35
2026-04-27,HGR,1.172344,344,55686011.91
2026-04-27,HGT,88.475521,14,3624254081.81
2026-04-27,HGU,4.395520,2,2465968164.91
2026-04-27,HGV,5.286083,554,64411298.26
2026-04-27,HIA,1.378950,349,484699670.18
2026-04-27,HIF,0.631694,21,1096292.04
2026-04-27,HIH,1.427431,6308,364935180.57
2026-04-27,HII,3.087346,1,1016870675.84
2026-04-27,HIM,3.573430,298,415881511.46
2026-04-27,HIP,1.913975,882,1373481577.27
2026-04-27,HIS,3.491235,12,1421774.00
2026-04-27,HIZ,1.915955,1118,181068369.66
2026-04-27,HJA,28.185633,13,3270091808.17
2026-04-27,HJB,4.343748,1833,138534878.03
2026-04-27,HKG,1.406195,991,36805141.50
2026-04-27,HKH,8.501338,16052,1775734590.38
2026-04-27,HKJ,1.222890,2683,13582190085.87
2026-04-27,HKM,4.938463,1583,169110300.11
2026-04-27,HKP,5.462838,127,416598018.52
2026-04-27,HKR,3.946596,1856,1699659971.88
2026-04-27,HKV,524.321204,37371,3852105042.79
2026-04-27,HLA,2.389787,11,53346003.07
2026-04-27,HLL,0.337549,1037838,44523591662.93
2026-04-27,HLR,242.290861,14,5720324157.84
2026-04-27,HMC,7.560009,123,6906363.23
2026-04-27,HME,50.481806,8306,24870283124.66
2026-04-27,HMG,0.060694,4753,1853825167.64
2026-04-27,HMK,300.387274,112,289157295.82
2026-04-27,HML,45.835617,45,20140307.51
2026-04-27,HMS,0.103778,4517,436098723.25
2026-04-27,HMT,6.777347,22,566795337.34
2026-04-27,HMV,18.688594,13,15278800715.91
2026-04-27,HNC,1.365519,110,14349619.54
2026-04-27,HNS,46.571026,109,488920325.56
2026-04-27,HOA,0.217651,3356,1498544165.25
2026-04-27,HOY,0.327879,2613,1220465905.58
2026-04-27,HP3,54.016106,136,301492624.82
2026-04-27,HPC,11.870096,7,34283723696.51
2026-04-27,HPD,0.212437,1566,342157026.05
2026-04-27,HPF,39.186973,12,1690883408.88
2026-04-27,HPH,2.112856,10668,12565104824.71
2026-04-27,HPI,7.993783,14,275098677.11
2026-04-27,HPJ,3.718843,1,72960200.27
2026-04-27,HPL,2.645595,24,1199969700.66
2026-04-27,HPO,0.153047,3043,1281971954.00
2026-04-27,HPT,0.100923,10385,2476924078.10
2026-04-27,HPV,6.916485,341996,8239533629.07
2026-04-27,HPZ,587.164390,16,1187833.56
2026-04-27,HRZ,2.265446,7689,580290841.17
2026-04-27,HSA,1540.367579,2722,4141940592.98
2026-04-27,HSL,364.970426,24319,22566582025.73
2026-04-27,HSP,45.131575,1072,1940967253.34
2026-04-27,HST,0.922525,3900,456764871.21
2026-04-27,HTF,1.279080,530,7666616078.32
2026-04-27,HTJ,1.635886,150,8828813.06
2026-04-27,HTS,52.142224,1794,3145310155.74
2026-04-27,HTZ,15.552608,13,735986306.07
2026-04-27,HUI,86.910122,1,2051048976.79
2026-04-27,HUS,0.003632,12,2066661.76
2026-04-27,HVA,493.853397,17,136627011.48
2026-04-27,HVB,1.722026,13,1977600681.49
2026-04-27,HVC,25.905686,17,70663741.89
2026-04-27,HVI,1.263347,493,50135149.51
2026-04-27,HVK,5.070765,2142,1133713398.67
2026-04-27,HVL,20.421798,11,2867220.44
2026-04-27,HVN,5.397052,12,6125497.49
2026-04-27,HVS,1.574525,10928,2951154368.89
2026-04-27,HVT,4.151748,2113,841848935.74
2026-04-27,HVU,5.374279,908,21822313.40
2026-04-27,HVV,64.700588,1,3280700329.53
2026-04-27,HVZ,6.895662,2075,104934464.30
2026-04-27,HYK,10.112739,24,195728011.16
2026-04-27,HYP,9.038977,59,17046507.92
2026-04-27,HYU,1.593559,298,1014613190.65
2026-04-27,HYV,5.604321,7675,7195261133.69
2026-04-27,HYY,12.525638,1,6181248043.71
2026-04-27,HZV,5.768314,3,944818208.56
2026-04-27,IAC,4.144607,1,2873949529.14
2026-04-27,IAE,1.961397,518,240211220.40
2026-04-27,IAF,0.865036,11,54971198.94
2026-04-27,IAI,6.597211,1,75177400.54
2026-04-27,IAM,1.610637,3147,91351949.88
2026-04-27,IAR,72.685137,28,164042505.07
2026-04-27,IAS,2.198261,17,3557537888.54
2026-04-27,IAT,0.177319,8440,1623930340.62
2026-04-27,IAU,2.384040,300,42984916.85
2026-04-27,IAY,1.521252,222,49289791.58
2026-04-27,IBB,14.193490,8767,1125535049.60
2026-04-27,IBC,17.338550,5,371545933.15
2026-04-27,IBE,22.826214,12,756182137.07
2026-04-27,IBG,1.452180,11,484656521.62
2026-04-27,IBJ,60.700276,23,737410810.41
2026-04-27,IBK,0.121104,122347,210559427.48
2026-04-27,IBM,3.561784,17,245636936.33
2026-04-27,IBP,64.316264,4,4302280009.48
2026-04-27,IBR,0.263129,71,1503240934.17
2026-04-27,ICA,0.557903,3448,721330615.69
2026-04-27,ICC,1.266412,287,30701455.38
2026-04-27,ICD,121.528800,212,41356493.66
2026-04-27,ICE,113.164903,5591,2045429601.80
2026-04-27,ICF,185.839952,553,19811096.45
2026-04-27,ICG,65.514320,1,838133538.35
2026-04-27,ICH,2.018793,1537,169141005.83
2026-04-27,ICN,3.735889,15,163437591.23
2026-04-27,ICS,47.684719,68,44261289.81
2026-04-27,ICV,5.519831,50,6678217.12
2026-04-27,ICZ,7.968106,22217,951407102.96
2026-04-27,IDD,0.149777,25,31360522.65
2026-04-27,IDF,71.702502,4576,13374419772.10
2026-04-27,IDH,12.567433,22498,1065188887.65
2026-04-27,IDI,1.474060,365,19954739.51
2026-04-27,IDL,5.332632,3922,3186854959.55
2026-04-27,IDO,54.656129,14980,74019466768.74
2026-04-27,IDP,1.937927,29,191696410.97
2026-04-27,IDV,66.097926,2,519304702.95
2026-04-27,IDY,0.213737,3129,619839122.32
2026-04-27,IED,0.992732,835,18006273.27
2026-04-27,IEN,1.285123,136,52596849.93
2026-04-27,IEV,4.837631,3131,57266854.58
2026-04-27,IEZ,5.897995,3,118578726.90
2026-04-27,IFD,56.057189,9,1121143786.50
2026-04-27,IFN,9.593791,481,5183295.18
2026-04-27,IFV,4.145431,214,18542001.65
2026-04-27,IFY,6.795657,1,135913136.48
2026-04-27,IGF,63.166972,2,1334857456.46
2026-04-27,IGL,512.435970,17799,4861816720.03
2026-04-27,IGM,61.692077,3,1178293810.99
2026-04-27,IGZ,10.584875,3,2129026381.16
2026-04-27,IHA,3.191143,395,9538167.82
2026-04-27,IHC,6.743565,322,268002962.11
2026-04-27,IHK,17.323914,33291,2041641920.45
2026-04-27,IHP,1.737892,341,192711059.93
2026-04-27,IHT,3.793995,3724,87929250.50
2026-04-27,IHV,1.898375,32,331518900.41
2026-04-27,IHY,7.098751,1,143426081.39
2026-04-27,IHZ,1.058777,57,1605987.67
2026-04-27,IIA,6.732952,11,2577583952.73
2026-04-27,IIC,3.255964,12,184287089.31
2026-04-27,IIE,8.677987,5366,1168430185.92
2026-04-27,IIF,1.308647,14,435796199.68
2026-04-27,IIH,33.211043,24540,2315095712.11
2026-04-27,IIN,1.235062,87,2400207669.63
2026-04-27,IIP,0.326207,16,39296473.90
2026-04-27,IIS,94.599092,202,3514953222.82
2026-04-27,IJA,13.260099,1350,214195003.89
2026-04-27,IJB,5.831923,7357,194728882.26
2026-04-27,IJC,14.313094,22767,2331115516.83
2026-04-27,IJE,63.267376,4,33890498.82
2026-04-27,IJF,9.761382,2,895916560.41
2026-04-27,IJH,6.673007,470,51499081.55
2026-04-27,IJI,9.534370,26,66045919.18
2026-04-27,IJK,59.570509,3,273491187.15
2026-04-27,IJL,50.681105,12,335366554.69
2026-04-27,IJP,7.874933,13031,561470550.81
2026-04-27,IJT,6.505276,1497,425698716.77
2026-04-27,IJV,4.978183,3121,3273386103.26
2026-04-27,IJZ,10.428455,11512,497761440.40
2026-04-27,IK2,44.638768,96,199959629.54
2026-04-27,IKL,8.705132,5399,203175999.29
2026-04-27,IKP,8.756551,13132,965154611.90
2026-04-27,IKV,1.360882,1101,185454299.21
2026-04-27,ILC,47.464891,223,1327967315.10
2026-04-27,ILE,4.574229,1,10183025721.13
2026-04-27,ILH,3.529430,11082,121867677808.43
2026-04-27,ILI,5.168578,16,452666267.41
2026-04-27,ILM,7.036753,13,306453704.12
2026-04-27,ILP,58.044001,6,2904673445.78
2026-04-27,ILU,1.062573,1,1683713544.34
2026-04-27,ILZ,7.568515,7352,1056943627.89
2026-04-27,IMB,1.234246,230,32568967.79
2026-04-27,IMF,5.304000,19,359450946.08
2026-04-27,IMG,46.361498,144,926077133.18
2026-04-27,IMH,6.244739,1,2203189500.51
2026-04-27,IML,1.688423,6469,1097884627.22
2026-04-27,IMO,5.288142,2,4541445069.01
2026-04-27,IMS,14.595570,4,542569138.32
2026-04-27,IMT,66.210763,4,669223894.70
2026-04-27,IMY,69.188266,6,1485406133.36
2026-04-27,IMZ,68.947333,4,285962302.90
2026-04-27,INH,13.820329,507,358595284.23
2026-04-27,INV,42.560060,1,1813693831.70
2026-04-27,INZ,3.046242,14,6093589.83
2026-04-27,IOG,14.984705,23378,17012828781.06
2026-04-27,IOH,48.792484,30,124938966.41
2026-04-27,IOJ,48.099987,40,172503630.87
2026-04-27,IOL,62.156060,1,889155609.47
2026-04-27,IOM,3.960985,15,597319237.52
2026-04-27,ION,2.759872,15,176247623.05
2026-04-27,IOO,4.071225,6531,29911929899.75
2026-04-27,IOP,5.580211,7394,7416027335.79
2026-04-27,IOT,54.557845,6,245648881.33
2026-04-27,IOV,53.500352,1,530050940.81
2026-04-27,IPA,0.789039,16,803394833.12
2026-04-27,IPB,0.848719,17380,1252521531.82
2026-04-27,IPC,23.430668,1,13472634.05
2026-04-27,IPE,9.186006,3,3827035067.42
2026-04-27,IPF,0.112583,22,141347455.20
2026-04-27,IPG,9.041659,1946,350728713.91
2026-04-27,IPJ,18.984222,17948,1251482677.43
2026-04-27,IPK,49.297273,1,2947879797.62
2026-04-27,IPO,44.471105,1,534829916.77
2026-04-27,IPP,0.167655,187,6450270755.73
2026-04-27,IPR,31.591242,1,19428613.58
2026-04-27,IPU,44.374875,1,5176933562.72
2026-04-27,IPV,72.906620,12331,1972471620.17
2026-04-27,IRB,1.161601,874,873013142.19
2026-04-27,IRE,44.738777,65,113067775.36
2026-04-27,IRF,6.334644,1617,351072770.68
2026-04-27,IRL,16.223928,15,246047188.10
2026-04-27,IRO,1.820156,46,21667617.04
2026-04-27,IRT,6.663136,1495,113724455.55
2026-04-27,IRV,6.264989,39,279419539.24
2026-04-27,IRY,3.520944,2426,2114325162.05
2026-04-27,ISR,18.174397,8,942390265.70
2026-04-27,ISS,0.276119,7,214189589.83
2026-04-27,IST,0.171662,3211,2049990864.66
2026-04-27,ITA,67.603004,1,758595824.17
2026-04-27,ITC,1.248424,347,24687636.91
2026-04-27,ITD,63.270286,1,2341017796.93
2026-04-27,ITJ,10.428979,11,412489660.74
2026-04-27,ITL,3.988131,1,4092891421.23
2026-04-27,ITP,11.086089,10645,924960153.26
2026-04-27,ITR,3.926075,1,1030076807.44
2026-04-27,ITV,45.054043,25,164319934.61
2026-04-27,ITZ,56.086934,3,1743430216.95
2026-04-27,IUA,63.470811,57,433538709.69
2026-04-27,IUB,66.540621,3,320373792.90
2026-04-27,IUC,1.917098,1,930470285.90
2026-04-27,IUF,63.392722,8265,22838824560.68
2026-04-27,IUH,5.301872,653,8796646.51
2026-04-27,IUM,62.385270,1,379025326.17
2026-04-27,IUN,70.901405,4,278069353.81
2026-04-27,IUV,62.679235,7057,23137503395.13
2026-04-27,IUZ,4.207257,1136,1201183410.14
2026-04-27,IV2,18.068977,14,1106525872.75
2026-04-27,IV6,60.328607,1,1509306512.94
2026-04-27,IV7,4.483653,1,490084292.51
2026-04-27,IV8,2.066100,130,29494392.27
2026-04-27,IVA,2.538678,3,126933897.78
2026-04-27,IVF,6.276882,1344,178686446.27
2026-04-27,IVS,5.365179,30,445593354.76
2026-04-27,IVY,5.346459,14929,818115585.17
2026-04-27,IYB,5.766226,520,112625064.94
2026-04-27,IYP,3.054636,2,2341785506.81
2026-04-27,IYR,0.130428,32,216763190.88
2026-04-27,IYS,1.299435,16,5679874436.76
2026-04-27,IYV,1.142655,74,217022590.24
2026-04-27,IZA,1.993805,1,496187678.18
2026-04-27,IZB,9.031487,30,54099312.08
2026-04-27,IZE,60.430176,1,252206123.33
2026-04-27,IZL,48.606508,21,88964156.19
2026-04-27,IZS,8.376610,13,54699260.15
2026-04-27,IZV,9.151877,2,100209904.93
2026-04-27,IZY,44.958589,32,50639152.47
2026-04-27,JET,2.156412,19980,860443797.59
2026-04-27,JOT,54.175129,1,1067770616.24
2026-04-27,JUP,0.502406,57,53645621.29
2026-04-27,KAC,3.465391,2075,17164405975.49
2026-04-27,KAN,6839.859500,36,4992481847.94
2026-04-27,KAV,54.258480,5911,19274713067.85
2026-04-27,KBJ,4.065148,119,760866418.45
2026-04-27,KBP,1.573248,6,371793338.47
2026-04-27,KBZ,48.551713,1,150242886.90
2026-04-27,KCL,1.678275,202,15624383.12
2026-04-27,KCV,4.706324,11680,2134339948.31
2026-04-27,KDE,1.561978,2009,569433192.10
2026-04-27,KDI,53.021485,10,352809942.83
2026-04-27,KDK,14.448608,1,722430.40
2026-04-27,KDL,48.980144,7292,25613661182.96
2026-04-27,KDO,53.051145,421,1687555644.31
2026-04-27,KDS,50.637393,1370,32668168540.67
2026-04-27,KDT,50.543171,1135,3200452831.48
2026-04-27,KDV,45.169173,166,11735849214.65
2026-04-27,KDZ,45.780213,819,5412474956.36
2026-04-27,KEI,1.703596,1,305997084.49
2026-04-27,KEO,1.606761,1,63374522.61
2026-04-27,KEU,49.877680,34,3965805980.31
2026-04-27,KFZ,3.955205,1,326731274.69
2026-04-27,KGM,3.207743,30900,3751562541.09
2026-04-27,KH1,1.263191,830,81851267.00
2026-04-27,KHA,3.374252,18966,1882441985.28
2026-04-27,KHB,1.506752,216,17639396.12
2026-04-27,KHC,2.107270,1635,117030146.05
2026-04-27,KHD,1.301250,14,652892223.15
2026-04-27,KHF,0.148377,13,1111980.44
2026-04-27,KHJ,1.196060,527,17441929.69
2026-04-27,KHP,1.018024,173,4760159866.36
2026-04-27,KHT,2.752181,355,21085159.00
2026-04-27,KHU,35.303646,1,3372133.69
2026-04-27,KIA,4.450554,424,9348149.23
2026-04-27,KIB,3.914162,1004,11376362.64
2026-04-27,KIE,4.070799,924,200476305.11
2026-04-27,KIH,1.375344,34,53381232.36
2026-04-27,KIK,1.367350,1164,167399481.87
2026-04-27,KIS,0.208373,836,92831019.06
2026-04-27,KJK,0.002108,1,45125237.78
2026-04-27,KKB,59.687674,1,14625927.21
2026-04-27,KKC,54.062499,61,166326628.68
2026-04-27,KKE,48.252930,2,83322193.66
2026-04-27,KKH,6.359749,5524,538788617.43
2026-04-27,KKL,2.165068,1270,2751936282.66
2026-04-27,KKO,45.655613,262,2127476494.42
2026-04-27,KKP,46.220855,319,3755164617.18
2026-04-27,KKT,2.757656,35,1901585275.95
2026-04-27,KLH,2.510998,2390,120656549.40
2026-04-27,KLI,1.156998,96,481422691.16
2026-04-27,KLL,54.315536,1,10665941.75
2026-04-27,KLM,62.181025,1,925071837.48
2026-04-27,KLS,41.024816,2,1007897.68
2026-04-27,KLU,4.284733,87667,66391830097.78
2026-04-27,KMA,158.603855,1,11866423.20
2026-04-27,KME,1.481003,1062,182212534.94
2026-04-27,KMF,3.484477,2693,2195862547.55
2026-04-27,KMN,0.990224,4951,753241584.41
2026-04-27,KMT,3.615853,1,89620240.28
2026-04-27,KNC,62.664647,16,344708635.07
2026-04-27,KNI,1.221786,397,12100612547.48
2026-04-27,KNJ,1.884119,12776,899444746.07
2026-04-27,KNN,1.324061,18,568513041.46
2026-04-27,KNP,76.308371,2,222464847.59
2026-04-27,KNS,3.949572,1,4451924238.27
2026-04-27,KNT,56.153203,4,160943053.92
2026-04-27,KNV,66.360345,5,297980512.23
2026-04-27,KNZ,66.137866,1,974661228.80
2026-04-27,KO4,52.601139,880,4433750041.34
2026-04-27,KOB,1.250232,16,421572919.48
2026-04-27,KOP,7.419266,14,15216915.32
2026-04-27,KOT,1.429565,4656,199415005.64
2026-04-27,KOZ,60.160200,4,67285393.46
2026-04-27,KP3,50.756651,15,14579492.67
2026-04-27,KPA,1.502552,11884,335469412.68
2026-04-27,KPB,6.249254,1,5008327.00
2026-04-27,KPC,19.535842,20547,3541272319.78
2026-04-27,KPD,46.139642,575,247733382.22
2026-04-27,KPF,1.553633,196,93541824.75
2026-04-27,KPH,1.357840,13269,680341927.75
2026-04-27,KPI,1.303058,3753,3313083037.90
2026-04-27,KPK,9.384824,1,434073219.14
2026-04-27,KPP,2.792184,762,691573355.38
2026-04-27,KPR,1.658171,1189,50249852524.64
2026-04-27,KPU,3.744683,6096,563271194.37
2026-04-27,KRC,0.132763,155,28811509.07
2026-04-27,KRF,19.440913,723,128302598.45
2026-04-27,KRH,1.358811,42,1770707269.98
2026-04-27,KRO,45.111459,60,288695386.33
2026-04-27,KRR,1.106123,572,22692357.70
2026-04-27,KRS,0.485492,1404,1634166638.57
2026-04-27,KRT,69.199074,173,787503106.80
2026-04-27,KRV,45.033858,1048,5340565181.22
2026-04-27,KSA,3.605827,2762,11708497843.27
2026-04-27,KSC,46.007290,1,45213893.90
2026-04-27,KSK,2.585227,621,5907790292.28
2026-04-27,KSL,53.218042,120,262037391.54
2026-04-27,KSM,47.924967,756,15302835604.80
2026-04-27,KSP,60.561465,278,1133105014.37
2026-04-27,KSR,4.734793,3750,170218774.47
2026-04-27,KST,1.966347,560,13639413.57
2026-04-27,KSV,5.113169,11223,30787354462.19
2026-04-27,KSY,9.725591,83,3107129159.66
2026-04-27,KTE,41.561567,1,100329871.36
2026-04-27,KTI,1.909264,542,225693364.59
2026-04-27,KTJ,2.144661,12423,748078438.29
2026-04-27,KTM,20.031338,5837,705315714.19
2026-04-27,KTN,7.404860,3914,478339305.15
2026-04-27,KTR,9.449770,719,21967924114.14
2026-04-27,KTS,13.563829,696,100635008.03
2026-04-27,KTT,65.640451,1407,5425035287.97
2026-04-27,KTU,26.577632,1,698621878.82
2026-04-27,KTV,6.863237,45574,26642893435.64
2026-04-27,KU3,1.012932,779,54014693.65
2026-04-27,KUA,1.398867,2207,159203928.00
2026-04-27,KUB,0.694003,4122,328785142.35
2026-04-27,KUD,1.526304,996,71441744.43
2026-04-27,KUP,46.525916,132,1634016653.39
2026-04-27,KUT,12.529218,46409,9612068793.62
2026-04-27,KVA,1.563261,1,573827554.56
2026-04-27,KVK,1.149087,149,488710223.58
2026-04-27,KVR,1.144988,43,143375236.06
2026-04-27,KVS,3.348301,2389,17693546199.87
2026-04-27,KVT,1.385880,2993,126007339.35
2026-04-27,KYA,1.267920,1940,82330273.26
2026-04-27,KYR,0.814722,11,518932371.89
2026-04-27,KYS,49.909291,4,10226413.73
2026-04-27,KZL,28.208461,69111,85890360934.41
2026-04-27,KZO,2.014252,3,1043491645.17
2026-04-27,KZU,2.383373,6516,500502752.41
2026-04-27,LAI,1.845002,11,95375.53
2026-04-27,LET,52.034168,2,705705603.52
2026-04-27,LFD,8.310943,1,2365525302.21
2026-04-27,LGK,1.266327,1,1476591939.98
2026-04-27,LGO,6.136013,12,335171812.46
2026-04-27,LHM,76.983291,4,725678451.86
2026-04-27,LHP,53.328883,103,92690025.50
2026-04-27,LKT,1.668414,219,96512619.90
2026-04-27,LLA,1.345606,1027,53334878.19
2026-04-27,LPH,1.264390,855,666849095.21
2026-04-27,LRT,3.264899,11,756415742.37
2026-04-27,LTC,1.447046,395,190086408.86
2026-04-27,LTS,4.093045,14,1695491555.32
2026-04-27,LZV,9.626844,2,109486824.47
2026-04-27,MAC,0.769266,38742,4855957707.56
2026-04-27,MAD,1.025638,400,23821518.39
2026-04-27,MAS,13.404269,89,931070783.46
2026-04-27,MAV,55.298316,1,873636807.05
2026-04-27,MBL,0.255528,223,21280890.01
2026-04-27,MBR,1.507002,222,123083387.66
2026-04-27,MCU,1.240519,154,25000755.33
2026-04-27,MD1,1.981851,623,66074414.67
2026-04-27,MD2,1.890295,726,171467008.63
2026-04-27,MDF,1.277258,1402,830554834.79
2026-04-27,MET,5.393225,6900,714071790.59
2026-04-27,MGB,1.390947,563,71810933.32
2026-04-27,MGD,0.864321,1,580911036.05
2026-04-27,MGE,8.650460,69,4929966608.18
2026-04-27,MGH,2.020541,864,635953498.97
2026-04-27,MHF,1.955609,1393,75324803.64
2026-04-27,MIK,3.301788,12,1056674.59
2026-04-27,MJB,7.240235,832,64243982.86
2026-04-27,MJE,54.401363,941,6517427493.42
2026-04-27,MJG,11.940120,8647,1182527067.92
2026-04-27,MJH,4.517327,21,41634189.89
2026-04-27,MJK,35.753731,490,2260089561.28
2026-04-27,MJL,57.558537,633,898097249.67
2026-04-27,MKA,1.333153,1874,101821415.74
2026-04-27,MKG,17.681698,9289,1635859136.46
2026-04-27,MKL,58.209053,1,751223746.41
2026-04-27,MLS,16.582998,4,1239775355.01
2026-04-27,MLT,1.344976,147,39800368.43
2026-04-27,MMH,16.782842,1606,182219237.72
2026-04-27,MOD,56.407935,2,703930750.32
2026-04-27,MOZ,1.171920,141,270428504.20
2026-04-27,MP2,1.766943,13,4684703168.58
2026-04-27,MP4,2.689061,15,5277744828.42
2026-04-27,MPD,56.389462,787,3977251659.23
2026-04-27,MPE,1.279594,87,91163223.14
2026-04-27,MPF,7.400195,1957,1498002863.13
2026-04-27,MPI,2.750527,22,80324002.98
2026-04-27,MPK,8.799819,1475,280218559.54
2026-04-27,MPL,1.824517,1431,2131715459.61
2026-04-27,MPN,57.594352,329,365017852.60
2026-04-27,MPP,22.124139,1791,615265633.18
2026-04-27,MPS,23.978223,2663,163237157.18
2026-04-27,MRI,1.270917,142,14290602.20
2026-04-27,MSK,3.491089,1,1047044804.38
2026-04-27,MSO,54.479889,1,530927216.77
2026-04-27,MSR,2.013871,16,37081696.00
2026-04-27,MT1,42.551327,20,35178884.16
2026-04-27,MT2,1.223538,4789,10993910598.52
2026-04-27,MT5,1.383541,18,511568938.92
2026-04-27,MT6,2.003666,13,961174457.22
2026-04-27,MT7,0.750768,15,97986440.14
2026-04-27,MT8,1.940570,16,2948317713.96
2026-04-27,MT9,0.602809,17,6756707632.42
2026-04-27,MTD,1.331228,1967,183123749.32
2026-04-27,MTE,4.663845,17,571419023.41
2026-04-27,MTF,1.279809,41,63495932.97
2026-04-27,MTG,1.458336,144,37858506.44
2026-04-27,MTH,1.895639,4969,751516871.16
2026-04-27,MTI,0.017267,2,2065078.71
2026-04-27,MTK,1.505881,492,49816554.22
2026-04-27,MTL,3.092610,14,8099934704.99
2026-04-27,MTS,2.683260,758,92968426.63
2026-04-27,MTU,1.214138,18,1199665.41
2026-04-27,MTV,4.889078,12976,129435319.09
2026-04-27,MTX,4.695955,2269,103519525.44
2026-04-27,MUL,1.779878,13,9189790.06
2026-04-27,MUT,1.743725,1768,927107689.53
2026-04-27,NAK,1.081246,180,139692838.74
2026-04-27,NAL,1.841221,23,1386391409.75
2026-04-27,NAU,3.168002,12493,3016838097.54
2026-04-27,NBE,1.589902,11,1003359372.50
2026-04-27,NBH,5.875430,145,1024307968.39
2026-04-27,NBO,1.331860,413,1632416840.61
2026-04-27,NBZ,67.178464,285,1353109297.30
2026-04-27,NCS,53.270224,1852,7791359589.01
2026-04-27,NCU,56.188451,12,136076348.30
2026-04-27,NDL,2.065538,1,11647802.60
2026-04-27,NDS,0.856292,12,515443380.45
2026-04-27,NES,2.024668,2,2022651971.25
2026-04-27,NFF,1.210346,51,1808528296.54
2026-04-27,NFH,2.066716,51,124984052.90
2026-04-27,NFK,4.665253,97,1531567793.43
2026-04-27,NHP,5.311115,170,11934425.93
2026-04-27,NHT,59.514130,2,590093077.37
2026-04-27,NHV,4.109235,2,7573135238.77
2026-04-27,NHY,5.527966,2488,169762948.34
2026-04-27,NIG,0.995438,12,271515677.83
2026-04-27,NIS,1.518008,25,950012315.01
2026-04-27,NJF,12.438542,1752,1306661382.54
2026-04-27,NJG,2.702280,15,66233435.64
2026-04-27,NJR,5.088945,2826,1260946070.26
2026-04-27,NJY,6.656675,1350,295530541.66
2026-04-27,NKA,46.077947,15,157007841.20
2026-04-27,NKC,1.259409,1305,479146635.65
2026-04-27,NKH,1.560938,12,144954896.88
2026-04-27,NKJ,14.943238,1,1533750630.34
2026-04-27,NKK,7.792880,11,1487703427.70
2026-04-27,NKL,3.128577,2645,16783115648.80
2026-04-27,NKM,1.008322,572,52373641.91
2026-04-27,NKP,1.164281,3150,167933742.33
2026-04-27,NKS,1.798917,11,24285561.19
2026-04-27,NKT,1.351572,415,55221759.83
2026-04-27,NKV,2.041013,1,13231307612.23
2026-04-27,NLC,47.412913,14,141286782.78
2026-04-27,NLD,50.547528,1,1324437875.66
2026-04-27,NLE,1.441382,11583,414004189.85
2026-04-27,NLK,1.658160,1154,5149958100.29
2026-04-27,NLL,3.765781,26,1525943530.41
2026-04-27,NME,54.330780,64,71554941.51
2026-04-27,NMG,119.995357,10,2709638797.27
2026-04-27,NMU,1.097205,49,28006337.91
2026-04-27,NNF,22.388037,22340,3127672201.23
2026-04-27,NOA,1.433249,11,545527556.27
2026-04-27,NOI,1.298082,13,906662460.62
2026-04-27,NOV,58.647845,1,828220706.09
2026-04-27,NP1,4.710477,164,1409161803.56
2026-04-27,NPH,1.726908,1009,291916565.51
2026-04-27,NPK,1.475497,1,875016689.77
2026-04-27,NRC,11.313427,4169,242093714.85
2026-04-27,NRG,4.925583,3808,6463632551.93
2026-04-27,NRM,135.755024,11,351451702.32
2026-04-27,NSA,2.250640,301,1446309772.52
2026-04-27,NSD,59.914495,136,13454625146.39
2026-04-27,NSH,1.942827,1459,1409400746.85
2026-04-27,NSK,5.946778,105,377134095.01
2026-04-27,NSP,1.629860,2647,1568285724.38
2026-04-27,NSS,59.267912,1,1019544873.49
2026-04-27,NST,1.216754,4457,85255337.71
2026-04-27,NSY,1.303681,76,1109035035.14
2026-04-27,NTB,5.730408,1,3157250137.17
2026-04-27,NTD,0.440526,1,597099144.19
2026-04-27,NTF,2.792914,10,229199768.40
2026-04-27,NTI,1.340223,575,139439180.42
2026-04-27,NTO,60.768625,1,3290284746.05
2026-04-27,NTS,2.722808,33,200578283.84
2026-04-27,NUB,56.172598,875,1985356541.94
2026-04-27,NUG,45.783906,11,3051797133.75
2026-04-27,NUH,1.245618,883,90000199.38
2026-04-27,NVB,4.267482,5244,5780915233.37
2026-04-27,NVC,4.537413,103,11836861.75
2026-04-27,NVK,43.429235,17,40128178.73
2026-04-27,NVP,63.670876,1,57055089.95
2026-04-27,NVT,4.126926,71,597870486.44
2026-04-27,NVZ,54.354940,312,670560040.82
2026-04-27,NYH,57.645013,1,990908196.65
2026-04-27,NZH,3.205360,294,241646793.06
2026-04-27,NZT,5.367314,456,6258711469.00
2026-04-27,NZU,47.309723,39,57804769.77
2026-04-27,OAB,71.320828,3,626456053.73
2026-04-27,OBI,2.830414,509,274200284.32
2026-04-27,OBN,54.244753,137,156743250.85
2026-04-27,OBP,0.188491,866,35166914.15
2026-04-27,OBR,50.059612,11474,47907139517.28
2026-04-27,OCM,64.112319,2,468053718.55
2026-04-27,OCN,46.967381,4,109936783.26
2026-04-27,OCT,68.326410,5,440336654.21
2026-04-27,ODD,10.044541,33,428254565.48
2026-04-27,ODG,1.039208,27,29612787.48
2026-04-27,ODN,52.567244,172,165686223.21
2026-04-27,ODP,6.099033,121,219794829.56
2026-04-27,ODS,65.762569,131,123184339.68
2026-04-27,ODV,19.478121,4300,1702158886.63
2026-04-27,OFA,54.211016,144,242716814.60
2026-04-27,OFB,10.042959,13,908236264.25
2026-04-27,OFI,3.808648,728,150863764.00
2026-04-27,OFK,48.437525,290,1116440184.98
2026-04-27,OFO,64.232721,1,2017794117.65
2026-04-27,OFS,7.811432,510,182828745.33
2026-04-27,OGD,11.715515,3401,822392677.35
2026-04-27,OGF,8.334545,445,124986108.69
2026-04-27,OGV,66.845604,1,305661550.95
2026-04-27,OHB,23.671712,1159,1499649351.71
2026-04-27,OHI,0.022778,46,58789668.17
2026-04-27,OHK,2.591059,1166,27829565.21
2026-04-27,OIL,3.908708,686,45737505.16
2026-04-27,OIR,4.672433,270,26446312.10
2026-04-27,OIS,3.137518,2,598148722.28
2026-04-27,OJB,49.459061,7471,28830202955.51
2026-04-27,OJH,9.922486,30,28185734.29
2026-04-27,OJK,13.395608,30613,50547033865.10
2026-04-27,OJT,10.867226,11130,3277189563.61
2026-04-27,OJU,63.530348,2,53826277.96
2026-04-27,OJY,73.835318,6,2708893115.81
2026-04-27,OKD,0.572375,1069,88685944.78
2026-04-27,OKF,4.192059,12,7432412402.71
2026-04-27,OKP,5.738025,451,73479000.65
2026-04-27,OKT,0.144931,866,109527910.36
2026-04-27,OLA,51.390856,33,19647700.00
2026-04-27,OLD,3.115653,6010,162314424.95
2026-04-27,OLE,4.469387,507,304942908.85
2026-04-27,OMB,59.278904,3,182380203.07
2026-04-27,OMC,67.006556,2,390600244.75
2026-04-27,OME,22.731370,69,77650700.88
2026-04-27,OMG,1.733113,698,1247550227.07
2026-04-27,ONB,48.622812,585,5736333017.47
2026-04-27,OND,44.929507,636,3319841271.13
2026-04-27,ONE,1.490398,784,40376661.55
2026-04-27,ONF,61.088377,620,2535701516.30
2026-04-27,ONK,56.542193,22336,74584942910.04
2026-04-27,ONN,5.736138,821,1660962762.83
2026-04-27,ONS,50.174848,23171,153845778101.11
2026-04-27,ONT,49.073040,421,5641628924.28
2026-04-27,ONY,61.748825,746,2205600093.80
2026-04-27,OPB,12.373356,436,46757590.20
2026-04-27,OPD,7.571106,22,60238181.71
2026-04-27,OPF,2.817955,952,308982578.19
2026-04-27,OPH,24.471011,2723,817714375.44
2026-04-27,OPI,23.626245,1493,232091185.79
2026-04-27,OPJ,1.493363,2330,304974500.77
2026-04-27,OPL,9.266674,973,102230911.58
2026-04-27,OPZ,5.219714,1,653283689.88
2026-04-27,ORC,1.444052,47,1153621045.50
2026-04-27,ORI,56.468012,5,1551493069.38
2026-04-27,OSD,12.542195,947,599879147.52
2026-04-27,OSF,98.366104,17,5791382250.05
2026-04-27,OSH,0.520431,17,58703734.18
2026-04-27,OSL,0.138074,4376,1141102315.05
2026-04-27,OSN,1.416300,122,41079240.66
2026-04-27,OTE,62.592563,2,189376552.18
2026-04-27,OTF,6.175385,1828,713722566.10
2026-04-27,OTJ,7.544505,27278,3921616187.13
2026-04-27,OTK,7.505000,63,3933430.38
2026-04-27,OTM,1.320569,102,14062834.19
2026-04-27,OTZ,65.413451,4,292542493.65
2026-04-27,OUB,6.224876,14,777865112.31
2026-04-27,OUD,62.148728,127,125807669.28
2026-04-27,OUN,50.193233,209,177233158.77
2026-04-27,OUR,78.482284,11,29623687.63
2026-04-27,OUY,61.522609,2,1565884837.50
2026-04-27,OVD,3.206222,3207,822990794.86
2026-04-27,OVR,65.358187,1,466196872.79
2026-04-27,OVT,76.553192,1,720264864.79
2026-04-27,OYL,0.143276,9074,3561846894.81
2026-04-27,OYS,9.053422,11,16474745774.35
2026-04-27,OYT,0.121633,75,1855964389.00
2026-04-27,OZC,2.826225,1,1023433275.88
2026-04-27,P1A,1.332739,289,954861351.30
2026-04-27,PAB,1.237389,422,87986260.14
2026-04-27,PAC,3.284806,1,841788070.91
2026-04-27,PAF,3.580345,4069,361483769.65
2026-04-27,PAI,6.276567,713,878074964.08
2026-04-27,PAL,52.875072,33102,168306998565.04
2026-04-27,PAO,1.383602,358,13865837.70
2026-04-27,PAU,62.774035,3845,10528033845.58
2026-04-27,PBE,3.885522,11,35836082.94
2026-04-27,PBF,1.854115,2,2525735497.18
2026-04-27,PBH,1.424372,12,3401014469.18
2026-04-27,PBI,2.038186,316,98029378.63
2026-04-27,PBK,54.917407,139,134571480.89
2026-04-27,PBN,1.364017,960,491745058.43
2026-04-27,PBR,3.821028,32823,13159158518.59
2026-04-27,PBS,64.533874,22,355605523.09
2026-04-27,PBY,2.922269,56,223564567.99
2026-04-27,PCE,1.157970,210,223635734.87
2026-04-27,PCH,3.596548,57,879201025.25
2026-04-27,PCN,60.534117,13,521389370.91
2026-04-27,PCS,4.288333,39,35805607224.02
2026-04-27,PDC,0.696397,13,1022424793.72
2026-04-27,PDD,5.368840,197,969214810.39
2026-04-27,PDE,1.192616,13,12272958719.52
2026-04-27,PDF,55.957919,61,460678824.95
2026-04-27,PDG,0.169084,12,835446970.79
2026-04-27,PDH,16.086595,79,5400712714.47
2026-04-27,PDS,0.288948,43,706343696.91
2026-04-27,PEA,1.477236,97,73294864.26
2026-04-27,PFO,2.243088,325,76827944.49
2026-04-27,PFS,2.663503,105,20672162.52
2026-04-27,PGD,1.576253,101,140493461.74
2026-04-27,PGE,13.306906,46,5373759903.99
2026-04-27,PGH,7.208501,12,9562767397.40
2026-04-27,PGS,1.233361,537,197720830.41
2026-04-27,PHB,1.550223,13,543901907.39
2026-04-27,PHE,2.828884,89020,37206764736.82
2026-04-27,PHF,0.923589,12,271550368.23
2026-04-27,PHI,1.501930,120,68607445.78
2026-04-27,PHK,1.454870,213,73485071.52
2026-04-27,PHN,575.545919,15,14150953853.13
2026-04-27,PHS,4.182586,20,376884773.42
2026-04-27,PHY,8.372514,46,1152999509.84
2026-04-27,PID,1.681704,90,52021856.14
2026-04-27,PIL,3.966444,8209,530182674.59
2026-04-27,PIP,1.487335,473,43993377352.05
2026-04-27,PIR,1.700408,1297,211674666.88
2026-04-27,PIS,1.271822,291,1598718184.07
2026-04-27,PJL,4.601885,3421,1440479768.81
2026-04-27,PJP,46.278700,15,369936844.29
2026-04-27,PKD,0.858246,55,13956948.52
2026-04-27,PKF,4.766020,1748,616883527.05
2026-04-27,PKH,0.886143,11,96901127.22
2026-04-27,PKL,2.226046,15,7648358592.10
2026-04-27,PKN,1.905879,15,251736565.80
2026-04-27,PKP,1.109922,67,428390362.05
2026-04-27,PKR,1.383428,160,620145741.15
2026-04-27,PKT,1.406607,692,9169603069.47
2026-04-27,PKU,7.040466,46,5941333862.12
2026-04-27,PKV,1.787081,3704,17766482172.96
2026-04-27,PKZ,7.765540,13,47418614383.70
2026-04-27,PLA,1.119065,114,2674642.87
2026-04-27,PLR,1.473246,754,602996025.91
2026-04-27,PLS,25.465977,8,900950787.24
2026-04-27,PMG,1.582391,1,1384087945.11
2026-04-27,PMH,0.016094,44,15403519.95
2026-04-27,PMP,1.225849,809,49675776.39
2026-04-27,PNU,1.061919,1298,6872410605.77
2026-04-27,PO7,0.940838,44,2688599323.58
2026-04-27,PO8,3.623879,51,425000011.39
2026-04-27,PO9,0.863205,154,13465921.60
2026-04-27,POB,4.942194,46,5100691750.04
2026-04-27,POD,63.728674,1425,4656745814.68
2026-04-27,POF,7.310339,46,6691982892.73
2026-04-27,POH,1.113617,4,1905822268.70
2026-04-27,POI,0.103649,43,259559162.37
2026-04-27,POS,1.186498,563,58755338.24
2026-04-27,POU,2.399846,75,6777016815.88
2026-04-27,PP1,1.682058,376,46598812.87
2026-04-27,PPB,10.226658,1857,411360112.93
2026-04-27,PPD,33.609060,104,2090618134.61
2026-04-27,PPE,58.252760,76,772037171.50
2026-04-27,PPF,4.583303,22,492986190.72
2026-04-27,PPG,1.289006,998,882398223.84
2026-04-27,PPH,1.667546,3546,110531169.13
2026-04-27,PPI,2.025832,3141,7716450330.37
2026-04-27,PPJ,1.630199,6546,57294554535.43
2026-04-27,PPK,1.991034,2757,5453271356.88
2026-04-27,PPM,1.940456,211,292145602.35
2026-04-27,PPN,5.081908,15064,12487870957.71
2026-04-27,PPO,1.538975,45,94167929.69
2026-04-27,PPP,2.762145,392,4386571395.19
2026-04-27,PPS,4.118278,6060,2064454459.35
2026-04-27,PPT,2.859382,3666,2005208562.84
2026-04-27,PPU,2.244152,45,299878441.31
2026-04-27,PPV,1.015037,31,110173491.88
2026-04-27,PPZ,5.821083,8023,13116052026.59
2026-04-27,PRD,2.054858,639,414520219.21
2026-04-27,PRF,59.029417,2,162038997.21
2026-04-27,PRH,1.935027,384,627262401.03
2026-04-27,PRR,1.180512,118,467012823.57
2026-04-27,PRU,3.160533,1549,3020283054.45
2026-04-27,PRV,1.187841,83,2514209481.30
2026-04-27,PRY,2.730206,37908,77836472701.58
2026-04-27,PRZ,0.000000,0,12707.20
2026-04-27,PSD,49.997823,1,2547997328.09
2026-04-27,PSE,1.619429,6471,19143983034.75
2026-04-27,PSG,8.724366,15,144170495.49
2026-04-27,PSH,1.020896,108,15301638.67
2026-04-27,PSL,7.757212,53,703085790.66
2026-04-27,PSO,0.414221,1,847607268.44
2026-04-27,PSR,6.386451,46,161012666.98
2026-04-27,PSS,5.326284,11,356780365.20
2026-04-27,PST,0.029210,51,359041371.61
2026-04-27,PTC,61.172484,16,975379170.62
2026-04-27,PTE,1.500825,4646,42928084328.64
2026-04-27,PTF,1.312140,386,1100423593.65
2026-04-27,PTG,59.630181,1,116219223.13
2026-04-27,PTL,1.649872,754,540816859.38
2026-04-27,PTN,1.632351,1081,759167269.15
2026-04-27,PTO,1.442211,509,288725305.01
2026-04-27,PTP,1.058166,166,21002000.13
2026-04-27,PTS,1.413324,629,8141265448.21
2026-04-27,PUA,9.020182,1,4485480934.38
2026-04-27,PUC,6.508368,797,1255501166.62
2026-04-27,PUH,1.528079,26,354887937.77
2026-04-27,PUR,9.221770,41452,125581895798.40
2026-04-27,PUT,7.363777,1,6463829995.74
2026-04-27,PUV,53.044799,1,1132497608.27
2026-04-27,PUZ,9.145786,2,147436031.17
2026-04-27,PVK,5.136529,8605,37772753029.27
2026-04-27,PYB,1.652007,337,944082206.00
2026-04-27,PYD,0.768810,45,140335314.23
2026-04-27,PYF,9.372767,10,779788490.19
2026-04-27,PYH,7.372487,11,5386007276.89
2026-04-27,PYI,4.148133,45,1563528989.01
2026-04-27,PYL,8.693919,33,399305385.95
2026-04-27,PYR,2.132479,1788,158941082.11
2026-04-27,PYS,55.328473,49,1326312133.14
2026-04-27,RAF,3.561993,12,188548837.05
2026-04-27,RAI,1.959035,1,5113802426.67
2026-04-27,RAN,54.092723,1,1005137663.19
2026-04-27,RAV,1.341734,12,986821110.31
2026-04-27,RAY,3.654482,1,1596253846.26
2026-04-27,RBA,21.997857,6531,2354838707.84
2026-04-27,RBB,1.478153,45,41536842.90
2026-04-27,RBE,3.773942,16,2648882866.96
2026-04-27,RBF,1.646940,90,24223124.57
2026-04-27,RBH,31.356352,5212,996626147.27
2026-04-27,RBI,53.771095,128,196110066.16
2026-04-27,RBK,8.044281,1100,46767419.73
2026-04-27,RBL,1.608015,854,387571796.23
2026-04-27,RBN,1.488114,200,42534310.98
2026-04-27,RBP,1.982711,714,2380443126.63
2026-04-27,RBR,2.862465,114,31805834.66
2026-04-27,RBT,5.797494,1791,610449152.00
2026-04-27,RBV,6.143425,15591,5784432794.75
2026-04-27,RCL,57.110394,1,153342037.15
2026-04-27,RCS,5.634068,1,2586933.23
2026-04-27,RCV,1.582521,89,116789938.72
2026-04-27,RD1,1.748574,168,61993468.41
2026-04-27,RDF,1.554976,1177,205676740.50
2026-04-27,RDH,4.301833,18,1841581835.73
2026-04-27,RDK,1.311617,2,608635.07
2026-04-27,RDS,0.000000,0,43.85
2026-04-27,RDT,0.980886,55,72730183.74
2026-04-27,RDZ,46.608253,108,615127750.30
2026-04-27,RE7,1.083488,12,183297185.10
2026-04-27,RE8,3.157098,12,1198153120.69
2026-04-27,RGD,1.032667,157,31417857.07
2026-04-27,RGH,1.060185,29,39027633.34
2026-04-27,RHD,1.820010,12,141287772.05
2026-04-27,RHI,1.571868,576,100441626.16
2026-04-27,RHS,7.369779,1799,804761970.94
2026-04-27,RIA,1.251674,80,161552730.17
2026-04-27,RIH,6.969342,658,219072931.86
2026-04-27,RIK,5.398968,6839,1467465719.43
2026-04-27,RJG,3.474743,652,133699294.96
2026-04-27,RKC,1.574115,440,99564217.17
2026-04-27,RKH,0.991906,88,8620544.21
2026-04-27,RKL,3.004636,1,2351434837.97
2026-04-27,RKS,1.889191,132,125447961.09
2026-04-27,RKV,2.307045,255,528519369.29
2026-04-27,RLH,1.535746,26,251407339.45
2026-04-27,RO1,1.142043,24,180813786.77
2026-04-27,ROD,51.886035,849,3034552092.23
2026-04-27,ROF,3.214107,1185,561012886.13
2026-04-27,ROS,0.000000,0,0.39
2026-04-27,ROY,1.243594,11,138553516.99
2026-04-27,RPC,4.832740,564,27227513.19
2026-04-27,RPD,13.201499,2247,303217444.74
2026-04-27,RPE,0.000000,0,0.03
2026-04-27,RPG,6.211080,1682,1425154495.56
2026-04-27,RPI,1.352471,335,16266038.50
2026-04-27,RPK,59.683296,5,116067656.95
2026-04-27,RPL,1.541718,12,112219315.52
2026-04-27,RPM,3.760298,2884,63339865.05
2026-04-27,RPN,5.065612,23,805731755.99
2026-04-27,RPO,6.737885,3,1637192654.42
2026-04-27,RPP,4.382216,8562,5966294746.53
2026-04-27,RPS,59.950847,112,205768994.07
2026-04-27,RPT,4.570080,204,1118670333.86
2026-04-27,RPU,3.263298,12,2353279567.58
2026-04-27,RPX,58.575557,146,1542181600.84
2026-04-27,RRA,1.327321,235,3098452521.88
2026-04-27,RRP,1.458962,75,164629939.81
2026-04-27,RS1,1.422588,124,554725713.89
2026-04-27,RSF,3.894073,13,990754834.89
2026-04-27,RSK,1.601956,167,182529300.42
2026-04-27,RSY,0.982294,11,144833077.79
2026-04-27,RSZ,5.921774,25,1308924905.20
2026-04-27,RTA,1.717130,15,3153541739.80
2026-04-27,RTB,2.384344,11,350886280.55
2026-04-27,RTD,1.738919,226,21259419.68
2026-04-27,RTG,4.970725,4110,180918131.29
2026-04-27,RTH,6.233305,324,29669909.52
2026-04-27,RTI,2.994727,51,32447700535.13
2026-04-27,RTP,12.183033,2318,480979415.23
2026-04-27,RUH,2.577779,17,88915697.85
2026-04-27,RUT,2.144718,3805,120096847.61
2026-04-27,RVI,1.308066,11,19645895.65
2026-04-27,RVS,2.735949,20,4251838820.26
2026-04-27,RYA,1.184774,1,356174550.80
2026-04-27,RYB,46.373192,11,4638942.27
2026-04-27,RYD,1.491010,13,329476081.06
2026-04-27,RYF,15.540973,32,491717730.43
2026-04-27,RYU,45.525504,47,253960106.09
2026-04-27,RZR,4.682746,2,16568670.60
2026-04-27,SAP,1.636676,343,207690028.00
2026-04-27,SAR,49.160095,9,833942165.52
2026-04-27,SAS,1.709862,47177,1520229052.59
2026-04-27,SAT,297.160365,4,2363204654.00
2026-04-27,SBH,1.951393,1194,339013678.12
2026-04-27,SBI,4.259798,15,40239531.21
2026-04-27,SBR,1.334562,25,15386144.13
2026-04-27,SBS,66.825386,1,228849881.87
2026-04-27,SCZ,1.392258,189,82179821.38
2026-04-27,SDA,46.738315,1074,5951534427.30
2026-04-27,SEH,1.144464,46,54853713.72
2026-04-27,SER,54.076176,795,6586490740.31
2026-04-27,SFA,17.836184,16,891400222.91
2026-04-27,SFS,1.308322,82,29845141.29
2026-04-27,SGT,1.438652,830,229701223.52
2026-04-27,SHE,3.698960,724,58196658.07
2026-04-27,SHI,2.719004,47,1800615486.61
2026-04-27,SHU,1.429656,18,223720078.00
2026-04-27,SIS,1.651607,11,55021569.07
2026-04-27,SJP,57.947743,29,299609592.32
2026-04-27,SKL,1.799055,825,208736170.49
2026-04-27,SKO,1.684018,5313,317811105.83
2026-04-27,SKS,47.217635,3,1180440882.09
2026-04-27,SKT,0.104109,2050,41159844.22
2026-04-27,SKZ,0.911830,1680,248987440.87
2026-04-27,SLF,10.006996,7001,1203723035.84
2026-04-27,SLG,1.343444,946,434443975.63
2026-04-27,SLR,0.317533,5,1205577008.94
2026-04-27,SLS,0.990866,12,597172.87
2026-04-27,SMP,1.028886,1,1440440824.70
2026-04-27,SNY,2.558966,686,932814632.05
2026-04-27,SOS,1.339781,159,9849455.94
2026-04-27,SPA,63.099781,207,2899682488.49
2026-04-27,SPD,76.188231,1,322603825.64
2026-04-27,SPE,99.115990,1161,3609302217.97
2026-04-27,SPN,8.994488,499,2539843844.72
2026-04-27,SPP,1.400027,148,230436112.26
2026-04-27,SPR,1.220949,168,15335798.72
2026-04-27,SPT,1.983583,923,99346311.77
2026-04-27,SRA,20.104144,1,4005886113.57
2026-04-27,SRE,59.466321,1,930719101.63
2026-04-27,SRL,1.453155,310,19006730.36
2026-04-27,SRO,24.546143,6,6842357059.74
2026-04-27,SSD,51.724094,1,534445767.80
2026-04-27,SSE,0.004066,11,127553788.68
2026-04-27,SSF,1.007356,15,1303163.20
2026-04-27,SSK,1.469659,499,35816035.66
2026-04-27,SSN,54.919386,4,716613902.67
2026-04-27,SSO,13.118004,1,6688582216.00
2026-04-27,SSS,1.424505,4913,276543739.58
2026-04-27,SST,1.463233,22,8633824.02
2026-04-27,ST1,193.910058,3157,707714440.94
2026-04-27,STI,1.225267,91,130291119.78
2026-04-27,STM,4.713922,12,562611.25
2026-04-27,STS,80.148950,27,403872159.72
2026-04-27,STZ,24.734450,85,566522465.05
2026-04-27,SUA,0.533830,1375,2584394076.00
2026-04-27,SUB,0.393722,841,113560208.87
2026-04-27,SUC,20.182376,518,443873387.19
2026-04-27,SUR,1.198173,105,191734983.25
2026-04-27,SVB,9.163914,1606,289661911.56
2026-04-27,SVS,2.542037,1,1652905859.36
2026-04-27,SVY,1.606503,2,3405528099.32
2026-04-27,SYF,306.526189,6,2400648741.33
2026-04-27,SYL,4072.623166,1,1127326528.01
2026-04-27,SYR,48.296522,22,309872370.83
2026-04-27,SYS,45.951901,123,1658294528.25
2026-04-27,T3B,0.141699,25,10862453535.13
2026-04-27,TAL,2.831690,824,38870609.11
2026-04-27,TAO,19.376858,1,1024191634.25
2026-04-27,TAR,2.279731,6726,116818515.12
2026-04-27,TAU,0.687652,38696,2628873197.61
2026-04-27,TAZ,2.341186,2,1103913788.43
2026-04-27,TB9,49.541614,11352,41117182194.73
2026-04-27,TBP,0.259979,209,443366604.67
2026-04-27,TBT,50.339601,2794,417462560.51
2026-04-27,TBV,0.365010,8345,1321456002.30
2026-04-27,TCA,0.818451,51161,15979853306.71
2026-04-27,TCB,0.207401,4945,3836832548.23
2026-04-27,TCC,0.077172,326,353751295.03
2026-04-27,TCD,45.908373,12608,1466336631.87
2026-04-27,TCF,4.064923,3365,5396734636.81
2026-04-27,TCG,1.342471,1,190170537.15
2026-04-27,TCH,2.048956,74,280666159.62
2026-04-27,TCI,10.185228,17,1318447066.24
2026-04-27,TCS,41.578207,45,1442483867.17
2026-04-27,TDG,0.496659,2143,660153166.01
2026-04-27,TDP,55.642499,44,303792851.89
2026-04-27,TE3,38.494909,3320,1298810610.90
2026-04-27,TE4,5.844894,1731,2384819828.12
2026-04-27,TEJ,2.242132,1121,552440671.57
2026-04-27,TFE,2.519368,108,31688541.60
2026-04-27,TFF,35.431842,8605,1179827057.08
2026-04-27,TFU,1.166035,3027,781276556.13
2026-04-27,TGA,0.457400,6825,841497398.60
2026-04-27,TGE,0.277784,41819,3470090588.64
2026-04-27,TGN,1.280237,1993,2479182185.89
2026-04-27,TGR,6.422110,5981,117997412.32
2026-04-27,TGT,0.106894,62250,3291495599.95
2026-04-27,TGV,17.673601,13,11244946002.38
2026-04-27,TGZ,5.434485,11,989658765.67
2026-04-27,THD,2.725636,214,9145817.58
2026-04-27,THF,2.180864,8194,1189944781.04
2026-04-27,THG,6.356477,189,165783705.44
2026-04-27,THH,139.624275,1,1781396590.02
2026-04-27,THO,46.956248,12,2243210241.13
2026-04-27,THS,59.029274,1,387300157.73
2026-04-27,THT,0.233403,360,8558445.78
2026-04-27,THV,80.298985,21,3621045491.82
2026-04-27,TI1,1474.711832,228085,176967270030.83
2026-04-27,TI2,0.132154,22813,4243442970.15
2026-04-27,TI3,0.124493,24830,2504649996.61
2026-04-27,TI4,0.059510,15958,2280669534.27
2026-04-27,TI6,0.049577,4866,721172125.48
2026-04-27,TI7,72.826071,10652,1345060543.62
2026-04-27,TIE,0.758477,17917,1994954939.44
2026-04-27,TIL,1.369141,1681,97264745.89
2026-04-27,TIP,46.555407,29,156388085.47
2026-04-27,TIV,47.279824,112925,19708399530.68
2026-04-27,TJB,9.454379,1,772445749.94
2026-04-27,TJF,5.165441,584,60607375.40
2026-04-27,TJI,6.128961,916,722972504.07
2026-04-27,TJL,20.549909,4,1397209736.64
2026-04-27,TJT,63.558819,2001,2366246137.85
2026-04-27,TKF,64.943674,4640,1036166973.81
2026-04-27,TKH,2.198322,1,448997570.16
2026-04-27,TKK,1.706398,114640,1819168280.32
2026-04-27,TKM,0.190466,499087,61485067518.45
2026-04-27,TLE,26.525642,998,561573735.27
2026-04-27,TLH,31.102067,443,145458022.62
2026-04-27,TLK,1.565504,931,2667024539.31
2026-04-27,TLT,65.706321,1,372138851.13
2026-04-27,TLU,49.671458,547,10012364470.29
2026-04-27,TLV,1.203665,8392,5756914446.95
2026-04-27,TLY,5118.660651,83626,119830394925.62
2026-04-27,TLZ,17.621058,806,57411485.92
2026-04-27,TMC,0.149286,11068,100478973.74
2026-04-27,TMG,1.245410,32817,4471454749.07
2026-04-27,TMH,0.000000,12,0.00
2026-04-27,TMM,65.350023,1198,823932500.07
2026-04-27,TMR,7.060556,1,8996031357.85
2026-04-27,TMS,1.842048,88,329006171.06
2026-04-27,TMU,1.294461,101,108307328.87
2026-04-27,TMV,5.177313,1600,5998105660.52
2026-04-27,TMZ,1.835549,2519,48814514.67
2026-04-27,TNA,1.590442,1,5427307209.94
2026-04-27,TNB,47.288839,87,716791506.52
2026-04-27,TND,1.331410,391,173503048.38
2026-04-27,TNF,3.749341,3,4758424777.29
2026-04-27,TNH,12.273360,2,111626291.44
2026-04-27,TNI,10.085952,3662,10457666104.37
2026-04-27,TNK,30.056328,75512,3426457141.39
2026-04-27,TNS,10.771853,30,401053146.73
2026-04-27,TO8,53.053171,99,750251575.73
2026-04-27,TOK,55.604761,7352,23606744748.35
2026-04-27,TOT,845.477486,792,112665793.29
2026-04-27,TP1,63.095986,1,355841109.32
2026-04-27,TP2,1.870506,97411,131857558122.52
2026-04-27,TPC,13.613332,17503,8008256276.87
2026-04-27,TPE,0.506817,34,2302162122.84
2026-04-27,TPF,9.860593,594,164049435.00
2026-04-27,TPJ,72.346581,1612,2461953941.78
2026-04-27,TPL,19.674080,1426,687518489.01
2026-04-27,TPO,0.163905,3,96627756.71
2026-04-27,TPP,68.026436,407,1502703964.27
2026-04-27,TPR,0.496907,2,303058483.35
2026-04-27,TPV,10.261347,39,6453083.89
2026-04-27,TPZ,26.253061,1545,138038727.84
2026-04-27,TRJ,1.867957,3253,2166894349.89
2026-04-27,TRN,1.270885,1,2324605101.63
2026-04-27,TRO,2.533056,474,35028614.97
2026-04-27,TRR,5.693260,503,2882804046.10
2026-04-27,TRU,1.406228,271,278054129.67
2026-04-27,TSI,0.184395,78308,20277575352.58
2026-04-27,TSP,65.262038,5,1601319159.21
2026-04-27,TTA,0.631965,221477,29227040753.85
2026-04-27,TTE,1.432733,38706,2894386260.09
2026-04-27,TTL,35.834736,392,252044654.65
2026-04-27,TTP,47.816919,109,838414342.43
2026-04-27,TTS,65.055167,1,2022337847.55
2026-04-27,TTV,7.816757,23,2435468852.06
2026-04-27,TTZ,3.555722,9,303632491.47
2026-04-27,TUA,1.476307,34929,18109678378.33
2026-04-27,TVE,1.162773,272,147591190.79
2026-04-27,TVN,2.487258,548,7576146.96
2026-04-27,TYH,2.126995,7031,1900654071.07
2026-04-27,TZC,0.297527,1136,30304750.94
2026-04-27,TZD,2.406579,8009,938912738.07
2026-04-27,TZH,7.775279,1,55972209608.02
2026-04-27,TZL,0.122071,176202,70843036835.58
2026-04-27,TZP,12.453566,14,988709952.08
2026-04-27,TZT,0.154962,6043,323854253.72
2026-04-27,TZV,843.207246,132982,21908277271.24
2026-04-27,UAB,4.996491,2,455419198.62
2026-04-27,UAP,65.238469,1,428385143.67
2026-04-27,UCN,2.111870,2,1150821212.97
2026-04-27,UCP,1.171087,28,13663856209.38
2026-04-27,UFH,67.823709,1,249340232.28
2026-04-27,UHL,68.174032,1,2435432759.90
2026-04-27,UHS,6.704009,13,360755714.24
2026-04-27,ULH,6.346620,269,1264215547.80
2026-04-27,ULL,65.867135,3,269857322.25
2026-04-27,UNT,1.383631,228,99557748.90
2026-04-27,UP1,6.269081,1652,1313965392.35
2026-04-27,UP2,3.722003,264,2072449686.57
2026-04-27,UPD,20.449402,293,2643275020.93
2026-04-27,UPH,31.219792,592,199891620.35
2026-04-27,UPP,6.223915,1018,3024553388.43
2026-04-27,UPS,4.677899,1,540387131.52
2026-04-27,URA,1.988746,11553,944016161.83
2026-04-27,URC,52.267203,181,200428886.89
2026-04-27,URD,46.043839,12,10265141933.96
2026-04-27,URG,70.565812,1,529437788.92
2026-04-27,URM,46.245777,1,8784524.13
2026-04-27,URS,3.576707,1,937416056.98
2026-04-27,URV,3.678172,2,9877361355.98
2026-04-27,USS,3.387527,1,3672196601.41
2026-04-27,UST,3.705391,1,1737232018.19
2026-04-27,USY,0.237057,481,1265569964.22
2026-04-27,UYH,4.514161,12,874954395.85
2026-04-27,UZY,2.516821,16,78753.85
2026-04-27,VAY,1.611319,3292,47131481.21
2026-04-27,VCD,5.599659,12,61598217.12
2026-04-27,VCG,5.063069,20,1755263991.79
2026-04-27,VCY,3.296390,12206,150589570.66
2026-04-27,VFK,4.861890,5471,3065298800.03
2026-04-27,VFS,1.833665,1,5905674.99
2026-04-27,VK6,3.670931,154528,66418401748.86
2026-04-27,VKI,2.762676,581,2090402368.75
2026-04-27,VKT,0.108195,45131,4275949175.62
2026-04-27,VMV,2.463386,150,6937427499.75
2026-04-27,VNK,2.340859,468,7797003939.73
2026-04-27,VPP,48.206747,442,1378093172.94
2026-04-27,VPS,1.457972,13299,5744207358.94
2026-04-27,VRK,1.210258,151,24629227.84
2026-04-27,VTF,2.158514,1,412692860.24
2026-04-27,YA1,1.259699,19,726433603.29
2026-04-27,YAC,13.872008,10415,5564441134.40
2026-04-27,YAE,1.059869,897,296280719.33
2026-04-27,YAK,4.839630,109708,1110216366.14
2026-04-27,YAN,13.177505,3713,1786572632.55
2026-04-27,YAR,26.618659,1,745322462.39
2026-04-27,YAS,15.243818,70865,7544903515.12
2026-04-27,YAY,1523.195748,37237,10628884299.43
2026-04-27,YBE,1.697498,14320,5337652945.73
2026-04-27,YBH,49.611551,664,750405372.32
2026-04-27,YBJ,54.590950,1,1805073996.86
2026-04-27,YBP,11.529422,56,868087535.15
2026-04-27,YBR,51.697217,2362,5303396368.56
2026-04-27,YBS,0.128819,11248,1766012351.79
2026-04-27,YCG,56.763730,4,189034857.93
2026-04-27,YCH,2.421336,135,119305846.05
2026-04-27,YCK,4.093227,41,485177559.63
2026-04-27,YCL,10.747699,12,386299623.71
2026-04-27,YCP,9.165405,2279,1264900840.31
2026-04-27,YCY,3.675600,268,249010666.33
2026-04-27,YDI,0.452036,7510,1219324457.07
2026-04-27,YDK,0.106660,48795,135064012.34
2026-04-27,YDL,55.328740,8,1153892979.85
2026-04-27,YDM,1.598337,2,1108148499.87
2026-04-27,YDP,2.057869,2400,365574166.04
2026-04-27,YDZ,50.819160,3117,12462421487.81
2026-04-27,YEF,0.961833,13803,2024356681.45
2026-04-27,YFV,0.096230,7417,914726285.47
2026-04-27,YGM,3.209382,2492,646840986.84
2026-04-27,YHB,2.236339,7689,302686447.87
2026-04-27,YHI,1.472390,277,65881594.48
2026-04-27,YHK,1.863441,5651,990455253.78
2026-04-27,YHP,4.091530,1,1718442662.28
2026-04-27,YHS,25.602159,8713,3843080914.41
2026-04-27,YHT,0.369755,86470,2084366092.57
2026-04-27,YHY,1.245129,16,1567835.01
2026-04-27,YHZ,7.999754,13856,910137707.52
2026-04-27,YIK,1.357023,1449,26067990363.83
2026-04-27,YIS,1.258214,1,931417312.81
2026-04-27,YIT,2.386798,6393,791253267.66
2026-04-27,YIV,3.399662,2,4629514217.22
2026-04-27,YJA,62.673449,4,375221740.00
2026-04-27,YJH,3.758119,3831,190436903.02
2026-04-27,YJK,4.922323,9588,686466749.50
2026-04-27,YJU,61.995905,1,412744369.77
2026-04-27,YJY,53.623807,8336,67517069455.65
2026-04-27,YKS,0.319567,380,192674183.32
2026-04-27,YKT,0.893941,94200,36565446820.84
2026-04-27,YLB,1.610544,334644,67539060440.00
2026-04-27,YLC,3.672009,1469,80620543.87
2026-04-27,YLE,8.632291,2489,322393249.45
2026-04-27,YLO,4.972281,4911,223990751.95
2026-04-27,YLR,12.716094,4,62283.43
2026-04-27,YLY,2.444951,577,39457375.32
2026-04-27,YLZ,3.737434,13,2101158330.41
2026-04-27,YMD,52.483364,1323,6025089902.16
2026-04-27,YMH,1.435674,356,478499168.88
2026-04-27,YMP,1.013809,7,32277454.27
2026-04-27,YNK,45.168135,1173,17434977587.91
2026-04-27,YNL,51.981073,1,206984993.49
2026-04-27,YOA,83.111295,142,1810889810.01
2026-04-27,YOS,53.079707,228,999451768.75
2026-04-27,YOT,36.426751,10175,1997175918.89
2026-04-27,YOZ,45.829756,1259,25571623362.54
2026-04-27,YP1,61.652467,3,217473407.07
2026-04-27,YP2,68.413632,1,1271751131.62
2026-04-27,YP4,50.498783,30373,137879340408.76
2026-04-27,YPC,4.857184,2355,42226200.58
2026-04-27,YPD,63.828769,2,93742823.08
2026-04-27,YPF,9.115743,457,1147133845.24
2026-04-27,YPI,52.548902,68,2003659557.36
2026-04-27,YPK,13.398476,272,219975273.29
2026-04-27,YPL,68.301596,1626,13015418121.16
2026-04-27,YPN,62.705158,97,1787513038.49
2026-04-27,YPP,24.229621,1,4532364027.05
2026-04-27,YPR,1.622836,284,200542875.45
2026-04-27,YPT,3.656326,18824,106109055294.80
2026-04-27,YPU,61.705932,1732,3752311304.37
2026-04-27,YPV,7.613833,3624,6618953209.76
2026-04-27,YRZ,45.422904,159,749820176.34
2026-04-27,YSA,45.690300,198,185370571.07
2026-04-27,YSL,41.872237,422,711576046.47
2026-04-27,YSO,1.229585,192,62145607.00
2026-04-27,YSU,0.161229,6400,250065411.59
2026-04-27,YTC,62.563321,120,311798137.61
2026-04-27,YTD,0.806171,15175,1596489684.01
2026-04-27,YTJ,65.441428,1,1149716893.27
2026-04-27,YTO,50.562919,4,668093052.88
2026-04-27,YTR,74.906042,2,580177104.29
2026-04-27,YTV,2.836221,2399,218808459.58
2026-04-27,YTY,55.549636,20560,100607987644.58
2026-04-27,YUB,5.514204,673,566505272.11
2026-04-27,YUD,70.744460,2,242710445.84
2026-04-27,YUI,1.872895,8,1206884927.04
2026-04-27,YUK,47.091732,149,1288981752.86
2026-04-27,YUN,53.779270,480,2755410958.92
2026-04-27,YUY,1.029909,2,1019982109.45
2026-04-27,YVB,1.266869,722,108749338.58
2026-04-27,YVD,3.917586,82752,42320124335.06
2026-04-27,YVF,69.293254,4,903263275.94
2026-04-27,YVG,59.369314,1222,5855675404.10
2026-04-27,YVO,65.734181,2,689067489.32
2026-04-27,YVS,70.432569,6,406939098.22
2026-04-27,YZC,4.227958,12691,550020797.00
2026-04-27,YZF,90.203189,1,451015946.59
2026-04-27,YZG,14.431765,69777,13578942656.68
2026-04-27,YZH,11.818379,6394,1162428607.41
2026-04-27,YZK,7.369698,209,206706322.78
2026-04-27,YZL,4.920187,74,617388834.22
2026-04-27,ZA2,1.775591,2397,13789850049.84
2026-04-27,ZAD,43.755781,28,11148447.86
2026-04-27,ZAV,54.064190,4862,66573131454.81
2026-04-27,ZAY,5.757196,3745,1743639151.65
2026-04-27,ZBD,656.829969,2219,920064694.52
2026-04-27,ZBI,2.046632,1785,229025737.29
2026-04-27,ZBJ,4.567244,19650,38226740340.83
2026-04-27,ZBN,23.949803,184,128051238.64
2026-04-27,ZBO,2.943313,256,414928692.13
2026-04-27,ZBZ,62.749362,1,329423794.88
2026-04-27,ZCA,7.607993,1,57330776.37
2026-04-27,ZCB,68.495927,3,73834225.25
2026-04-27,ZCC,74.109386,2,391584584.89
2026-04-27,ZCD,4.415646,626,1431531885.41
2026-04-27,ZCE,4.137277,1,11616373085.13
2026-04-27,ZCF,3.732758,1,1720794862.65
2026-04-27,ZCG,5.889065,162,559209759.95
2026-04-27,ZCH,2.410509,1,4960815649.76
2026-04-27,ZCK,1.627166,1963,379374697.49
2026-04-27,ZCN,3.872234,7769,643259025.42
2026-04-27,ZDD,6.868591,1463,482748918.86
2026-04-27,ZDK,15.099004,1,3163815.10
2026-04-27,ZDZ,12.487575,9436,1069318885.69
2026-04-27,ZFB,6.542576,16142,816488552.09
2026-04-27,ZFZ,64.555061,3,20749746305.69
2026-04-27,ZHH,1.409651,1144,108334984.60
2026-04-27,ZJB,11.876919,2241,11382328451.46
2026-04-27,ZJH,57.394624,1,194338138.59
2026-04-27,ZJI,12.398597,2270,8929915022.74
2026-04-27,ZJL,13.996719,2945,409005116.03
2026-04-27,ZJR,6.685253,1,1298155466.64
2026-04-27,ZJT,63.305780,1,1259243259.03
2026-04-27,ZJV,10.440551,1465,684994138.13
2026-04-27,ZK1,47.029867,121,2121003673.12
2026-04-27,ZK2,54.763301,74,1891787625.83
2026-04-27,ZKK,23.598308,1,2210291927.02
2026-04-27,ZLB,47.162174,62,569977268.79
2026-04-27,ZLG,60.068458,1,1011121059.50
2026-04-27,ZLH,11.294112,3705,454835364.68
2026-04-27,ZMT,58.606366,301,1357815551.92
2026-04-27,ZMU,0.192489,13,20318034.87
2026-04-27,ZMY,6.103879,2893,182869774.75
2026-04-27,ZNF,51.644763,1,1893045669.03
2026-04-27,ZOS,1.717900,11,526573273.21
2026-04-27,ZP1,58.967623,2,59789513.59
2026-04-27,ZP2,5.097789,1,545689715.53
2026-04-27,ZP3,4.134973,1,60317522.67
2026-04-27,ZP6,54.371797,1626,7102862448.32
2026-04-27,ZP7,63.318347,1,1582958663.58
2026-04-27,ZP8,3.603619,5001,55525870735.94
2026-04-27,ZP9,57.059246,842,1751775926.42
2026-04-27,ZPA,62.205947,885,4002773290.73
2026-04-27,ZPC,18.635449,2990,3117722522.34
2026-04-27,ZPE,32.928519,6763,1216761394.76
2026-04-27,ZPF,21.502984,3386,795136317.14
2026-04-27,ZPG,9.534366,5715,1320865199.92
2026-04-27,ZPH,1.337965,63,184580342.53
2026-04-27,ZPJ,11.348576,406,144691092.06
2026-04-27,ZPK,7.480516,27401,16567125056.88
2026-04-27,ZPN,67.027980,1,1899961390.81
2026-04-27,ZPR,1.360503,912,25474319482.12
2026-04-27,ZR2,1.265572,1,2537214490.82
2026-04-27,ZR3,0.745330,187,231220017.94
2026-04-27,ZSB,9.632105,18,2661573990.58
2026-04-27,ZSF,51.576716,1756,43047268.39
2026-04-27,ZSG,4.116862,1009,50330692.35
2026-04-27,ZSK,54.767600,1,577755349.19
2026-04-27,ZSN,52.293084,2,2851840300.94
2026-04-27,ZTF,6.696239,1,1840542230.37
2026-04-27,ZTG,1.180152,832,32266187.37
2026-04-27,ZUD,3.916086,1,813565278.29
2026-04-27,ZUE,4.623871,1,5828929942.25
2026-04-27,ZUS,46.984365,3369,68306112677.26
2026-04-27,ZVB,85.012261,11,226718095.00
2026-04-27,ZVO,3.640480,406,874143088.07
2026-04-27,ZYC,4.343653,1,7965332798.64
2026-04-27,ZYD,4.345032,1,8013056137.55
2026-04-28,AAK,35.458623,756,35245870.82
2026-04-28,AAL,3.176329,4831,3036348386.97
2026-04-28,AAS,11.392708,160,24353907.92
2026-04-28,AAV,62.686413,2294,303430759.61
2026-04-28,ABG,62.627039,159,7733921949.44
2026-04-28,ABJ,0.919611,3,1229834723.15
2026-04-28,ABU,0.093949,37,54500518.70
2026-04-28,AC1,2.862031,165,280661100.37
2026-04-28,AC2,3.588870,48,8895796859.15
2026-04-28,AC3,66.452376,14,138922811.04
2026-04-28,AC4,3.514002,3584,1571399361.63
2026-04-28,AC5,3.420361,180,52520939.76
2026-04-28,AC6,55.809544,111,77692298.87
2026-04-28,AC7,11.820239,45,6387479391.31
2026-04-28,AC8,198.561784,97,2450134664.28
2026-04-28,ACC,44.779645,1458,192323513.06
2026-04-28,ACD,5.564436,1566,320910269.88
2026-04-28,ACN,11.736135,15,614574829.61
2026-04-28,ACU,52.713215,160,1346592665.69
2026-04-28,ADE,0.868617,27065,1039678214.93
2026-04-28,ADP,1.345131,22516,4205874211.78
2026-04-28,AED,110.455981,813,42820944.99
2026-04-28,AES,0.170325,36102,1767200212.89
2026-04-28,AEV,1.944802,401,11121704.84
2026-04-28,AFA,1.099314,46035,5421100025.91
2026-04-28,AFO,1.346751,87354,23039013192.29
2026-04-28,AFS,0.300446,26891,762725508.34
2026-04-28,AFT,0.918900,143765,25567006822.62
2026-04-28,AFV,0.535226,15639,1176310324.25
2026-04-28,AGC,8.667415,2480,99135374.92
2026-04-28,AHH,9.590345,15,204951513.20
2026-04-28,AHI,37.728080,2666,146903409.77
2026-04-28,AHN,66.175035,101,28552476.04
2026-04-28,AHU,10.147412,604,214147404.42
2026-04-28,AHV,19.748066,153,117251692.00
2026-04-28,AHZ,26.972456,12,632150206.21
2026-04-28,AI1,1.109957,19,65396605.45
2026-04-28,AIH,18.215817,4,175668862.33
2026-04-28,AII,89.551908,3,366356856.46
2026-04-28,AIM,24.534199,1,53049979.39
2026-04-28,AIR,153.294171,1,1342509573.77
2026-04-28,AIS,0.095072,12657,13199895761.06
2026-04-28,AJ1,1.206537,104,31656009.95
2026-04-28,AJE,58.738624,1020,3657559314.65
2026-04-28,AJK,60.115737,131,135438650.47
2026-04-28,AJL,59.734690,1480,5381404903.61
2026-04-28,AJN,58.009759,355,562760040.49
2026-04-28,AK2,0.507194,9475,213613235.28
2026-04-28,AK3,53.539916,21248,8593473878.69
2026-04-28,AKE,0.491721,13912,1053334608.03
2026-04-28,AKU,0.960716,17232,1590463380.37
2026-04-28,AL4,3.540957,12,1127957767.18
2026-04-28,AL5,50.389327,2462,15024898407.82
2026-04-28,AL6,3.462463,12,4939525272.53
2026-04-28,AL7,3.346731,107,7743589004.35
2026-04-28,ALC,0.371059,26653,2050339854.37
2026-04-28,ALE,11.967514,134423,70549293256.04
2026-04-28,AN1,97.330623,2568,1046431524.90
2026-04-28,ANL,33.181549,4138,646532702.47
2026-04-28,ANZ,20.402733,182,267696858.63
2026-04-28,AOJ,1.552767,248,24562808.61
2026-04-28,AOY,0.366229,36474,1021370096.00
2026-04-28,AP2,3.665847,35,1052194441.17
2026-04-28,AP4,1.341349,11,334288658.52
2026-04-28,AP5,1.031100,12,1058518.94
2026-04-28,AP6,8.613523,46,1038780496.03
2026-04-28,AP7,2.323249,540,176822862.47
2026-04-28,APJ,6.974432,3175,102149001.01
2026-04-28,APP,32.341532,2,207487163.78
2026-04-28,APT,0.147934,13538,310914254.62
2026-04-28,ARE,0.221359,1668,36024648.84
2026-04-28,ARF,7.879026,1,711869181.67
2026-04-28,ARL,14.990960,7900,4232467243.00
2026-04-28,ARM,17.779346,5630,3354591466.94
2026-04-28,ARP,41.361275,1,3125423247.71
2026-04-28,AS1,44.811544,41,6549117.49
2026-04-28,AS3,0.741935,16,167564646.06
2026-04-28,ASJ,3.863802,850,73004395.38
2026-04-28,ATJ,22.284092,11,1066683812.94
2026-04-28,AU1,1.186801,621,58741851.50
2026-04-28,AUT,8.974343,152,2635800.36
2026-04-28,AUV,46.510588,619,774539757.92
2026-04-28,AVC,144.179461,11,243049804.65
2026-04-28,AVT,200.899350,19663,3433669239.39
2026-04-28,AVZ,96.306449,1,221742709.63
2026-04-28,AY6,1.311639,11,102651781.54
2026-04-28,AY7,1.485602,12,210560372.82
2026-04-28,AYA,19.232478,10401,1255831479.24
2026-04-28,AYR,0.124182,13185,1607482088.36
2026-04-28,AZF,0.163655,4,544178685.02
2026-04-28,AZJ,18.210651,40,660391139.19
2026-04-28,AZV,25.040293,4,4212949371.33
2026-04-28,AZZ,59.042960,7,27012626354.48
2026-04-28,BA1,1.402233,25,281339498.07
2026-04-28,BAC,7.154706,11,5399645239.24
2026-04-28,BAG,0.906983,66,49477742.99
2026-04-28,BAL,46.498225,1,1021765490.17
2026-04-28,BAO,3.331563,4,153319819.52
2026-04-28,BAS,50.248796,1,1437657454.66
2026-04-28,BBF,3.197400,1116,176014779.38
2026-04-28,BBI,1.620279,11,1101669.48
2026-04-28,BBN,0.657756,13,1513208870.54
2026-04-28,BBO,2.533599,12,839605563.08
2026-04-28,BBP,2.047407,798,36049203.32
2026-04-28,BBS,1.391784,780,1105285936.48
2026-04-28,BCC,64.079400,2,2577487703.46
2026-04-28,BCK,1.821673,1860,111638104.97
2026-04-28,BCO,1.728982,460,48300583.40
2026-04-28,BDA,53.405360,443,1143205328.75
2026-04-28,BDC,9.123106,40,394725404.67
2026-04-28,BDI,0.639563,74,521497560.05
2026-04-28,BDO,2.833434,11,4755349755.19
2026-04-28,BDS,2.449808,12357,533214225.13
2026-04-28,BDY,1.608605,2461,104262202.38
2026-04-28,BFE,1.757107,64,9244194.53
2026-04-28,BFO,49.953772,1,3528422817.32
2026-04-28,BFS,1.032835,51,6324414.62
2026-04-28,BFT,1.193700,586,254799267.52
2026-04-28,BGH,2.101019,1,987540794.46
2026-04-28,BGP,5.778312,30966,62766652527.90
2026-04-28,BHA,1.586638,883,104312197.59
2026-04-28,BHE,1.969466,82,41752738.50
2026-04-28,BHF,3.003681,2551,335962870.94
2026-04-28,BHH,0.648754,74,1151531164.52
2026-04-28,BHI,2.081676,362,658810195.98
2026-04-28,BHL,1.233504,784,60947707.45
2026-04-28,BHO,1.119724,1,1042815192.92
2026-04-28,BI5,2.309092,11,207923997.97
2026-04-28,BIA,0.230523,12,590184.29
2026-04-28,BID,3.412663,2256,292712490.61
2026-04-28,BIG,1.382505,3781,578846997.45
2026-04-28,BIH,7.509574,410,749021583.69
2026-04-28,BIK,1.447844,14,3363368454.65
2026-04-28,BIO,2.489459,12043,1119423540.52
2026-04-28,BIP,1.445448,194,3839128832.03
2026-04-28,BIS,1.629307,76,808745811.78
2026-04-28,BIY,1.277225,333,79632490.40
2026-04-28,BJD,49.571967,76,1628445991.80
2026-04-28,BKO,1.133486,1,3057472907.46
2026-04-28,BKY,46.040580,575,2086993246.06
2026-04-28,BLA,7.446077,15,6957914095.48
2026-04-28,BLD,1.476580,750,474473794.52
2026-04-28,BLT,1.761420,3058,382666582.25
2026-04-28,BMU,1.301154,12,1082605860.25
2026-04-28,BNC,1.992370,255,712984187.58
2026-04-28,BNH,1.297112,202,133340374.85
2026-04-28,BOH,0.942972,11,236280227.90
2026-04-28,BOL,1.555580,258,42011669.30
2026-04-28,BON,1.244868,334,25534073.06
2026-04-28,BOP,45.928298,9,1125437431.57
2026-04-28,BOS,1.467627,1385,2453813998.73
2026-04-28,BP5,1.554386,15,414763331.38
2026-04-28,BPD,49.613033,11,136357899.06
2026-04-28,BPZ,1.385793,418,455566083.85
2026-04-28,BRB,1.420875,11,937551275.26
2026-04-28,BRC,1.214658,39,127119577.84
2026-04-28,BRF,1.484733,1124,110651735.82
2026-04-28,BRG,4.528212,1622,1789726131.72
2026-04-28,BRH,5.652597,15,4557241046.71
2026-04-28,BRR,1.467993,276,384203308.26
2026-04-28,BRT,1.320936,487,37571679.29
2026-04-28,BRZ,51.041429,5,1598496474.06
2026-04-28,BS1,1.165033,137,7339950.19
2026-04-28,BSA,0.422130,1,860943928.22
2026-04-28,BSD,1.109191,97,274922485.23
2026-04-28,BSE,0.879610,66,615472155.08
2026-04-28,BSF,1.349727,1,7630687051.98
2026-04-28,BSH,1.078276,162,8598147.30
2026-04-28,BSM,1.464896,2072,1513029920.36
2026-04-28,BSN,1.472200,14,41630724.70
2026-04-28,BST,10.130784,698,60584824.13
2026-04-28,BTE,4.086614,948,214225861.30
2026-04-28,BTJ,1.245996,79,27816215.80
2026-04-28,BTK,1.337375,384,124472023.20
2026-04-28,BTP,0.511434,15,50672572.04
2026-04-28,BTY,54.795737,3,774702124.36
2026-04-28,BTZ,1.272124,206,8365081.69
2026-04-28,BUB,1.041479,41,3448424.11
2026-04-28,BUC,1.050369,23,257466950.30
2026-04-28,BUP,3.747527,1,12572116194.21
2026-04-28,BUT,1.739714,4,206603800.13
2026-04-28,BUV,1.366904,473,64670239.67
2026-04-28,BUY,1.833364,18262,413370023.22
2026-04-28,BV1,1.536636,796,147640212.74
2026-04-28,BVB,4.060557,1,4365111435.21
2026-04-28,BVC,3.858908,1,6256610969.53
2026-04-28,BVD,1.200381,343,218282440.56
2026-04-28,BVF,1.245247,545,1135555293.75
2026-04-28,BVH,1.813699,14,116923401.77
2026-04-28,BVI,2.997844,31,318026154.81
2026-04-28,BVK,1.034275,38,22918666.36
2026-04-28,BVM,1.280347,164,11159000.32
2026-04-28,BVT,5.101569,10,19204841.86
2026-04-28,BVV,2.874017,525,106385582.16
2026-04-28,BVZ,3.972931,756,2435377531.18
2026-04-28,BYZ,2.221014,42,182464796.30
2026-04-28,CAH,1.361625,369,55731622.59
2026-04-28,CBD,2.581266,15,246230789.22
2026-04-28,CBN,48.726114,6,626523204.68
2026-04-28,CBO,308.651698,3,2233173434.04
2026-04-28,CEY,61.876728,3,205086393.60
2026-04-28,CFO,2.224722,501,2865352939.76
2026-04-28,CGD,54.187204,2,599827095.11
2026-04-28,CHY,0.626625,42,140672464.42
2026-04-28,CIN,1.599845,538,38211921.23
2026-04-28,CJD,47.792465,29,48098719.58
2026-04-28,CJF,61.016800,3,1851520878.41
2026-04-28,CJG,61.404232,1,1860163473.22
2026-04-28,CJH,58.468845,1812,3214254878.94
2026-04-28,CKF,1.862507,1715,539972146.66
2026-04-28,CKL,1.418036,839,373799148.54
2026-04-28,CKS,56.990106,2451,6039579037.30
2026-04-28,COT,55.988160,197,516293696.34
2026-04-28,CPT,3.353707,8882,538224129.73
2026-04-28,CPU,3.162527,12745,1007507519.50
2026-04-28,CRL,45.553015,3,979389811.99
2026-04-28,CSD,60.092641,1,626210325.39
2026-04-28,CSH,3.707645,55,5514911506.98
2026-04-28,CTF,8.701911,1,325203979.99
2026-04-28,CTG,7.116759,1,15417062.43
2026-04-28,CTM,5.971093,1,15419582.32
2026-04-28,CTP,58.143624,1,526308527.46
2026-04-28,CTV,10.159978,4,192437824.44
2026-04-28,CVA,3.701718,1,8554564784.74
2026-04-28,CVB,3.818569,5,1806625484.10
2026-04-28,CVC,2.600101,2,652952294.86
2026-04-28,CVD,59.450917,2,1015694662.05
2026-04-28,CVE,2.459456,1,270594869.39
2026-04-28,CVF,4.196396,1,867743785.79
2026-04-28,CVK,4.664209,2081,626263673.96
2026-04-28,CVL,1.227627,101,28136877.24
2026-04-28,CYD,54.552162,382,1297542058.56
2026-04-28,DA1,46.221061,48,31043589.66
2026-04-28,DAC,67.843931,1,522044121.31
2026-04-28,DAE,3.621889,1,1820327369.71
2026-04-28,DAH,3.753775,2914,772039714.06
2026-04-28,DAI,89.518999,4,342904405.49
2026-04-28,DAL,66.533312,1,577187255.88
2026-04-28,DAS,51.182265,26773,133666301642.69
2026-04-28,DAT,90.710290,6,406179996.54
2026-04-28,DAV,54.716870,138,1037909264.16
2026-04-28,DAZ,12.292630,4,325197215.65
2026-04-28,DB2,1.853302,18,122996896.88
2026-04-28,DBA,0.751671,27489,11485663344.65
2026-04-28,DBB,0.102512,1979,332342159.25
2026-04-28,DBG,0.578609,3,2380358403.50
2026-04-28,DBH,0.353954,9204,1007787529.75
2026-04-28,DBK,0.107543,85955,685604424.98
2026-04-28,DBP,0.460439,1110,160410578.17
2026-04-28,DBZ,0.124730,3054,775187377.15
2026-04-28,DCB,4.209757,22400,133007961610.94
2026-04-28,DCD,62.112238,1,266791565.40
2026-04-28,DCE,68.055951,3,1184132654.30
2026-04-28,DCN,1.275417,1088,148093394.18
2026-04-28,DCP,69.864503,3,249030762.07
2026-04-28,DDA,13.554730,1230,250013985.67
2026-04-28,DDC,11.005547,11,3691927694.22
2026-04-28,DDE,71.159229,1,392448344.04
2026-04-28,DDF,11.105517,652,280705770.05
2026-04-28,DDP,68.899701,1,72071980.59
2026-04-28,DEF,2.557641,96,68595362.10
2026-04-28,DEI,0.034830,13,4137358.65
2026-04-28,DFC,3.118227,1683,129075774.57
2026-04-28,DFD,2.585147,536,157672537.96
2026-04-28,DFI,3.751477,40047,18212754870.64
2026-04-28,DFO,3.454274,2,1021655585.57
2026-04-28,DGF,1.285002,223,26550794.75
2026-04-28,DGH,9.494936,233,1134326236.44
2026-04-28,DHI,5.091771,46,764892785.25
2026-04-28,DHJ,7.135008,3025,227448095.81
2026-04-28,DHM,5.137965,1293,29985066.99
2026-04-28,DHP,3.963669,1,7481397.75
2026-04-28,DHS,345.565345,1,4563307177.99
2026-04-28,DHT,1.048852,556,72917328.92
2026-04-28,DHV,2.187579,11,318292493.75
2026-04-28,DID,1.367633,184,36604852.02
2026-04-28,DIH,1.721304,11,129196964.20
2026-04-28,DIM,48.904754,1,111870016.53
2026-04-28,DIP,1.391160,1250,48622098281.82
2026-04-28,DK1,1.321609,66,4208655741.79
2026-04-28,DK8,45.174166,313,1748887037.85
2026-04-28,DKA,45.101719,239,2299232926.95
2026-04-28,DKC,0.662771,13,207782.58
2026-04-28,DKH,3.613903,1538,212339035.98
2026-04-28,DKL,47.235216,110,418964933.90
2026-04-28,DKP,45.081335,644,3960846134.98
2026-04-28,DKR,0.723828,556,55170830.53
2026-04-28,DKS,67.384656,2,216165259.49
2026-04-28,DKY,45.018186,231,2557774718.41
2026-04-28,DL2,2.194279,720,9778785469.23
2026-04-28,DLD,7.328388,626,80332130.25
2026-04-28,DLG,1.174051,44,4456497.67
2026-04-28,DLN,1.906096,12,30538504.21
2026-04-28,DLY,5.382790,313634,73190293994.26
2026-04-28,DLZ,1.304379,13,160989.02
2026-04-28,DMG,7.437645,16569,3682984488.87
2026-04-28,DMR,54.127979,1,16047275144.03
2026-04-28,DMV,65.587252,2,315236339.95
2026-04-28,DMZ,59.735518,5,595903363.59
2026-04-28,DNA,9.377528,5,1866347953.04
2026-04-28,DNF,1.189564,100,23770150.33
2026-04-28,DNH,1.173443,76,19138883.22
2026-04-28,DNK,1.704478,212,16072430.59
2026-04-28,DNL,51.851322,1,206612273.12
2026-04-28,DNM,48.540052,1209,1741417116.83
2026-04-28,DNP,1.270102,265,1421281011.74
2026-04-28,DNU,44.875375,16,36897206.67
2026-04-28,DOC,44.957867,178,4603636666.83
2026-04-28,DOD,64.044250,24,15461327350.11
2026-04-28,DOH,2.070460,5482,959301069.01
2026-04-28,DOL,48.982594,383,3480377623.60
2026-04-28,DOR,66.432109,1,478492211.47
2026-04-28,DOS,65.374039,2,3081165128.66
2026-04-28,DOV,57.132484,17782,71312882189.35
2026-04-28,DP1,17.809190,7,5068082993.78
2026-04-28,DP2,62.618786,11,337997296.76
2026-04-28,DP3,65.060398,4,265043177.70
2026-04-28,DP4,68.123998,3,510895309.51
2026-04-28,DP5,76.807248,1,1663404897.96
2026-04-28,DP6,44.957445,215,1814990991.08
2026-04-28,DP7,56.819745,3,511478961.48
2026-04-28,DP8,45.331889,50,376847576.81
2026-04-28,DP9,45.021430,155,5690215577.70
2026-04-28,DPB,22.792755,3849,20772877050.87
2026-04-28,DPC,92.396403,1,318247862.10
2026-04-28,DPE,21.087779,1,1380335964.01
2026-04-28,DPG,93.580985,2,536611426.29
2026-04-28,DPI,7.945147,111,263962294.65
2026-04-28,DPK,7.711002,1312,828820561.92
2026-04-28,DPL,95.943579,1,2480293488.24
2026-04-28,DPN,56.394556,1,2212922.38
2026-04-28,DPP,156.590655,2,211386735.78
2026-04-28,DPT,17.405820,5504,342928872.29
2026-04-28,DPZ,76.593262,1,115473686.24
2026-04-28,DRA,1.200982,16,48683954.37
2026-04-28,DRD,53.082786,153,1663958865.68
2026-04-28,DRH,1.071071,69,148502729.69
2026-04-28,DRS,69.966647,3,232447041.92
2026-04-28,DRT,1.109360,353,19793105.77
2026-04-28,DSC,62.351324,1,926547406.97
2026-04-28,DSD,67.397664,1669,5765653689.22
2026-04-28,DSH,2.018971,101,24648615.62
2026-04-28,DSP,13.605256,1092,140264910.19
2026-04-28,DSV,45.864627,48,1214268340.16
2026-04-28,DTH,1.251357,123,174074255.92
2026-04-28,DTL,3.909168,3752,164832143.30
2026-04-28,DTM,1.369638,3158,67758042.89
2026-04-28,DTO,45.000532,159,112121255.01
2026-04-28,DTP,1.836139,4,1663487014.45
2026-04-28,DTV,63.754927,4,3846090427.23
2026-04-28,DTZ,4.602795,6331,273703757.22
2026-04-28,DUC,0.656120,12,227254.37
2026-04-28,DUD,48.275463,264,322880778.40
2026-04-28,DUH,1.178327,79,5168620.05
2026-04-28,DUT,45.208379,258,834993343.27
2026-04-28,DUV,1.211536,217,71290467.81
2026-04-28,DVC,63.807914,1,52641528.84
2026-04-28,DVI,72.540432,2,183012182.20
2026-04-28,DVN,60.588994,1,290193288.73
2026-04-28,DVO,4.743164,1,30392234.02
2026-04-28,DVS,1.391996,315,260399913.19
2026-04-28,DVT,8.358360,10799,743020045.00
2026-04-28,DVU,7.667827,5,1380397510.21
2026-04-28,DVZ,61.882073,1,1300238633.66
2026-04-28,DXP,1.828341,1179,54266575.23
2026-04-28,DYJ,45.145985,156,1063977783.61
2026-04-28,DYN,4.341669,1680,58247318.67
2026-04-28,DYS,1.492477,13,17328835.85
2026-04-28,DZ2,1.416938,2,12250674649.05
2026-04-28,DZE,1.011520,3029,259006489.09
2026-04-28,DZM,80.874239,4837,19881873564.99
2026-04-28,DZP,56.513814,2,440129584.52
2026-04-28,DZS,1.404850,157,62494347.40
2026-04-28,EBD,0.229468,395,46141463.91
2026-04-28,EBI,53.303179,30,585848946.00
2026-04-28,EBS,45.550636,32,3316316912.11
2026-04-28,EC2,87.763649,2580,89962549.98
2026-04-28,ECA,1.708422,390,161784864.16
2026-04-28,ECB,47.379329,3203,842497430.50
2026-04-28,ECV,0.435971,2396,97415749.29
2026-04-28,EDD,1.052407,13,10610162.44
2026-04-28,EDP,1.028451,34,52437759.93
2026-04-28,EDT,1.998528,627,964304463.92
2026-04-28,EDU,3.299650,663,441240653.22
2026-04-28,EES,55.153292,1,461160224.89
2026-04-28,EGP,53.989042,50,246953543.69
2026-04-28,EHS,2.886474,3,681031694.21
2026-04-28,EIB,0.580907,450,281961389.38
2026-04-28,EID,1.845061,2192,119766495.07
2026-04-28,EIL,4.652190,1917,1365147479.56
2026-04-28,EJG,9.587360,1,655959553.54
2026-04-28,EKF,0.125046,5409,1849312960.04
2026-04-28,EKL,1.618441,1450,22999077210.15
2026-04-28,ELZ,13.796784,786,563218089.14
2026-04-28,EME,1.203309,26,41582057.11
2026-04-28,EML,1.177296,784,43104364.10
2026-04-28,ENA,1.053824,15,10927513.48
2026-04-28,ENJ,1.354423,742,49874339.29
2026-04-28,ENO,45.079416,10,45120888.63
2026-04-28,ENR,1.064696,35,13424645.19
2026-04-28,ENS,1.086537,14,11127277.58
2026-04-28,EPA,1.218820,87,435016845.48
2026-04-28,EPI,1.158174,187,273761324.41
2026-04-28,EPK,1.426185,2056,280176188.60
2026-04-28,EPO,57.633454,1,425910940.19
2026-04-28,EPP,1.303882,40,1703041670.62
2026-04-28,EPT,1.180295,55,918471749.86
2026-04-28,ESG,4.209620,83,117588586.29
2026-04-28,ESN,1.640083,12,63239343.28
2026-04-28,ESP,0.520529,378,63280230.11
2026-04-28,EUN,59.801935,3603,6435352512.19
2026-04-28,EUZ,59.269068,39787,138387196664.04
2026-04-28,EVM,1.086212,610,45817363.03
2026-04-28,EYT,2.799934,631,87530469.15
2026-04-28,EZM,42.152551,1,4215255.13
2026-04-28,FAK,1.372290,451,34030838.03
2026-04-28,FAL,1.257313,935,345876877.07
2026-04-28,FBC,2.267421,5915,195056313.06
2026-04-28,FBI,49.262016,5462,20089066747.74
2026-04-28,FBN,10.332117,15,15985697.14
2026-04-28,FBV,7.173257,2331,672010819.06
2026-04-28,FBZ,4.152589,381,188689586.30
2026-04-28,FCK,1.942875,869,344724324.66
2026-04-28,FCS,2.046681,177,1506474918.99
2026-04-28,FD1,1.822654,176,30508907.77
2026-04-28,FDE,45.026696,895,4179377955.21
2026-04-28,FDG,2.693079,1502,313081063.02
2026-04-28,FDO,57.230226,1,271120355.15
2026-04-28,FDV,5.229027,1,1307256680.61
2026-04-28,FDY,45.158326,890,3884521353.19
2026-04-28,FDZ,0.303405,12,230326037.03
2026-04-28,FFD,0.045232,355,227220152.80
2026-04-28,FFF,62.520689,1,1051743531.69
2026-04-28,FFH,7.920270,1963,1263130440.81
2026-04-28,FFO,58.133302,7,104747721.88
2026-04-28,FFP,7.357556,2831,2553118270.78
2026-04-28,FHI,1.501288,11,235299397.48
2026-04-28,FHP,3.001527,45,9981507503.88
2026-04-28,FHZ,62.403084,3,723283379.96
2026-04-28,FI3,730.261297,9865,1836718621.37
2026-04-28,FI5,657.096514,51873,92511855931.45
2026-04-28,FIB,0.512898,13633,6213027971.03
2026-04-28,FID,1.009094,1817,972239915.39
2026-04-28,FIL,0.328994,19030,12513171968.48
2026-04-28,FIT,0.215329,607,216131659.47
2026-04-28,FJB,6.450111,838,393368179.47
2026-04-28,FJC,55.642882,88,1265095563.60
2026-04-28,FJM,53.671777,1744,8678286968.31
2026-04-28,FJN,53.476527,1261,5488445541.07
2026-04-28,FJZ,61.718880,890,1715843607.87
2026-04-28,FKE,56.050528,12702,49768253932.87
2026-04-28,FKH,45.549183,2132,12498240447.10
2026-04-28,FKV,45.164210,488,2221175861.07
2026-04-28,FLS,57.892942,2086,3063292447.81
2026-04-28,FLY,1.615618,1616,118022286.12
2026-04-28,FMG,3.691753,12874,14405827676.97
2026-04-28,FMS,53.722173,1,629716375.71
2026-04-28,FMV,1.259742,23,138507688.06
2026-04-28,FNE,2.737881,1,1067335.54
2026-04-28,FNN,0.000000,1,0.00
2026-04-28,FNO,0.190290,8570,15590506804.75
2026-04-28,FNT,2.028925,2141,597267535.65
2026-04-28,FP4,1.264399,120,93524052.80
2026-04-28,FPE,70.932200,1431,318955573.75
2026-04-28,FPG,2.416300,2548,1309501127.98
2026-04-28,FPH,34.134218,4850,1534227410.18
2026-04-28,FPI,2.343399,169,112250388.93
2026-04-28,FPK,0.087655,1164,280031639.35
2026-04-28,FPR,11.235835,21,173970419.99
2026-04-28,FPZ,64.208184,19559,133013988510.18
2026-04-28,FR1,1.477138,21,562267345.99
2026-04-28,FRA,32.782903,2,535876610.48
2026-04-28,FRC,1.767221,398,91080873.54
2026-04-28,FRZ,15.515093,2,277730144.65
2026-04-28,FS1,1.783051,296,216825954.78
2026-04-28,FS2,2.062229,28,16218274.88
2026-04-28,FS3,1.917780,22,1630653793.12
2026-04-28,FS4,8.728876,21,4481203285.01
2026-04-28,FS5,2.521556,9,22170176.08
2026-04-28,FS6,1.577366,388,116796676.84
2026-04-28,FSF,6.112996,7242,11289826797.69
2026-04-28,FSG,3.760589,848,1045904934.95
2026-04-28,FSH,4.157789,473,338377123.40
2026-04-28,FSK,5.420406,2576,6431154036.45
2026-04-28,FSM,8.056105,21,1081117356.20
2026-04-28,FSP,37.243833,23,473145.66
2026-04-28,FSR,44.938290,2538,8822732057.62
2026-04-28,FSU,1.324971,7279,928610162.47
2026-04-28,FSV,52.949169,876,5365339276.34
2026-04-28,FTL,1.356204,212,390349383.53
2026-04-28,FTM,52.330923,14,1697818128.11
2026-04-28,FTY,44.993144,1253,7526003156.83
2026-04-28,FUA,5.445278,5051,343984432.29
2026-04-28,FUB,0.705278,2285,1416498165.65
2026-04-28,FUM,58.770727,2,422622176.84
2026-04-28,FUN,1.475396,11,18103971.23
2026-04-28,FUP,102.649709,2,450393253.26
2026-04-28,FVL,4.376692,54,1442044464.19
2026-04-28,FYA,0.054395,159,1809430098.54
2026-04-28,FYB,93.639992,9,186947094.75
2026-04-28,FYD,11.989513,5921,3751545465.85
2026-04-28,FYF,0.099761,11,34987065.01
2026-04-28,FYG,15.606565,2,89772802.77
2026-04-28,FYH,82.570139,26,967814096.01
2026-04-28,FYI,9.114720,196,40864869.71
2026-04-28,FYM,0.410411,15,321635645.32
2026-04-28,FYO,1.051777,1290,982892411.97
2026-04-28,FYT,0.326062,99065,3108139863.13
2026-04-28,FYZ,6.241645,2,270991498.03
2026-04-28,FZJ,5.238823,2353,1273251788.00
2026-04-28,FZP,6.044034,657,1059447791.30
2026-04-28,GA1,1.807586,1551,350646419.49
2026-04-28,GAC,71.084334,1,392931235.41
2026-04-28,GAE,0.465960,15228,1612992142.97
2026-04-28,GAF,1.739452,1801,222014209.14
2026-04-28,GAG,16.789862,227,759147929.55
2026-04-28,GAH,11.568403,3049,436378357.47
2026-04-28,GAJ,59.150918,1,469366557.39
2026-04-28,GAL,364.041713,56891,59492397116.78
2026-04-28,GAN,9.008918,11,24261556.60
2026-04-28,GAS,0.296039,2337,3336964501.63
2026-04-28,GAU,61.384520,5,1987650883.56
2026-04-28,GAV,57.489986,1,226568033.11
2026-04-28,GBC,0.281247,1635,296769010.26
2026-04-28,GBG,0.509274,3336,158198807.40
2026-04-28,GBH,4.216394,2766,2222029772.03
2026-04-28,GBJ,1.546173,2131,665881124.92
2026-04-28,GBL,0.770754,1743,3072935172.29
2026-04-28,GBN,6.091346,462,5672633995.40
2026-04-28,GBP,66.537225,2,3649272005.07
2026-04-28,GBV,11.606050,23183,2436980726.70
2026-04-28,GBZ,3.421726,3558,1598636187.49
2026-04-28,GCA,67.223963,2,778695293.96
2026-04-28,GCC,5.305749,2,1178196720.66
2026-04-28,GCD,3.044475,13,424772994.39
2026-04-28,GCI,60.097758,3,205888668.43
2026-04-28,GCZ,57.568192,1,11209390.47
2026-04-28,GDJ,57.125921,4,462801535.19
2026-04-28,GDP,62.007271,1,1440804051.60
2026-04-28,GEC,71.169264,3,399372304.64
2026-04-28,GEI,102.038276,11,3772148749.22
2026-04-28,GEZ,56.434678,1,374413386.70
2026-04-28,GFB,65.241721,4,398369669.20
2026-04-28,GFD,64.802493,2,115371637.64
2026-04-28,GFI,49.795827,3,1610274506.18
2026-04-28,GFL,10.696408,1,315404193.69
2026-04-28,GFN,73.733572,3,853350778.32
2026-04-28,GFY,64.431597,3,395541769.63
2026-04-28,GGA,62.607949,3,8162182750.04
2026-04-28,GGC,5.272957,5,185254790.27
2026-04-28,GGD,61.279873,2,5847469325.56
2026-04-28,GGK,14.081594,13310,2860650676.18
2026-04-28,GGM,7.486450,1,2562544124.10
2026-04-28,GGN,63.915290,4,445069389.98
2026-04-28,GGP,26.317130,1,182298.76
2026-04-28,GGR,63.317472,3,1511193163.03
2026-04-28,GHS,40.061012,14821,3303835217.91
2026-04-28,GID,1.674235,2289,55477996.74
2026-04-28,GIE,3.685982,5148,94433079.90
2026-04-28,GIH,2.470688,710,19026847.37
2026-04-28,GJA,61.481443,3,876931711.94
2026-04-28,GJB,10.183586,1066,78139899.83
2026-04-28,GJD,59.202569,3,385319859.64
2026-04-28,GJE,58.865979,2,136375579.48
2026-04-28,GJF,59.653318,2,227048222.58
2026-04-28,GJH,3.482475,25838,140013750146.68
2026-04-28,GJM,37.313512,69,428502100.59
2026-04-28,GJO,55.710956,1,544822453.51
2026-04-28,GKE,0.000000,0,0.01
2026-04-28,GKF,4.811791,795,45186802.30
2026-04-28,GKG,1.387728,1341,45942759.70
2026-04-28,GKH,3.975499,1891,5812819612.19
2026-04-28,GKK,61.033925,2,1868712730.09
2026-04-28,GKL,15.219203,4,856068094.03
2026-04-28,GKM,45.333274,14,122563947.59
2026-04-28,GKO,0.000000,0,0.01
2026-04-28,GKV,7.764480,3529,387517422.96
2026-04-28,GL1,1441.879037,997,1261713367.75
2026-04-28,GLC,4.265472,72,16481387.66
2026-04-28,GLG,8.315138,618,66334204.83
2026-04-28,GLM,0.517503,11,260858205.55
2026-04-28,GLP,63.127236,4,517770916.50
2026-04-28,GLS,0.152065,1393,554230251.47
2026-04-28,GLV,8.349328,28,87127632.13
2026-04-28,GMA,1.937280,1557,2513753134.39
2026-04-28,GMC,8.741221,24973,5131521147.70
2026-04-28,GMD,2.561925,120,3055112.97
2026-04-28,GME,26.719674,2,376992664.27
2026-04-28,GMI,1.531997,6215,537381839.99
2026-04-28,GMM,45.060390,27,419940076.73
2026-04-28,GMN,1.209288,32,78680401.07
2026-04-28,GMO,2.969675,4,2377079193.44
2026-04-28,GMP,57.996541,1,1515716400.61
2026-04-28,GMR,1.374734,5114,207685787.56
2026-04-28,GMV,0.000000,0,0.01
2026-04-28,GMZ,12.928445,2,351945728.04
2026-04-28,GNH,1.494492,198,7249196.16
2026-04-28,GNK,64.574848,1,442697521.02
2026-04-28,GNL,56.429020,4,1678559513.20
2026-04-28,GNP,1.307981,5254,1290961749.87
2026-04-28,GNS,1.543235,1453,75981837.49
2026-04-28,GNZ,1.448344,462,1716777.75
2026-04-28,GO1,4.308239,1073,146567685.37
2026-04-28,GO2,4.605539,580,33846022.63
2026-04-28,GO3,4.701135,597,47085136.42
2026-04-28,GO4,5.084248,957,64759909.49
2026-04-28,GO6,3.732971,4275,4968830221.68
2026-04-28,GO9,2.527301,1806,390269540.53
2026-04-28,GOF,47.862417,133,66089765.44
2026-04-28,GOH,16.087916,8960,675940194.84
2026-04-28,GOL,2.847045,13547,5313800752.78
2026-04-28,GOP,1.071925,409,750726941.49
2026-04-28,GP1,3.834262,1,175294290.37
2026-04-28,GP3,57.416399,299,380808066.56
2026-04-28,GPA,21.556958,5658,773961925.28
2026-04-28,GPB,11.119495,9852,1223151130.63
2026-04-28,GPC,67.029302,3961,7450792386.56
2026-04-28,GPF,8.286683,2866,852105706.93
2026-04-28,GPG,14.597541,2761,867671687.87
2026-04-28,GPH,43.299193,1,2538934.78
2026-04-28,GPI,16.900003,3031,748999445.04
2026-04-28,GPJ,53.901453,2,883590233.10
2026-04-28,GPL,49.435702,39243,99624893462.71
2026-04-28,GPM,58.022245,2,1209014051.46
2026-04-28,GPN,1.230121,2122,2127132102.89
2026-04-28,GPT,2.476555,2660,88939065.56
2026-04-28,GPU,19.750460,2717,402768775.86
2026-04-28,GPV,63.163618,1,545118445.64
2026-04-28,GPZ,1.738205,212,8856014802.42
2026-04-28,GRL,1.738956,349,1017436460.97
2026-04-28,GRO,50.332933,27139,186611655749.47
2026-04-28,GRT,1.580422,1444,75513526.77
2026-04-28,GSE,60.006222,106,1456908890.88
2026-04-28,GSG,66.493090,1,82271634.83
2026-04-28,GSL,3.047405,1,294815268.53
2026-04-28,GSO,13.513695,5,309523004.98
2026-04-28,GSP,0.548227,13954,2912119867.72
2026-04-28,GSR,53.072494,2,246424079.38
2026-04-28,GSU,0.000000,0,0.01
2026-04-28,GTA,1.620720,81497,28079651585.98
2026-04-28,GTF,13.641337,574,201597563.46
2026-04-28,GTH,1.335306,397,10261638.10
2026-04-28,GTK,6.350367,1,25588596310.09
2026-04-28,GTL,0.119371,322847,140544141937.61
2026-04-28,GTM,7.884676,14454,1201598699.19
2026-04-28,GTN,48.772334,2,1366236706.96
2026-04-28,GTY,5.796230,655,477755567.33
2026-04-28,GTZ,12.978380,70578,15949904139.85
2026-04-28,GUA,5.462515,1,1867419775.80
2026-04-28,GUB,2.275677,3477,2183786648.38
2026-04-28,GUC,1.293992,1,2801643656.25
2026-04-28,GUH,0.372132,27149,2677449216.18
2026-04-28,GUK,1.565812,3362,1303186370.49
2026-04-28,GUM,13.805142,58637,8097488143.34
2026-04-28,GUV,1.603527,2100,626905416.92
2026-04-28,GVA,4.175703,3452,96783815.48
2026-04-28,GVB,63.302825,3,3323375536.43
2026-04-28,GVC,60.029479,1,284495787.14
2026-04-28,GVD,19.882741,1,439706.81
2026-04-28,GVI,5.476802,5391,1409594326.16
2026-04-28,GVL,62.029597,3,488304058.11
2026-04-28,GVZ,68.681904,2,380041286.09
2026-04-28,GYC,3.680877,1,15108858787.33
2026-04-28,GYG,66.967458,4,498779049.10
2026-04-28,GYK,0.102024,281,73755940.56
2026-04-28,GYL,12.937847,7708,1012185552.91
2026-04-28,GYN,62.949141,1,1297606214.00
2026-04-28,GYR,58.752801,5,565207230.57
2026-04-28,GZB,6.654081,1,1264275440.10
2026-04-28,GZD,57.781315,3,50656763.42
2026-04-28,GZE,7.293581,5304,1902132214.87
2026-04-28,GZG,5.831169,1622,425159344.74
2026-04-28,GZH,5.088450,6439,430997255.69
2026-04-28,GZJ,8.247938,6082,1986650790.48
2026-04-28,GZL,5.228925,6208,346985774.89
2026-04-28,GZM,8.255485,321,120559258.03
2026-04-28,GZN,44.249026,1718,445195689.20
2026-04-28,GZO,65.757627,1,108152752.76
2026-04-28,GZP,7.058517,9804,4255747085.67
2026-04-28,GZR,11.822878,2194,1082343016.27
2026-04-28,GZU,63.173841,2,431455162.47
2026-04-28,GZV,7.973445,1378,95158454.31
2026-04-28,GZY,7.200594,2337,64472049.24
2026-04-28,GZZ,6.539842,1294,61120510.22
2026-04-28,HAE,52.173017,1069,2358784485.58
2026-04-28,HAG,57.716029,47,408949001.32
2026-04-28,HAM,3.145239,8996,1840754059.27
2026-04-28,HAR,1.056247,63,40302575.70
2026-04-28,HAT,1.799739,120,8835808.45
2026-04-28,HB1,46.966715,330,21203710636.12
2026-04-28,HB2,54.489079,188,10777285413.09
2026-04-28,HBF,51.465520,12743,7281826263.02
2026-04-28,HBJ,2.410438,1,241043.75
2026-04-28,HBN,4.066492,1128,528985509.71
2026-04-28,HBU,1.486429,2867,474838924.23
2026-04-28,HBV,16.079005,18,925329549.30
2026-04-28,HCV,1.017312,219,60663782.19
2026-04-28,HDA,2.835517,775,413926501.00
2026-04-28,HDE,54.348650,4390,7984640301.46
2026-04-28,HDH,9267.313504,18,34370019216.17
2026-04-28,HDJ,5.784671,11,14343704.98
2026-04-28,HDK,2.805437,151,12830490.74
2026-04-28,HDS,15.384664,13,1544903311.49
2026-04-28,HDV,61.987951,2209,4313211374.31
2026-04-28,HEH,2.914564,1867,732527896.68
2026-04-28,HFA,2.934660,2,4149112819.61
2026-04-28,HFI,1.654942,158,47145159.58
2026-04-28,HFR,1.510777,784,92583142.70
2026-04-28,HFV,59.401788,3371,8955023687.63
2026-04-28,HFY,1.165118,28,793270061.30
2026-04-28,HGC,49.380630,196,313031565.01
2026-04-28,HGH,1.786827,21,79309099.95
2026-04-28,HGJ,13.507929,11,6037085.13
2026-04-28,HGM,4.016688,2090,157990900.26
2026-04-28,HGR,1.184407,343,55164715.24
2026-04-28,HGT,88.622812,14,3630287631.59
2026-04-28,HGU,4.423833,2,2481852412.85
2026-04-28,HGV,5.350727,553,65178691.62
2026-04-28,HIA,1.382490,349,485965249.05
2026-04-28,HIF,0.639627,23,1111268.02
2026-04-28,HIH,1.429318,6309,364741467.48
2026-04-28,HII,3.091140,1,1018120059.67
2026-04-28,HIM,3.577958,299,416664160.92
2026-04-28,HIP,1.916310,859,1290420972.89
2026-04-28,HIS,3.479931,12,1417170.52
2026-04-28,HIZ,1.929524,1130,182722521.55
2026-04-28,HJA,28.832147,13,3345100286.83
2026-04-28,HJB,4.402167,1832,139638421.20
2026-04-28,HKG,1.411000,999,35289736.22
2026-04-28,HKH,8.506525,16035,1773672597.67
2026-04-28,HKJ,1.224342,2657,12758205081.08
2026-04-28,HKM,4.887955,1591,167146137.74
2026-04-28,HKP,5.558195,125,423536524.79
2026-04-28,HKR,3.991721,1845,1717794857.05
2026-04-28,HKV,524.964202,37364,3784693718.21
2026-04-28,HLA,2.302078,11,51388121.23
2026-04-28,HLL,0.337932,1037933,42594189032.81
2026-04-28,HLR,247.271971,14,5837924817.02
2026-04-28,HMC,7.585708,123,6909381.03
2026-04-28,HME,50.579775,8306,24944798742.77
2026-04-28,HMG,0.060821,4753,1866067893.61
2026-04-28,HMK,304.567654,112,293181392.04
2026-04-28,HML,45.929880,45,20181727.20
2026-04-28,HMS,0.103815,4516,436547437.46
2026-04-28,HMT,6.788157,22,567699418.50
2026-04-28,HMV,19.295983,13,15775369840.04
2026-04-28,HNC,1.388536,109,14591596.44
2026-04-28,HNS,46.633271,109,489573798.32
2026-04-28,HOA,0.220253,3357,1527643525.04
2026-04-28,HOY,0.329453,2618,1230209295.38
2026-04-28,HP3,54.123325,141,305242456.89
2026-04-28,HPC,11.961039,7,34546389274.40
2026-04-28,HPD,0.212726,1564,343617106.18
2026-04-28,HPF,36.846923,12,1589912311.75
2026-04-28,HPH,2.115020,10579,12811625086.67
2026-04-28,HPI,8.095737,14,278607357.96
2026-04-28,HPJ,3.721936,1,73020879.46
2026-04-28,HPL,2.614640,24,1185929120.54
2026-04-28,HPO,0.153128,3049,1296212691.70
2026-04-28,HPT,0.101014,10349,2485800050.55
2026-04-28,HPV,6.923243,341942,8208834297.44
2026-04-28,HPZ,592.661957,16,1198955.14
2026-04-28,HRZ,2.269883,8297,651889923.50
2026-04-28,HSA,1548.314339,2724,4167702991.96
2026-04-28,HSL,365.371636,24340,22570311805.46
2026-04-28,HSP,45.219175,1072,1944745808.27
2026-04-28,HST,0.920657,3904,456606489.35
2026-04-28,HTF,1.280441,534,7527075104.45
2026-04-28,HTJ,1.661486,152,8999808.64
2026-04-28,HTS,52.300825,1796,3158862958.63
2026-04-28,HTZ,15.453580,13,731300066.53
2026-04-28,HUI,86.642073,1,2044723111.81
2026-04-28,HUS,0.003640,12,2071072.39
2026-04-28,HVA,417.676414,17,115552268.41
2026-04-28,HVB,1.770088,13,2032796636.81
2026-04-28,HVC,25.779283,17,70318948.54
2026-04-28,HVI,1.266160,498,49725509.39
2026-04-28,HVK,5.077762,2129,1127157537.84
2026-04-28,HVL,20.450664,11,2871273.18
2026-04-28,HVN,5.406813,12,6136575.60
2026-04-28,HVS,1.592293,10936,2955765576.63
2026-04-28,HVT,4.158289,2108,782852481.20
2026-04-28,HVU,5.371115,906,21523788.88
2026-04-28,HVV,64.798810,1,3285680726.57
2026-04-28,HVZ,6.892577,2071,104773926.53
2026-04-28,HYK,10.232480,24,198045566.75
2026-04-28,HYP,9.097586,60,23208213.64
2026-04-28,HYU,1.595224,299,1017541491.23
2026-04-28,HYV,5.610015,7655,7156026912.02
2026-04-28,HYY,12.495528,1,6166389156.16
2026-04-28,HZV,5.774786,3,945878210.15
2026-04-28,IAC,4.224227,1,2929159217.59
2026-04-28,IAE,1.977137,520,242490825.94
2026-04-28,IAF,0.869521,11,55256200.18
2026-04-28,IAI,6.600932,1,75219799.17
2026-04-28,IAM,1.624708,3140,91663316.25
2026-04-28,IAR,72.828677,28,164199389.43
2026-04-28,IAS,2.180641,17,3529023263.48
2026-04-28,IAT,0.177474,8451,1625111447.92
2026-04-28,IAU,2.386513,299,38624450.63
2026-04-28,IAY,1.525317,221,49411618.69
2026-04-28,IBB,14.220486,8755,1122462375.92
2026-04-28,IBC,17.343966,5,371661999.21
2026-04-28,IBE,22.725699,12,752852300.74
2026-04-28,IBG,1.454658,11,485483416.37
2026-04-28,IBJ,60.742009,23,737917797.44
2026-04-28,IBK,0.121243,122422,210848949.68
2026-04-28,IBM,3.564936,17,245854351.93
2026-04-28,IBP,64.438772,4,4310474894.92
2026-04-28,IBR,0.266272,71,1551554106.01
2026-04-28,ICA,0.561071,3445,725455839.67
2026-04-28,ICC,1.270951,288,30627869.95
2026-04-28,ICD,121.516108,212,41338686.22
2026-04-28,ICE,113.291856,5562,2030350934.28
2026-04-28,ICF,187.130955,552,19946662.77
2026-04-28,ICG,65.618969,1,1167430357.47
2026-04-28,ICH,2.018963,1541,166971076.26
2026-04-28,ICN,3.745665,15,163865251.96
2026-04-28,ICS,47.765268,67,43064066.71
2026-04-28,ICV,5.524381,50,6723105.36
2026-04-28,ICZ,8.194114,22222,974734255.46
2026-04-28,IDD,0.150703,25,31554234.35
2026-04-28,IDF,71.805249,4577,13391459124.22
2026-04-28,IDH,12.608450,22483,1067324225.78
2026-04-28,IDI,1.476160,367,20002130.84
2026-04-28,IDL,5.337712,3686,3071210454.94
2026-04-28,IDO,54.988317,14989,74584126857.68
2026-04-28,IDP,1.957584,29,193640857.34
2026-04-28,IDV,66.184835,2,519987511.99
2026-04-28,IDY,0.214874,3127,621070356.28
2026-04-28,IED,0.997118,944,20597784.36
2026-04-28,IEN,1.285606,135,52606951.81
2026-04-28,IEV,4.852445,3144,57135331.64
2026-04-28,IEZ,6.169086,3,124029002.14
2026-04-28,IFD,56.147346,9,1122946927.55
2026-04-28,IFN,9.634556,482,6209664.19
2026-04-28,IFV,4.147444,211,15631985.45
2026-04-28,IFY,6.810889,1,136217789.17
2026-04-28,IGF,63.269410,2,1337022209.42
2026-04-28,IGL,512.967377,17780,4862719396.10
2026-04-28,IGM,61.809501,3,1180536559.45
2026-04-28,IGZ,10.578487,3,2127741535.33
2026-04-28,IHA,3.215063,393,9609119.27
2026-04-28,IHC,6.727714,337,270984403.66
2026-04-28,IHK,17.326316,33285,2036271998.18
2026-04-28,IHP,1.736452,338,192511421.31
2026-04-28,IHT,3.798665,3720,87801197.51
2026-04-28,IHV,1.918770,32,335080544.42
2026-04-28,IHY,7.277164,1,147030805.23
2026-04-28,IHZ,1.053392,57,1598317.53
2026-04-28,IIA,6.609747,11,2530417421.12
2026-04-28,IIC,3.283773,12,187323463.22
2026-04-28,IIE,8.685653,5330,1170602383.96
2026-04-28,IIF,1.313925,14,437554091.89
2026-04-28,IIH,33.325892,24514,2321532559.42
2026-04-28,IIN,1.236440,85,2365935144.32
2026-04-28,IIP,0.325711,16,39236703.49
2026-04-28,IIS,92.437018,202,3434618502.83
2026-04-28,IJA,13.301667,1350,214860347.43
2026-04-28,IJB,5.870277,7356,196197358.26
2026-04-28,IJC,14.360641,23551,2465140818.10
2026-04-28,IJE,63.459454,4,33993389.29
2026-04-28,IJF,9.851827,2,904217740.32
2026-04-28,IJH,6.685146,471,51578126.40
2026-04-28,IJI,9.820076,26,68025037.84
2026-04-28,IJK,59.675136,3,273971535.39
2026-04-28,IJL,50.687316,12,335407651.64
2026-04-28,IJP,7.949449,13031,571810056.45
2026-04-28,IJT,6.496584,1496,425549530.67
2026-04-28,IJV,4.983747,3116,3198825011.64
2026-04-28,IJZ,10.641588,11519,508474402.01
2026-04-28,IK2,44.731641,96,200375656.36
2026-04-28,IKL,8.711369,5393,202862774.39
2026-04-28,IKP,8.809118,13169,977602106.17
2026-04-28,IKV,1.362347,1099,218796128.48
2026-04-28,ILC,47.564672,223,1330758968.06
2026-04-28,ILE,4.576638,1,10188389256.57
2026-04-28,ILH,3.533233,11003,123204284547.94
2026-04-28,ILI,5.174082,16,453148270.59
2026-04-28,ILM,7.086969,13,308640653.60
2026-04-28,ILP,58.133895,6,2909171975.74
2026-04-28,ILU,1.072948,1,1700154200.04
2026-04-28,ILZ,7.583825,7337,1053161798.17
2026-04-28,IMB,1.236785,231,32503488.05
2026-04-28,IMF,5.306791,19,359640088.98
2026-04-28,IMG,46.453498,144,927353417.10
2026-04-28,IMH,6.248299,1,2204445253.53
2026-04-28,IML,1.696673,6455,1105580978.87
2026-04-28,IMO,5.293879,2,4546372101.94
2026-04-28,IMS,14.595115,4,542552235.71
2026-04-28,IMT,66.414077,4,671278884.93
2026-04-28,IMY,69.318452,6,1488201097.21
2026-04-28,IMZ,69.055996,4,286412990.47
2026-04-28,INH,13.839771,503,358794051.35
2026-04-28,INV,42.606944,1,1815691802.83
2026-04-28,INZ,3.054687,14,6110482.34
2026-04-28,IOG,14.947072,23317,16955810931.47
2026-04-28,IOH,48.882028,30,125168253.80
2026-04-28,IOJ,48.204289,40,172877691.96
2026-04-28,IOL,62.239933,1,890355433.22
2026-04-28,IOM,3.977827,15,599858911.11
2026-04-28,ION,2.643815,15,168836143.26
2026-04-28,IOO,4.075653,6513,29146748621.75
2026-04-28,IOP,5.586263,7367,7109949275.44
2026-04-28,IOT,54.631314,6,245979675.63
2026-04-28,IOV,53.519056,1,530236246.77
2026-04-28,IPA,0.784324,16,748996466.12
2026-04-28,IPB,0.851157,17355,1255323381.72
2026-04-28,IPC,23.489455,1,13506436.79
2026-04-28,IPE,9.192648,3,3829802289.57
2026-04-28,IPF,0.113441,22,142425036.29
2026-04-28,IPG,9.059902,1947,351344426.34
2026-04-28,IPJ,19.147099,18120,1270232072.62
2026-04-28,IPK,49.672588,1,2970322934.59
2026-04-28,IPO,44.432968,1,534371263.54
2026-04-28,IPP,0.167787,187,6455425191.32
2026-04-28,IPR,31.661734,1,19471966.50
2026-04-28,IPU,44.837253,1,5230876278.03
2026-04-28,IPV,73.036745,12330,1975509119.48
2026-04-28,IRB,1.161890,884,870526169.18
2026-04-28,IRE,44.821340,65,113276434.85
2026-04-28,IRF,6.354431,1615,352107361.90
2026-04-28,IRL,16.399997,15,248717400.99
2026-04-28,IRO,1.830525,46,21791056.68
2026-04-28,IRT,6.769901,1493,115413936.00
2026-04-28,IRV,6.270993,40,279812728.65
2026-04-28,IRY,3.524789,2416,2111360538.10
2026-04-28,ISR,18.189915,8,943194941.11
2026-04-28,ISS,0.274772,7,213144119.73
2026-04-28,IST,0.171847,3209,2052622383.03
2026-04-28,ITA,67.692106,1,759595666.08
2026-04-28,ITC,1.257723,350,24875842.06
2026-04-28,ITD,63.366168,1,2344565468.70
2026-04-28,ITJ,10.338872,11,408925728.21
2026-04-28,ITL,3.995645,1,4100602658.17
2026-04-28,ITP,11.182936,10659,932655266.77
2026-04-28,ITR,3.931304,1,1031448568.47
2026-04-28,ITV,45.151053,25,164673747.51
2026-04-28,ITZ,56.177262,3,1746238007.87
2026-04-28,IUA,63.579337,57,434279997.45
2026-04-28,IUB,66.652427,3,320912105.37
2026-04-28,IUC,1.930809,1,937125393.06
2026-04-28,IUF,63.768911,8276,22599634971.28
2026-04-28,IUH,5.368283,659,8911423.53
2026-04-28,IUM,62.515280,1,379815211.89
2026-04-28,IUN,71.032977,4,278585370.17
2026-04-28,IUV,62.769471,7057,23379439516.39
2026-04-28,IUZ,4.211880,1133,1225521086.47
2026-04-28,IV2,18.531227,14,1134833604.84
2026-04-28,IV6,60.481377,1,1513128526.63
2026-04-28,IV7,4.496859,1,491527764.76
2026-04-28,IV8,2.067915,130,29518912.86
2026-04-28,IVA,2.539388,3,126969403.56
2026-04-28,IVF,6.338245,1346,179856169.41
2026-04-28,IVS,5.416601,30,449864047.33
2026-04-28,IVY,5.316158,14916,813257489.53
2026-04-28,IYB,5.753006,517,99740148.52
2026-04-28,IYP,3.043661,2,2333371209.01
2026-04-28,IYR,0.130669,32,217164410.78
2026-04-28,IYS,1.296430,16,5666739325.46
2026-04-28,IYV,1.141142,74,216735192.23
2026-04-28,IZA,2.010422,1,500323046.20
2026-04-28,IZB,9.030759,30,54094953.46
2026-04-28,IZE,60.529582,1,252620997.75
2026-04-28,IZL,48.709620,21,89152882.40
2026-04-28,IZS,8.393234,13,54807816.54
2026-04-28,IZV,9.182621,2,100546536.25
2026-04-28,IZY,45.051908,32,50744261.75
2026-04-28,JET,2.172987,19945,854077926.38
2026-04-28,JOT,54.252121,1,1069288093.17
2026-04-28,JUP,0.503427,56,53754592.52
2026-04-28,KAC,3.468969,2065,16832427708.01
2026-04-28,KAN,6885.126094,36,5025522387.51
2026-04-28,KAV,54.586069,5911,19427776721.67
2026-04-28,KBJ,4.116464,119,770471109.88
2026-04-28,KBP,1.594737,6,376871859.43
2026-04-28,KBZ,48.599409,1,150390482.79
2026-04-28,KCL,1.680869,202,15641332.77
2026-04-28,KCV,4.716592,11707,2149815228.33
2026-04-28,KDE,1.565244,2045,596111497.68
2026-04-28,KDI,53.136622,10,353576075.61
2026-04-28,KDK,14.476366,1,45568516.65
2026-04-28,KDL,49.075672,7282,25587342105.96
2026-04-28,KDO,53.373055,423,1676385579.37
2026-04-28,KDS,50.738288,1370,32791117217.29
2026-04-28,KDT,50.617113,1132,3216087361.21
2026-04-28,KDV,45.259811,165,11577258680.97
2026-04-28,KDZ,45.868364,820,5340857047.71
2026-04-28,KEI,1.723476,1,309567833.13
2026-04-28,KEO,1.608692,1,63450686.41
2026-04-28,KEU,50.181181,34,3979349320.18
2026-04-28,KFZ,3.958694,1,327019499.72
2026-04-28,KGM,3.191939,30899,3725616045.52
2026-04-28,KH1,1.279879,833,88137836.41
2026-04-28,KHA,3.364474,19211,1805161317.29
2026-04-28,KHB,1.514296,216,17720035.43
2026-04-28,KHC,2.129455,1640,117750590.71
2026-04-28,KHD,1.312303,14,658438383.17
2026-04-28,KHF,0.150173,13,1125441.67
2026-04-28,KHJ,1.207177,538,17329581.04
2026-04-28,KHP,1.019429,193,6549373789.81
2026-04-28,KHT,2.794769,355,21344411.01
2026-04-28,KHU,35.491764,1,3390102.34
2026-04-28,KIA,4.452594,425,9351551.61
2026-04-28,KIB,3.933983,1004,11343723.41
2026-04-28,KIE,4.074835,915,195382316.05
2026-04-28,KIH,1.377577,34,53467922.72
2026-04-28,KIK,1.368795,1179,168431564.51
2026-04-28,KIS,0.208697,838,92974530.34
2026-04-28,KJK,0.002113,1,45220053.19
2026-04-28,KKB,59.789673,1,14650921.38
2026-04-28,KKC,54.391688,61,167233825.16
2026-04-28,KKE,48.356046,2,83500253.72
2026-04-28,KKH,6.385716,5515,540226409.90
2026-04-28,KKL,2.167730,1255,2743159787.75
2026-04-28,KKO,45.752608,262,2131996324.18
2026-04-28,KKP,46.330368,319,3764061919.77
2026-04-28,KKT,2.760547,35,1937641978.10
2026-04-28,KLH,2.659871,2383,127769183.05
2026-04-28,KLI,1.158228,96,481336858.73
2026-04-28,KLL,54.406561,1,10683816.35
2026-04-28,KLM,62.272335,1,926430253.31
2026-04-28,KLS,41.085516,2,1009388.95
2026-04-28,KLU,4.289134,87363,64610249107.69
2026-04-28,KMA,158.655020,1,11870251.30
2026-04-28,KME,1.482887,1070,180944031.17
2026-04-28,KMF,3.478646,2691,2186111421.86
2026-04-28,KMN,0.991729,4942,742854076.16
2026-04-28,KMT,3.663530,1,90801937.21
2026-04-28,KNC,62.776197,16,345322253.17
2026-04-28,KNI,1.222996,396,12458995842.76
2026-04-28,KNJ,1.906217,12786,904806724.66
2026-04-28,KNN,1.325027,18,568927832.51
2026-04-28,KNP,76.518412,2,223077186.27
2026-04-28,KNS,3.953923,1,4456828419.61
2026-04-28,KNT,56.281971,4,160826857.84
2026-04-28,KNV,66.685599,5,299441011.21
2026-04-28,KNZ,66.250807,1,976325619.97
2026-04-28,KO4,52.921016,880,4460712458.31
2026-04-28,KOB,1.251522,16,422007876.17
2026-04-28,KOP,7.432692,14,15244450.49
2026-04-28,KOT,1.432054,4654,199487930.79
2026-04-28,KOZ,60.252496,4,67388621.12
2026-04-28,KP3,50.914778,15,14624913.63
2026-04-28,KPA,1.528365,11903,341233696.61
2026-04-28,KPB,6.368972,1,5104272.36
2026-04-28,KPC,19.687869,20606,3570590739.86
2026-04-28,KPD,46.189623,580,249893895.62
2026-04-28,KPF,1.554948,193,93592612.93
2026-04-28,KPH,1.356014,13265,676643447.25
2026-04-28,KPI,1.304480,3743,3236431108.77
2026-04-28,KPK,9.393961,1,434495818.84
2026-04-28,KPP,2.795118,759,687653062.37
2026-04-28,KPR,1.659872,1189,50503029361.39
2026-04-28,KPU,3.793783,6098,569873217.80
2026-04-28,KRC,0.132775,154,28514515.42
2026-04-28,KRF,19.452106,723,128054904.01
2026-04-28,KRH,1.388261,42,1809085368.60
2026-04-28,KRO,45.202500,60,289278009.10
2026-04-28,KRR,1.114072,587,22396451.67
2026-04-28,KRS,0.487056,1400,1637386034.65
2026-04-28,KRT,69.357672,172,789307991.50
2026-04-28,KRV,45.123373,1048,5351180835.47
2026-04-28,KSA,3.609809,2748,12083257230.44
2026-04-28,KSC,46.104976,1,45309895.79
2026-04-28,KSK,2.587943,632,6002662115.16
2026-04-28,KSL,53.539310,120,263751129.57
2026-04-28,KSM,48.019932,756,15324170048.84
2026-04-28,KSP,60.995573,278,1141227164.38
2026-04-28,KSR,4.761584,3766,171749821.52
2026-04-28,KST,1.986082,557,12358916.70
2026-04-28,KSV,5.118160,11188,30983282739.79
2026-04-28,KSY,9.737523,83,3110941166.38
2026-04-28,KTE,41.649835,1,100542951.15
2026-04-28,KTI,1.936797,540,228662190.17
2026-04-28,KTJ,2.160147,12531,761116992.71
2026-04-28,KTM,20.141836,5830,709817106.07
2026-04-28,KTN,7.412955,3918,477060050.22
2026-04-28,KTR,9.464886,717,22004060447.66
2026-04-28,KTS,13.715557,699,102649380.72
2026-04-28,KTT,65.743642,1417,5398001784.97
2026-04-28,KTU,26.808351,1,704686569.31
2026-04-28,KTV,6.869770,45308,26607277853.09
2026-04-28,KU3,1.019602,836,57628377.80
2026-04-28,KUA,1.405488,2214,159483997.37
2026-04-28,KUB,0.695234,4118,328257376.89
2026-04-28,KUD,1.536130,1020,74306792.44
2026-04-28,KUP,46.627016,132,1637567327.81
2026-04-28,KUT,12.579173,46268,9623612411.36
2026-04-28,KVA,1.565231,1,574550822.79
2026-04-28,KVK,1.149980,150,489070642.10
2026-04-28,KVR,1.146180,43,146172723.38
2026-04-28,KVS,3.352088,2375,18463256013.49
2026-04-28,KVT,1.394539,2994,127530405.22
2026-04-28,KYA,1.264354,1936,82013791.76
2026-04-28,KYR,0.805991,11,513371154.02
2026-04-28,KYS,49.939578,4,10232619.49
2026-04-28,KZL,28.393985,69005,86405380390.50
2026-04-28,KZO,2.007702,3,1040098300.26
2026-04-28,KZU,2.398702,6500,502996639.98
2026-04-28,LAI,1.823082,11,94242.42
2026-04-28,LET,52.122047,2,706897443.81
2026-04-28,LFD,8.319742,1,2368029612.99
2026-04-28,LGK,1.267656,1,1478140829.84
2026-04-28,LGO,6.126558,12,334655359.68
2026-04-28,LHM,77.088300,4,726668309.68
2026-04-28,LHP,53.430356,103,92866392.68
2026-04-28,LKT,1.670286,304,153570963.73
2026-04-28,LLA,1.365772,1028,53769538.42
2026-04-28,LPH,1.267241,867,666860123.76
2026-04-28,LRT,3.270140,11,757630034.55
2026-04-28,LTC,1.448869,394,170048323.96
2026-04-28,LTS,3.643821,14,1613120135.24
2026-04-28,LZV,10.069008,2,114515583.49
2026-04-28,MAC,0.774832,38720,4886752389.85
2026-04-28,MAD,1.032014,401,23969825.20
2026-04-28,MAS,13.042580,89,905947615.27
2026-04-28,MAV,55.411905,1,875431359.88
2026-04-28,MBL,0.255791,224,21302859.35
2026-04-28,MBR,1.506140,225,123035165.38
2026-04-28,MCU,1.242514,153,24847569.56
2026-04-28,MD1,1.986736,627,66459916.64
2026-04-28,MD2,1.890638,734,172957389.44
2026-04-28,MDF,1.281747,1391,797664665.96
2026-04-28,MET,5.474931,6907,724517547.11
2026-04-28,MGB,1.391301,563,72464629.22
2026-04-28,MGD,0.865792,1,581899499.24
2026-04-28,MGE,8.244472,69,4698590496.18
2026-04-28,MGH,2.020787,864,635233221.92
2026-04-28,MHF,1.965551,1411,80543713.40
2026-04-28,MIK,3.305417,12,1057835.81
2026-04-28,MJB,7.266697,834,64507442.17
2026-04-28,MJE,54.730540,940,6556195144.66
2026-04-28,MJG,11.825311,8621,1169979404.61
2026-04-28,MJH,4.378975,21,40359065.08
2026-04-28,MJK,36.056224,490,2270161657.02
2026-04-28,MJL,57.871920,629,894309472.78
2026-04-28,MKA,1.353202,1883,103709482.72
2026-04-28,MKG,17.689302,9273,1625317506.95
2026-04-28,MKL,58.298953,1,752383957.73
2026-04-28,MLS,16.589536,4,1240264122.03
2026-04-28,MLT,1.346489,146,39867408.04
2026-04-28,MMH,16.965086,1605,183051122.94
2026-04-28,MOD,56.500585,2,705086965.50
2026-04-28,MOZ,1.179554,141,272204024.28
2026-04-28,MP2,1.774813,13,4705568024.99
2026-04-28,MP4,2.729202,15,5356529903.88
2026-04-28,MPD,56.508566,778,3348079607.29
2026-04-28,MPE,1.280876,85,86071850.73
2026-04-28,MPF,7.407519,1907,1482204882.75
2026-04-28,MPI,2.752889,22,80392986.80
2026-04-28,MPK,8.808710,1473,279525530.16
2026-04-28,MPL,1.826961,1441,2129826771.82
2026-04-28,MPN,57.669182,331,365965572.56
2026-04-28,MPP,22.239773,1783,612979482.47
2026-04-28,MPS,24.350503,2666,165794231.19
2026-04-28,MRI,1.269936,141,14280653.56
2026-04-28,MSK,3.502812,1,1050560654.87
2026-04-28,MSO,54.555634,1,531665384.56
2026-04-28,MSR,2.007952,16,36972708.73
2026-04-28,MT1,42.637456,20,35252094.38
2026-04-28,MT2,1.225105,4764,10838037676.25
2026-04-28,MT5,1.384298,18,511849056.85
2026-04-28,MT6,1.929658,13,925672298.23
2026-04-28,MT7,0.720772,15,94071481.84
2026-04-28,MT8,1.983567,16,3013642620.48
2026-04-28,MT9,0.544469,17,6102791066.36
2026-04-28,MTD,1.342163,1983,184061897.78
2026-04-28,MTE,4.441665,17,544197303.56
2026-04-28,MTF,1.282220,41,63615555.33
2026-04-28,MTG,1.451795,144,45637346.67
2026-04-28,MTH,1.900757,4956,748173251.30
2026-04-28,MTI,0.017284,2,2067082.75
2026-04-28,MTK,1.522193,492,50008082.22
2026-04-28,MTL,3.191173,14,8358084684.17
2026-04-28,MTS,2.697084,757,93454608.95
2026-04-28,MTU,1.294114,18,1278688.44
2026-04-28,MTV,4.961583,12979,131552092.72
2026-04-28,MTX,4.759273,2270,105100981.59
2026-04-28,MUL,1.777419,13,9177094.69
2026-04-28,MUT,1.743739,1760,917818138.49
2026-04-28,NAK,1.088006,181,140567342.82
2026-04-28,NAL,1.854733,23,1397154824.88
2026-04-28,NAU,3.200628,12481,3098672019.04
2026-04-28,NBE,1.591935,11,1004642396.28
2026-04-28,NBH,5.902871,145,1034056532.86
2026-04-28,NBO,1.333191,411,1634265966.78
2026-04-28,NBZ,67.314274,285,1356085487.63
2026-04-28,NCS,53.378000,1852,7817638883.31
2026-04-28,NCU,56.239768,12,131486664.45
2026-04-28,NDL,2.071486,1,11681342.78
2026-04-28,NDS,0.846304,12,509431152.80
2026-04-28,NES,2.028058,2,2026038629.63
2026-04-28,NFF,1.210336,52,1808513822.28
2026-04-28,NFH,2.079359,51,125748662.65
2026-04-28,NFK,4.719736,97,1549454187.90
2026-04-28,NHP,5.314461,171,11942039.29
2026-04-28,NHT,59.667713,2,591615871.95
2026-04-28,NHV,4.113318,2,7580660879.23
2026-04-28,NHY,5.562607,2483,170805211.31
2026-04-28,NIG,1.029133,12,294146282.02
2026-04-28,NIS,1.521203,25,947156259.83
2026-04-28,NJF,12.499658,1750,1312830416.60
2026-04-28,NJG,2.711061,15,66448644.45
2026-04-28,NJR,5.094209,2821,1261038477.76
2026-04-28,NJY,6.665944,1352,296144280.63
2026-04-28,NKA,46.167795,15,157313989.98
2026-04-28,NKC,1.263394,1300,480628777.39
2026-04-28,NKH,1.565354,12,145364982.83
2026-04-28,NKJ,14.869252,1,1526156782.05
2026-04-28,NKK,7.801776,11,1489401795.65
2026-04-28,NKL,3.131954,2519,16515480265.75
2026-04-28,NKM,1.015602,574,52905922.68
2026-04-28,NKP,1.172685,3149,169977350.46
2026-04-28,NKS,1.815502,11,24509455.72
2026-04-28,NKT,1.368475,413,55915987.18
2026-04-28,NKV,2.043274,1,13245963797.78
2026-04-28,NLC,47.497814,16,166253699.76
2026-04-28,NLD,50.646810,1,1327039253.73
2026-04-28,NLE,1.446497,11575,415102207.08
2026-04-28,NLK,1.660005,1147,5252515999.04
2026-04-28,NLL,3.390828,26,1374007663.93
2026-04-28,NME,54.659896,64,71988394.92
2026-04-28,NMG,120.155649,10,2713258391.68
2026-04-28,NMU,1.099709,50,28070384.67
2026-04-28,NNF,22.432065,22306,3125302363.09
2026-04-28,NOA,1.434436,11,545979396.45
2026-04-28,NOI,1.300287,13,908202723.05
2026-04-28,NOV,57.997137,1,819031450.13
2026-04-28,NP1,4.615470,164,1377592972.89
2026-04-28,NPH,1.762882,1014,299451918.28
2026-04-28,NPK,1.481142,1,878364434.06
2026-04-28,NRC,11.340330,4162,242206583.04
2026-04-28,NRG,4.930073,3804,6433996021.45
2026-04-28,NRM,135.924272,11,351889861.49
2026-04-28,NSA,2.253051,297,1448487460.95
2026-04-28,NSD,60.034935,136,13481113415.30
2026-04-28,NSH,1.945233,1456,1365519126.49
2026-04-28,NSK,5.964281,105,377252994.28
2026-04-28,NSP,1.631587,2619,1557258315.96
2026-04-28,NSS,59.668707,1,1026439468.57
2026-04-28,NST,1.222569,4468,86176147.01
2026-04-28,NSY,1.301291,76,1107002218.98
2026-04-28,NTB,5.697624,1,3139187081.66
2026-04-28,NTD,0.440723,1,597366008.54
2026-04-28,NTF,2.799132,10,229710097.52
2026-04-28,NTI,1.359122,576,146157363.30
2026-04-28,NTO,60.897084,1,3297240074.29
2026-04-28,NTS,2.731733,33,201235716.71
2026-04-28,NUB,56.515348,878,2006302213.00
2026-04-28,NUG,45.876156,11,3057946198.86
2026-04-28,NUH,1.257444,885,90632131.14
2026-04-28,NVB,4.271594,5233,5729001484.58
2026-04-28,NVC,4.553974,102,11880064.72
2026-04-28,NVK,43.508817,17,40201711.84
2026-04-28,NVP,63.833089,1,57200447.72
2026-04-28,NVT,4.137815,74,642640443.86
2026-04-28,NVZ,54.640326,312,673473710.08
2026-04-28,NYH,57.760124,1,992886944.42
2026-04-28,NZH,3.225029,294,246269239.68
2026-04-28,NZT,5.372991,454,6291529280.83
2026-04-28,NZU,47.403137,39,57919096.64
2026-04-28,OAB,71.380142,3,626977041.99
2026-04-28,OBI,2.831476,507,274288304.54
2026-04-28,OBN,54.337788,137,157012081.56
2026-04-28,OBP,0.188303,867,35133453.95
2026-04-28,OBR,50.160245,11480,48017211549.12
2026-04-28,OCM,64.221459,2,468850494.49
2026-04-28,OCN,47.066604,4,110169034.69
2026-04-28,OCT,68.448459,5,441123214.91
2026-04-28,ODD,10.051722,33,428560763.07
2026-04-28,ODG,1.040395,28,29645762.89
2026-04-28,ODN,52.659895,172,165978250.38
2026-04-28,ODP,6.188871,121,222786286.16
2026-04-28,ODS,65.960508,132,123269240.48
2026-04-28,ODV,19.480427,4293,1707538053.65
2026-04-28,OFA,54.538356,142,243617708.86
2026-04-28,OFB,10.055166,13,909340159.27
2026-04-28,OFI,3.818529,728,151251977.07
2026-04-28,OFK,48.531940,289,1118412723.99
2026-04-28,OFO,64.513855,1,2026625611.19
2026-04-28,OFS,7.812269,509,182844276.28
2026-04-28,OGD,11.758855,3391,824904299.10
2026-04-28,OGF,8.343492,446,125386986.56
2026-04-28,OGV,66.900096,1,305910723.09
2026-04-28,OHB,23.723434,1160,1457962942.55
2026-04-28,OHI,0.033457,46,86240571.85
2026-04-28,OHK,2.640054,1169,27963925.43
2026-04-28,OIL,3.916244,687,47858970.43
2026-04-28,OIR,4.685769,269,24677396.07
2026-04-28,OIS,3.147054,2,599966673.02
2026-04-28,OJB,49.558159,7469,29580932957.41
2026-04-28,OJH,10.113106,30,28727209.16
2026-04-28,OJK,13.455790,30572,50720645926.83
2026-04-28,OJT,11.005400,11149,3321984878.80
2026-04-28,OJU,63.634657,2,53914654.01
2026-04-28,OJY,73.982397,6,2714289191.01
2026-04-28,OKD,0.573487,1070,88853360.58
2026-04-28,OKF,4.196276,12,7439889520.26
2026-04-28,OKP,5.744835,451,72749172.72
2026-04-28,OKT,0.145083,870,109678020.04
2026-04-28,OLA,51.701546,33,19766482.67
2026-04-28,OLD,3.122381,6018,161459643.57
2026-04-28,OLE,4.474627,508,305330171.49
2026-04-28,OMB,59.351824,3,182604551.48
2026-04-28,OMC,67.064173,2,390936109.84
2026-04-28,OME,24.431855,69,83459584.66
2026-04-28,OMG,1.741703,700,1247960255.50
2026-04-28,ONB,48.720633,589,5751977736.06
2026-04-28,OND,45.018612,636,3326425260.73
2026-04-28,ONE,1.495507,782,40476130.03
2026-04-28,ONF,61.524707,625,2583732295.59
2026-04-28,ONK,56.885993,22339,75160751508.55
2026-04-28,ONN,5.742760,816,1645170940.23
2026-04-28,ONS,50.275193,23186,154071609395.14
2026-04-28,ONT,49.170333,421,5652814085.31
2026-04-28,ONY,62.186708,743,2241797007.73
2026-04-28,OPB,12.463508,438,47262568.47
2026-04-28,OPD,7.578958,22,60300649.62
2026-04-28,OPF,2.850614,959,311758769.69
2026-04-28,OPH,24.673180,2722,824654074.74
2026-04-28,OPI,23.775212,1494,233691100.70
2026-04-28,OPJ,1.494852,2449,365803311.99
2026-04-28,OPL,9.288260,961,101487011.59
2026-04-28,OPZ,5.227225,1,654223662.12
2026-04-28,ORC,1.444257,47,1153749065.44
2026-04-28,ORI,56.568478,5,1554253448.79
2026-04-28,OSD,12.555875,948,602291525.47
2026-04-28,OSF,98.443292,17,5795926760.39
2026-04-28,OSH,0.525112,17,59231725.61
2026-04-28,OSL,0.138205,4371,1104059043.65
2026-04-28,OSN,1.415602,122,41092996.35
2026-04-28,OTE,62.693117,2,189680784.22
2026-04-28,OTF,6.181200,1820,688971912.65
2026-04-28,OTJ,7.493764,27206,3886468282.61
2026-04-28,OTK,7.512959,64,3937992.83
2026-04-28,OTM,1.318184,102,14031058.44
2026-04-28,OTZ,65.478478,4,292833309.39
2026-04-28,OUB,6.229035,14,778384765.61
2026-04-28,OUD,62.269508,127,126175770.77
2026-04-28,OUN,50.287742,209,177566870.16
2026-04-28,OUR,78.640911,11,29683562.48
2026-04-28,OUY,61.787198,2,1572619203.54
2026-04-28,OVD,3.221688,3195,817392371.39
2026-04-28,OVR,65.457339,1,466904124.45
2026-04-28,OVT,76.633952,1,721024717.04
2026-04-28,OYL,0.143432,9038,3594022631.71
2026-04-28,OYS,9.163030,11,16674202916.18
2026-04-28,OYT,0.121762,75,1857929737.39
2026-04-28,OZC,2.806369,1,1016243112.76
2026-04-28,P1A,1.334246,286,952383448.20
2026-04-28,PAB,1.238632,419,81611437.81
2026-04-28,PAC,3.360926,1,861295249.14
2026-04-28,PAF,3.589631,4064,361636241.70
2026-04-28,PAI,6.258199,710,876654042.39
2026-04-28,PAL,52.981230,33104,169765335178.43
2026-04-28,PAO,1.401182,361,14477567.87
2026-04-28,PAU,63.223118,3846,10615536526.53
2026-04-28,PBE,3.899133,11,35961610.83
2026-04-28,PBF,1.822315,2,2482417260.13
2026-04-28,PBH,1.433250,12,3422212231.91
2026-04-28,PBI,2.051736,317,98923522.13
2026-04-28,PBK,55.001276,138,134605393.89
2026-04-28,PBN,1.376150,956,496013193.24
2026-04-28,PBR,3.887048,33266,13282441638.93
2026-04-28,PBS,64.620211,22,356081270.37
2026-04-28,PBY,3.035914,56,232258783.86
2026-04-28,PCE,1.165586,210,225012890.98
2026-04-28,PCH,3.792207,57,927031356.66
2026-04-28,PCN,60.697193,13,522793966.15
2026-04-28,PCS,4.472503,39,36442312522.43
2026-04-28,PDC,0.688907,13,1011428581.10
2026-04-28,PDD,5.375705,198,970410197.74
2026-04-28,PDE,1.210271,13,12454644875.31
2026-04-28,PDF,56.045079,61,461305024.79
2026-04-28,PDG,0.165267,13,821472713.71
2026-04-28,PDH,15.844704,79,5319503262.23
2026-04-28,PDR,9.000000,0,0.09
2026-04-28,PDS,0.288637,43,705583461.90
2026-04-28,PEA,1.486422,96,73650150.84
2026-04-28,PFO,2.242723,323,76814265.05
2026-04-28,PFS,2.670307,104,20673118.40
2026-04-28,PGD,1.578609,102,140703532.70
2026-04-28,PGE,13.641084,46,5508711580.40
2026-04-28,PGH,7.706660,12,10223623052.69
2026-04-28,PGS,1.242581,537,199861407.53
2026-04-28,PHB,1.623848,13,569733551.21
2026-04-28,PHE,2.856028,89982,37038774019.71
2026-04-28,PHF,0.911548,12,268010044.47
2026-04-28,PHI,1.506775,121,69300179.53
2026-04-28,PHK,1.481001,213,74796186.17
2026-04-28,PHN,605.918846,15,13318574296.43
2026-04-28,PHS,4.229457,20,381108254.79
2026-04-28,PHY,8.410313,46,1158204848.20
2026-04-28,PID,1.683994,91,52092780.31
2026-04-28,PIL,3.973269,8247,533638638.36
2026-04-28,PIP,1.488927,472,43971996259.78
2026-04-28,PIR,1.700288,1293,210942756.29
2026-04-28,PIS,1.273497,288,1475055940.86
2026-04-28,PJL,4.606168,3415,1483578227.93
2026-04-28,PJP,46.350172,15,370508166.70
2026-04-28,PKD,0.859029,57,13972848.57
2026-04-28,PKF,4.788025,1743,619546590.14
2026-04-28,PKH,0.889551,11,97273807.88
2026-04-28,PKL,2.228221,15,9157297252.43
2026-04-28,PKN,1.919184,15,253493929.48
2026-04-28,PKP,1.111084,67,428930216.57
2026-04-28,PKR,1.384837,159,620653635.24
2026-04-28,PKT,1.408141,683,9252797930.53
2026-04-28,PKU,7.514209,46,6341117878.57
2026-04-28,PKV,1.789269,3682,16505101954.40
2026-04-28,PKZ,7.812432,13,47000722073.15
2026-04-28,PLA,1.120850,113,2679911.03
2026-04-28,PLR,1.474701,747,593889611.23
2026-04-28,PLS,25.647329,8,907366783.69
2026-04-28,PMG,1.582809,1,1384454351.63
2026-04-28,PMH,0.016110,44,15418977.23
2026-04-28,PMP,1.218944,808,49925222.65
2026-04-28,PNU,1.063313,1350,6975092011.31
2026-04-28,PO7,0.951036,44,2717741669.07
2026-04-28,PO8,3.658782,51,429093409.66
2026-04-28,PO9,0.866870,152,13521516.36
2026-04-28,POB,5.043697,46,5205449439.20
2026-04-28,POD,64.183959,1425,4693832125.03
2026-04-28,POF,7.472160,46,6611975348.26
2026-04-28,POH,1.110628,4,1900705856.71
2026-04-28,POI,0.102838,43,257527402.49
2026-04-28,POS,1.209292,561,57482858.95
2026-04-28,POU,2.515074,75,7133854092.18
2026-04-28,PP1,1.696143,378,46990408.96
2026-04-28,PPB,10.252399,1856,414331498.60
2026-04-28,PPD,33.861600,104,2106337223.05
2026-04-28,PPE,58.332059,77,772770337.88
2026-04-28,PPF,4.584886,22,493156492.94
2026-04-28,PPG,1.290321,1001,900615790.02
2026-04-28,PPH,1.679991,3544,111434633.45
2026-04-28,PPI,2.026966,3130,8500111047.35
2026-04-28,PPJ,1.631988,6533,55002611743.99
2026-04-28,PPK,1.993185,2735,5487099152.80
2026-04-28,PPM,1.943317,211,292556073.06
2026-04-28,PPN,5.087403,14969,12420958076.90
2026-04-28,PPO,1.647658,45,100818117.03
2026-04-28,PPP,2.765086,388,4384051535.16
2026-04-28,PPS,4.059852,5881,2033247075.17
2026-04-28,PPT,2.862942,3647,2001336350.83
2026-04-28,PPU,2.237200,45,298949417.87
2026-04-28,PPV,1.016132,24,109508321.49
2026-04-28,PPZ,5.827435,8028,13026807844.21
2026-04-28,PRD,2.057191,640,405191341.00
2026-04-28,PRF,59.097138,2,162224893.23
2026-04-28,PRH,1.936843,382,624340451.47
2026-04-28,PRR,1.181733,115,440152997.71
2026-04-28,PRU,3.164610,1537,3019636448.01
2026-04-28,PRV,1.189100,84,2496573704.10
2026-04-28,PRY,2.733715,37969,78698048201.59
2026-04-28,PRZ,0.000000,0,12496.05
2026-04-28,PSD,50.080407,1,2552205967.19
2026-04-28,PSE,1.621488,6539,19107546906.19
2026-04-28,PSG,8.789991,15,124730310.95
2026-04-28,PSH,1.019495,110,15563999.95
2026-04-28,PSL,7.761956,52,703512746.59
2026-04-28,PSO,0.414815,1,848823427.95
2026-04-28,PSR,6.590823,46,166165205.45
2026-04-28,PSS,5.331525,11,357131422.93
2026-04-28,PST,0.028069,51,345015706.40
2026-04-28,PTC,61.283158,16,977143835.40
2026-04-28,PTE,1.502440,4630,41455906268.60
2026-04-28,PTF,1.311318,380,1076782520.35
2026-04-28,PTG,59.474589,1,115915973.07
2026-04-28,PTL,1.651609,757,532405775.53
2026-04-28,PTN,1.630865,1073,758131281.05
2026-04-28,PTO,1.443590,509,288998758.29
2026-04-28,PTP,1.059265,164,20952055.02
2026-04-28,PTS,1.414842,632,8510661590.89
2026-04-28,PUA,9.037852,1,4494267595.49
2026-04-28,PUC,6.515451,795,1257122137.46
2026-04-28,PUH,1.536784,26,356909615.94
2026-04-28,PUR,9.231624,41259,127405896367.55
2026-04-28,PUT,7.352124,1,6453601181.79
2026-04-28,PUV,53.148906,1,1134720259.52
2026-04-28,PUZ,9.180246,2,147991540.42
2026-04-28,PVK,5.141643,8590,37812502859.46
2026-04-28,PYB,1.653728,347,914037879.20
2026-04-28,PYD,0.805735,45,147075469.55
2026-04-28,PYF,9.398696,10,781945651.83
2026-04-28,PYH,7.322978,11,5349838222.41
2026-04-28,PYI,4.425269,45,1667988261.07
2026-04-28,PYL,8.718482,33,400433574.71
2026-04-28,PYR,2.132408,1782,162246367.99
2026-04-28,PYS,55.426534,49,1328662811.10
2026-04-28,RAF,3.588636,12,189959129.73
2026-04-28,RAI,1.983397,1,5177395252.96
2026-04-28,RAN,54.194431,1,1007027593.06
2026-04-28,RAV,1.345866,12,989859882.22
2026-04-28,RAY,3.658085,1,1597827517.64
2026-04-28,RBA,22.071245,6516,2359084809.75
2026-04-28,RBB,1.479588,46,41577250.23
2026-04-28,RBE,3.778033,16,2651754372.87
2026-04-28,RBF,1.645914,90,24206118.38
2026-04-28,RBH,31.741309,5209,1002313795.38
2026-04-28,RBI,53.908949,127,196613051.26
2026-04-28,RBK,8.049581,1105,48280063.77
2026-04-28,RBL,1.621300,858,392965882.84
2026-04-28,RBN,1.518306,199,43396332.79
2026-04-28,RBP,1.985056,715,2596096412.18
2026-04-28,RBR,2.864712,114,31793938.90
2026-04-28,RBT,5.803443,1793,607734032.49
2026-04-28,RBV,6.149424,15538,5753279574.70
2026-04-28,RCL,57.244283,1,153701530.60
2026-04-28,RCS,5.582254,1,2563142.15
2026-04-28,RCV,1.590102,89,117349489.60
2026-04-28,RD1,1.756383,168,62270425.47
2026-04-28,RDF,1.577141,1166,206304622.29
2026-04-28,RDH,4.406271,18,1886290653.50
2026-04-28,RDK,1.310362,2,608052.32
2026-04-28,RDS,0.000000,0,43.93
2026-04-28,RDT,0.973581,54,72191447.09
2026-04-28,RDZ,46.702333,108,616369410.57
2026-04-28,RE7,1.148126,12,194232277.69
2026-04-28,RE8,3.169299,12,1202783527.22
2026-04-28,RGD,1.034043,156,31440238.00
2026-04-28,RGH,1.058423,29,38962898.00
2026-04-28,RHD,1.827595,12,141876581.11
2026-04-28,RHI,1.585441,574,102951483.77
2026-04-28,RHS,7.434674,1803,766602484.55
2026-04-28,RIA,1.253579,81,161799224.31
2026-04-28,RIH,6.966943,676,253024484.11
2026-04-28,RIK,5.458087,6795,1476795077.65
2026-04-28,RJG,3.484073,649,133970999.92
2026-04-28,RKC,1.580867,436,68776969.89
2026-04-28,RKH,1.007363,88,8752192.54
2026-04-28,RKL,3.003427,1,2350488993.86
2026-04-28,RKS,1.890990,133,125566519.39
2026-04-28,RKV,2.309368,254,504523776.64
2026-04-28,RLH,1.535589,26,251381603.68
2026-04-28,RO1,1.143256,24,181005724.72
2026-04-28,ROD,51.988251,849,2879494751.78
2026-04-28,ROF,3.260005,1171,565014402.53
2026-04-28,ROY,1.240981,11,138262472.80
2026-04-28,RPC,4.906798,567,27590332.18
2026-04-28,RPD,13.329333,2242,304071020.05
2026-04-28,RPE,0.000000,0,10.90
2026-04-28,RPG,6.204000,1679,1422833212.61
2026-04-28,RPI,1.362315,334,16366098.49
2026-04-28,RPK,59.810303,5,116314650.68
2026-04-28,RPL,1.544055,12,112389428.59
2026-04-28,RPM,3.806924,2890,64051660.39
2026-04-28,RPN,5.069654,23,806374652.73
2026-04-28,RPO,6.740390,3,1637801307.72
2026-04-28,RPP,4.387617,8522,5952373526.04
2026-04-28,RPS,60.032912,111,206050842.95
2026-04-28,RPT,4.575717,203,1119595256.65
2026-04-28,RPU,3.266454,12,2355555584.04
2026-04-28,RPX,58.688355,147,1540462375.61
2026-04-28,RRA,1.328786,231,2935918345.42
2026-04-28,RRP,1.460464,76,164629328.63
2026-04-28,RS1,1.424314,123,556569498.79
2026-04-28,RSF,3.898657,13,991921182.55
2026-04-28,RSK,1.636867,167,186373583.85
2026-04-28,RSY,0.994298,11,146603026.37
2026-04-28,RSZ,6.287088,25,1389672543.87
2026-04-28,RTA,1.706616,15,3134232486.19
2026-04-28,RTB,2.386734,11,341197854.69
2026-04-28,RTD,1.751270,230,21454774.78
2026-04-28,RTG,5.008177,4126,182457539.97
2026-04-28,RTH,6.249677,323,29073973.08
2026-04-28,RTI,2.997804,50,36764064807.31
2026-04-28,RTP,12.311587,2310,484258848.64
2026-04-28,RUH,2.700131,17,93136003.03
2026-04-28,RUT,2.165527,3800,121328613.81
2026-04-28,RVI,1.312819,11,19717283.40
2026-04-28,RVS,2.666871,20,4144487213.06
2026-04-28,RYA,1.184574,1,356114551.71
2026-04-28,RYB,46.439979,11,4645623.27
2026-04-28,RYD,1.517979,13,335435620.19
2026-04-28,RYF,15.289085,32,483747967.82
2026-04-28,RYU,45.850080,46,262061084.88
2026-04-28,RZR,4.620120,2,16347084.27
2026-04-28,SAP,1.638632,339,193909258.89
2026-04-28,SAR,49.241488,9,835322906.31
2026-04-28,SAS,1.713388,47133,1519380494.11
2026-04-28,SAT,300.265371,4,2387897596.47
2026-04-28,SBH,1.927785,1222,336956543.62
2026-04-28,SBI,4.236478,15,40019240.54
2026-04-28,SBR,1.341719,25,15468657.24
2026-04-28,SBS,66.941241,1,229246640.74
2026-04-28,SCZ,1.392888,189,82217003.56
2026-04-28,SDA,46.832309,1074,5963842817.39
2026-04-28,SEH,1.257967,46,60293843.27
2026-04-28,SER,54.144253,797,6597147485.61
2026-04-28,SFA,17.861037,16,892642283.58
2026-04-28,SFS,1.313498,83,29974942.59
2026-04-28,SGT,1.466415,836,234087002.77
2026-04-28,SHE,3.733632,725,58265101.63
2026-04-28,SHI,2.373728,47,1615612728.54
2026-04-28,SHU,1.410164,19,239904033.39
2026-04-28,SIS,1.621510,11,54018900.81
2026-04-28,SJP,58.046384,29,300119600.56
2026-04-28,SKL,1.800928,826,206411854.31
2026-04-28,SKO,1.711777,5329,322330691.94
2026-04-28,SKS,47.288505,3,1182212633.48
2026-04-28,SKT,0.104205,2047,41164895.17
2026-04-28,SKZ,0.918229,1666,249085055.51
2026-04-28,SLF,10.018835,7012,1304373006.30
2026-04-28,SLG,1.348823,951,430433981.62
2026-04-28,SLR,0.322622,5,1224900154.87
2026-04-28,SLS,0.990604,12,597015.00
2026-04-28,SMP,1.030025,1,1442034542.19
2026-04-28,SNY,2.522363,687,945137387.91
2026-04-28,SOS,1.351859,158,9938599.73
2026-04-28,SPA,63.155420,208,2901971722.96
2026-04-28,SPD,76.311161,1,323124349.27
2026-04-28,SPE,99.740601,1168,3651283063.51
2026-04-28,SPN,9.001844,498,2478177726.50
2026-04-28,SPP,1.401648,148,223054899.61
2026-04-28,SPR,1.229363,169,15442260.58
2026-04-28,SPT,1.988735,927,99755923.94
2026-04-28,SRA,20.395320,1,4063904827.49
2026-04-28,SRE,59.641867,1,933466607.00
2026-04-28,SRL,1.465905,308,19163380.28
2026-04-28,SRO,24.477226,6,6823146287.97
2026-04-28,SSD,51.787032,1,535096082.97
2026-04-28,SSE,0.004324,11,135653562.88
2026-04-28,SSF,1.004196,15,1299075.33
2026-04-28,SSK,1.477689,498,35957251.04
2026-04-28,SSN,55.000074,4,717666755.58
2026-04-28,SSO,13.131288,1,6695355576.88
2026-04-28,SSS,1.447310,4915,278518915.29
2026-04-28,SST,1.466168,22,8651143.94
2026-04-28,ST1,194.638987,3148,709844038.44
2026-04-28,STI,1.230869,93,130862367.57
2026-04-28,STM,4.727568,12,564239.96
2026-04-28,STS,80.294424,27,404605209.10
2026-04-28,STZ,24.833521,85,568791608.73
2026-04-28,SUA,0.534608,1376,2580663574.16
2026-04-28,SUB,0.393441,842,113480356.35
2026-04-28,SUC,20.375796,521,448257489.96
2026-04-28,SUR,1.201650,104,193292134.28
2026-04-28,SVB,9.184347,1601,288535671.88
2026-04-28,SVS,2.548294,1,1656974424.11
2026-04-28,SVY,1.630332,2,3456041901.04
2026-04-28,SYF,310.439214,6,2431294735.69
2026-04-28,SYL,4055.105676,1,1122477581.87
2026-04-28,SYR,48.343308,22,310172546.33
2026-04-28,SYS,46.047454,123,1661742800.69
2026-04-28,T3B,0.139079,26,10661632542.67
2026-04-28,TAL,2.834372,819,37891515.61
2026-04-28,TAO,19.312112,1,1020769402.94
2026-04-28,TAR,2.273168,6724,116554709.46
2026-04-28,TAU,0.683830,38673,2605816158.53
2026-04-28,TAZ,2.353340,2,1109644647.54
2026-04-28,TB9,49.640857,11345,40982103967.47
2026-04-28,TBP,0.261047,208,445187635.07
2026-04-28,TBT,50.110158,2788,414615027.47
2026-04-28,TBV,0.365407,8333,1324216514.73
2026-04-28,TCA,0.817615,51045,15936225878.21
2026-04-28,TCB,0.207626,4925,3814215711.90
2026-04-28,TCC,0.077405,337,355193357.09
2026-04-28,TCD,46.263305,12606,1477569920.30
2026-04-28,TCF,4.069965,3362,5397194217.44
2026-04-28,TCG,1.338354,1,189587443.76
2026-04-28,TCH,2.051141,74,280965501.30
2026-04-28,TCI,10.206402,17,1321187880.87
2026-04-28,TCS,42.220821,45,1464778265.46
2026-04-28,TDG,0.497649,2143,661100702.43
2026-04-28,TDP,55.748160,44,304369732.47
2026-04-28,TE3,38.576775,3339,1298179460.52
2026-04-28,TE4,5.846298,1725,2378618469.07
2026-04-28,TEJ,2.272399,1126,560027364.19
2026-04-28,TFE,2.522275,109,31735112.34
2026-04-28,TFF,35.759007,8616,1193078696.80
2026-04-28,TFU,1.167264,2985,775052812.66
2026-04-28,TGA,0.458332,6820,842665160.61
2026-04-28,TGE,0.279911,41613,3476506317.01
2026-04-28,TGN,1.281605,1979,2118130701.30
2026-04-28,TGR,6.437273,5980,118142719.39
2026-04-28,TGT,0.106899,62376,3306715123.55
2026-04-28,TGV,17.642047,13,11224869998.88
2026-04-28,TGZ,5.440939,11,990834055.32
2026-04-28,THD,2.744960,214,9205880.35
2026-04-28,THF,2.173951,8299,1173986422.40
2026-04-28,THG,6.363259,189,165960567.04
2026-04-28,THH,144.147156,1,1839101772.54
2026-04-28,THO,47.028325,12,2246653487.84
2026-04-28,THS,59.189920,1,388354182.56
2026-04-28,THT,0.236490,362,7696336.94
2026-04-28,THV,80.159680,21,3614763579.67
2026-04-28,TI1,1476.381468,226299,174850303109.75
2026-04-28,TI2,0.132240,22800,4206159183.11
2026-04-28,TI3,0.123189,24806,2475670006.16
2026-04-28,TI4,0.059599,15910,2281689463.59
2026-04-28,TI6,0.049477,4863,713033488.04
2026-04-28,TI7,73.076799,10652,1343546989.07
2026-04-28,TIE,0.769451,17944,1972161097.06
2026-04-28,TIL,1.382926,1684,99023718.14
2026-04-28,TIP,46.641721,29,156678028.07
2026-04-28,TIV,47.331955,112578,19498397863.95
2026-04-28,TJB,9.499758,1,776153257.17
2026-04-28,TJF,5.194082,584,60861998.75
2026-04-28,TJI,6.137210,920,723690936.68
2026-04-28,TJL,20.481896,4,1392585452.65
2026-04-28,TJT,63.869637,1996,2319414829.90
2026-04-28,TKF,65.238046,4638,1040068768.93
2026-04-28,TKH,2.331762,1,476251965.19
2026-04-28,TKK,1.705351,114612,1817507047.72
2026-04-28,TKM,0.190670,498566,61366017837.53
2026-04-28,TLE,26.591694,999,562892341.09
2026-04-28,TLH,30.962744,444,144825016.10
2026-04-28,TLK,1.567091,895,2636498741.57
2026-04-28,TLT,65.788554,1,372604591.46
2026-04-28,TLU,49.769953,547,10032218284.83
2026-04-28,TLV,1.205261,8379,5560512277.29
2026-04-28,TLY,5216.385597,83519,120116965195.06
2026-04-28,TLZ,17.879684,806,58230554.92
2026-04-28,TMC,0.148750,11062,100151956.64
2026-04-28,TMG,1.258340,32907,4526711817.05
2026-04-28,TMH,0.000000,12,0.00
2026-04-28,TMM,65.454384,1200,822246091.54
2026-04-28,TMR,7.074004,1,8843212718.99
2026-04-28,TMS,1.851565,88,330705966.78
2026-04-28,TMU,1.297002,101,108451324.52
2026-04-28,TMV,5.272710,1685,6183243273.91
2026-04-28,TMZ,1.838563,2521,49714677.50
2026-04-28,TNA,1.591341,1,5430371953.03
2026-04-28,TNB,47.354224,87,717782589.40
2026-04-28,TND,1.332829,392,173642317.58
2026-04-28,TNF,3.753398,3,4763573756.45
2026-04-28,TNH,12.388901,2,112677138.51
2026-04-28,TNI,10.093858,3670,10499154199.92
2026-04-28,TNK,30.091464,75415,3425113847.18
2026-04-28,TNS,11.589181,30,431483565.86
2026-04-28,TO8,53.376423,99,754822848.76
2026-04-28,TOK,55.941906,7359,23774248456.68
2026-04-28,TOT,846.531391,787,111599079.83
2026-04-28,TP1,63.141407,1,356097269.18
2026-04-28,TP2,1.872743,97130,131044253569.42
2026-04-28,TPC,13.559311,17434,7964069758.73
2026-04-28,TPE,0.507779,34,2306532686.77
2026-04-28,TPF,9.864342,590,162619706.32
2026-04-28,TPJ,72.452581,1608,2465269418.41
2026-04-28,TPL,19.700001,1426,688271640.72
2026-04-28,TPO,0.164090,3,96736624.12
2026-04-28,TPP,68.253921,410,1505476741.87
2026-04-28,TPR,0.502169,2,296008715.66
2026-04-28,TPV,10.205945,38,6419264.09
2026-04-28,TPZ,26.296400,1549,136694735.84
2026-04-28,TRJ,1.869730,3302,2156492936.15
2026-04-28,TRN,1.333305,1,2438778971.01
2026-04-28,TRO,2.542863,472,35093498.89
2026-04-28,TRR,5.699871,501,2884961104.77
2026-04-28,TRU,1.406857,272,277585919.55
2026-04-28,TSI,0.184621,78418,20268600703.45
2026-04-28,TSP,65.310315,5,1602503713.31
2026-04-28,TTA,0.632420,221280,29219201370.43
2026-04-28,TTE,1.472685,38758,2970536420.45
2026-04-28,TTL,36.167913,392,254530243.62
2026-04-28,TTP,47.907132,109,833015054.53
2026-04-28,TTS,65.156747,1,2025495617.04
2026-04-28,TTV,7.830273,23,2439680170.71
2026-04-28,TTZ,3.562609,9,304220660.35
2026-04-28,TUA,1.480259,34871,18105992870.67
2026-04-28,TVE,1.170677,273,148576338.31
2026-04-28,TVN,2.503072,547,7632421.00
2026-04-28,TYH,2.125736,7027,1784210979.37
2026-04-28,TZC,0.300609,1136,30478245.92
2026-04-28,TZD,2.421351,8040,949331922.36
2026-04-28,TZH,7.786167,1,56050588855.16
2026-04-28,TZL,0.122212,175529,69046063720.71
2026-04-28,TZP,12.486856,14,991352834.97
2026-04-28,TZT,0.154645,6028,322148097.62
2026-04-28,TZV,844.222855,132868,21672642612.80
2026-04-28,UAB,4.999365,2,455681153.37
2026-04-28,UAP,65.355226,1,429151823.65
2026-04-28,UCN,2.115443,2,1152768475.10
2026-04-28,UCP,1.172338,28,22187537406.23
2026-04-28,UFH,67.876644,1,249534838.24
2026-04-28,UHL,68.286789,1,2439460876.41
2026-04-28,UHS,6.042975,13,325184181.75
2026-04-28,ULH,6.367434,270,1268592482.69
2026-04-28,ULL,66.052033,3,270614848.29
2026-04-28,UNT,1.385094,226,99656915.90
2026-04-28,UP1,6.268277,1649,1313836784.27
2026-04-28,UP2,3.725986,262,2064697754.36
2026-04-28,UPD,20.475933,294,2646779809.11
2026-04-28,UPH,31.443215,594,201333485.92
2026-04-28,UPP,6.229679,1009,3028078162.84
2026-04-28,UPS,4.669793,1,539450755.99
2026-04-28,URA,2.005335,11534,948061982.16
2026-04-28,URC,52.365655,181,200770025.40
2026-04-28,URD,46.137781,12,10286085635.91
2026-04-28,URG,70.711232,1,530528834.99
2026-04-28,URM,46.332398,1,8800977.91
2026-04-28,URS,3.602112,1,944074313.52
2026-04-28,URV,3.664622,2,9840976553.80
2026-04-28,USS,3.390750,1,3675690697.60
2026-04-28,UST,3.709437,1,1739128592.25
2026-04-28,USY,0.237353,482,1267007932.20
2026-04-28,UYH,4.519253,12,869133748.63
2026-04-28,UZY,2.515132,16,78700.99
2026-04-28,VAY,1.612588,3295,47838249.27
2026-04-28,VCD,5.605714,12,61664820.84
2026-04-28,VCG,5.072167,20,1758155572.48
2026-04-28,VCY,3.326433,12213,151949560.69
2026-04-28,VFK,4.866570,5446,3019103142.62
2026-04-28,VFS,1.835926,1,5912956.13
2026-04-28,VK6,3.675220,153464,66534817976.83
2026-04-28,VKI,2.765473,568,2066547618.59
2026-04-28,VKT,0.108331,44765,4180259601.72
2026-04-28,VMV,2.467573,151,7013125108.16
2026-04-28,VNK,2.349233,468,7824875116.73
2026-04-28,VPP,48.319368,444,1390128061.15
2026-04-28,VPS,1.462904,13536,5863457400.12
2026-04-28,VRK,1.212866,152,39555940.74
2026-04-28,VTF,2.182128,1,417207525.97
2026-04-28,YA1,1.261077,19,727227989.83
2026-04-28,YAC,13.899199,10413,5569932147.53
2026-04-28,YAE,1.060711,892,293710671.48
2026-04-28,YAK,4.853101,109698,1113431300.50
2026-04-28,YAN,13.185424,3719,1787250298.13
2026-04-28,YAR,26.543019,1,743204535.66
2026-04-28,YAS,15.252396,70803,7471278090.71
2026-04-28,YAY,1537.877001,37348,10768826834.41
2026-04-28,YBE,1.699695,14328,5343537838.44
2026-04-28,YBH,49.642100,665,741822306.08
2026-04-28,YBJ,54.688826,1,1808310328.26
2026-04-28,YBP,11.526470,56,867865285.82
2026-04-28,YBR,51.761488,2375,5334925081.05
2026-04-28,YBS,0.128956,11255,1767477089.39
2026-04-28,YCG,56.887112,4,189445745.90
2026-04-28,YCH,2.424718,135,119472490.27
2026-04-28,YCK,4.131490,42,489723569.68
2026-04-28,YCL,10.752889,11,386486159.22
2026-04-28,YCP,9.117361,2277,1264615840.78
2026-04-28,YCY,3.680781,271,249352549.90
2026-04-28,YDI,0.452411,7504,1219450432.94
2026-04-28,YDK,0.106781,48790,135205109.46
2026-04-28,YDL,55.426507,8,1155931939.02
2026-04-28,YDM,1.602850,2,1111277043.47
2026-04-28,YDP,2.068451,2404,367386377.72
2026-04-28,YDZ,50.918494,3119,12488239265.84
2026-04-28,YEF,0.974778,13819,2043707538.15
2026-04-28,YFV,0.096316,7421,918279305.17
2026-04-28,YGM,3.214480,2484,649235327.77
2026-04-28,YHB,2.259685,7686,305464842.05
2026-04-28,YHI,1.477099,277,66032472.90
2026-04-28,YHK,1.889202,5681,1005107392.45
2026-04-28,YHP,4.092086,1,1718676142.22
2026-04-28,YHS,25.751522,8715,3751853689.53
2026-04-28,YHT,0.369784,86425,2046573501.64
2026-04-28,YHY,1.240084,16,1561482.75
2026-04-28,YHZ,8.202077,13859,924700576.90
2026-04-28,YIK,1.358473,1438,25626641912.23
2026-04-28,YIS,1.259515,1,932380550.55
2026-04-28,YIT,2.392033,6684,819295685.56
2026-04-28,YIV,3.399846,2,4629765717.65
2026-04-28,YJA,62.788124,4,375908292.16
2026-04-28,YJH,3.796349,3857,193028931.84
2026-04-28,YJK,4.983820,9686,701439761.05
2026-04-28,YJU,62.125917,1,413609942.68
2026-04-28,YJY,53.730709,8337,67824972155.15
2026-04-28,YKS,0.319595,382,191977426.14
2026-04-28,YKT,0.896169,94087,36631977997.82
2026-04-28,YLB,1.612105,334537,67071250217.41
2026-04-28,YLC,3.661061,1465,80507880.71
2026-04-28,YLE,8.677031,2489,324040499.16
2026-04-28,YLO,5.009263,4934,227168322.69
2026-04-28,YLR,12.731846,4,62360.58
2026-04-28,YLY,2.447852,577,39503367.64
2026-04-28,YLZ,3.769456,13,2174935085.79
2026-04-28,YMD,52.587227,1323,6036248202.90
2026-04-28,YMH,1.435557,354,478555070.16
2026-04-28,YMP,1.015056,8,34186395.00
2026-04-28,YNK,45.248793,1179,17512357591.57
2026-04-28,YNL,52.083319,1,207392130.19
2026-04-28,YOA,83.223247,142,1813329118.60
2026-04-28,YOS,53.403876,227,977742566.41
2026-04-28,YOT,36.388337,10169,1979803813.23
2026-04-28,YOZ,45.922613,1267,25943028367.42
2026-04-28,YP1,61.751562,3,217822953.86
2026-04-28,YP2,68.506615,1,1273479599.62
2026-04-28,YP4,50.599533,30347,138078262707.24
2026-04-28,YPC,4.908448,2359,42650563.92
2026-04-28,YPD,63.940820,2,93907389.32
2026-04-28,YPF,9.154141,461,1152686256.80
2026-04-28,YPI,52.693379,68,2017174376.55
2026-04-28,YPK,13.366061,273,219149520.38
2026-04-28,YPL,68.414917,1626,13029877553.19
2026-04-28,YPN,63.152740,98,1799055340.46
2026-04-28,YPP,24.272844,1,4540449177.38
2026-04-28,YPR,1.634609,285,201995873.19
2026-04-28,YPT,3.660278,18789,107251038177.50
2026-04-28,YPU,62.147584,1734,3771550808.03
2026-04-28,YPV,7.645854,3623,6645633117.61
2026-04-28,YRZ,45.519334,159,751411999.07
2026-04-28,YSA,45.857635,200,186480485.13
2026-04-28,YSL,41.938561,423,713527077.61
2026-04-28,YSO,1.239892,193,62666061.29
2026-04-28,YSU,0.161507,6403,254053121.94
2026-04-28,YTC,63.010244,120,314025475.79
2026-04-28,YTD,0.810379,15171,1606858422.67
2026-04-28,YTJ,65.554101,1,1151696400.13
2026-04-28,YTO,50.679854,4,669638126.31
2026-04-28,YTR,75.275112,2,583035705.73
2026-04-28,YTV,2.836167,2397,220330336.08
2026-04-28,YTY,55.887674,20547,101287688416.35
2026-04-28,YUB,5.547668,671,569792478.14
2026-04-28,YUD,70.864259,2,242375251.90
2026-04-28,YUI,1.887227,8,1216120511.31
2026-04-28,YUK,47.190905,149,1291696278.47
2026-04-28,YUN,53.889167,483,2756683671.96
2026-04-28,YUY,1.031005,2,1021066857.41
2026-04-28,YVB,1.263032,718,108297226.88
2026-04-28,YVD,3.921237,82492,41858484192.99
2026-04-28,YVF,69.418982,4,904902186.04
2026-04-28,YVG,59.729289,1224,5877249855.63
2026-04-28,YVO,65.833882,2,690112618.76
2026-04-28,YVS,70.546176,6,407595489.14
2026-04-28,YZC,4.310154,12693,560662300.95
2026-04-28,YZF,90.404271,1,452021356.98
2026-04-28,YZG,14.408030,69663,13546606354.16
2026-04-28,YZH,11.748019,6387,1156301648.71
2026-04-28,YZK,7.377321,209,206918922.23
2026-04-28,YZL,4.921181,74,617513533.10
2026-04-28,ZA2,1.777944,2358,13308042441.86
2026-04-28,ZAD,43.840692,28,11170082.31
2026-04-28,ZAV,54.391480,4857,66898065081.60
2026-04-28,ZAY,5.762497,3733,1738181058.32
2026-04-28,ZBD,657.418096,2223,920889179.99
2026-04-28,ZBI,2.050993,1782,222761569.50
2026-04-28,ZBJ,4.572702,19585,40377582553.76
2026-04-28,ZBN,24.485772,185,130932230.79
2026-04-28,ZBO,2.915928,254,410573639.18
2026-04-28,ZBZ,62.862772,1,330019178.14
2026-04-28,ZCA,7.630583,1,57501005.18
2026-04-28,ZCB,68.667141,3,74018782.96
2026-04-28,ZCC,74.194418,2,392033880.03
2026-04-28,ZCD,4.407479,626,1428735419.38
2026-04-28,ZCE,4.141603,1,11628518443.56
2026-04-28,ZCF,3.749677,1,1728594270.22
2026-04-28,ZCG,5.897121,163,559976789.20
2026-04-28,ZCH,2.398277,1,4935641799.27
2026-04-28,ZCK,1.651124,1972,384975452.75
2026-04-28,ZCN,3.887711,7758,645791978.86
2026-04-28,ZDD,6.872585,1470,483785005.59
2026-04-28,ZDK,15.127674,1,3169822.57
2026-04-28,ZDZ,12.748748,9440,1057303875.22
2026-04-28,ZFB,6.645787,16144,822321282.18
2026-04-28,ZFZ,64.708799,3,20799162035.01
2026-04-28,ZHH,1.409714,1146,108219589.72
2026-04-28,ZJB,12.001614,2234,11500094918.86
2026-04-28,ZJH,57.509175,1,194726008.62
2026-04-28,ZJI,12.510664,2265,9008681210.22
2026-04-28,ZJL,14.188596,2941,413545082.90
2026-04-28,ZJR,6.691324,1,1299334370.21
2026-04-28,ZJT,63.455709,1,1262225557.10
2026-04-28,ZJV,10.579700,1464,694178552.60
2026-04-28,ZK1,47.122432,121,2120352871.93
2026-04-28,ZK2,55.095905,74,1903277355.60
2026-04-28,ZKK,23.742110,1,2223760840.24
2026-04-28,ZLB,47.245908,62,570989239.64
2026-04-28,ZLG,60.246606,1,1014119794.20
2026-04-28,ZLH,11.356977,3701,453363702.36
2026-04-28,ZMT,58.948501,299,1365794974.73
2026-04-28,ZMU,0.193117,13,20384230.35
2026-04-28,ZMY,6.203441,2896,186061056.93
2026-04-28,ZNF,51.960005,1,1904600902.38
2026-04-28,ZOS,1.723108,11,528169660.05
2026-04-28,ZP1,59.086244,2,59909788.36
2026-04-28,ZP2,5.110432,1,547043017.78
2026-04-28,ZP3,4.148963,1,60521593.44
2026-04-28,ZP6,54.483829,1626,7113297958.78
2026-04-28,ZP7,63.704323,1,1592608065.47
2026-04-28,ZP8,3.607428,4947,55055921858.56
2026-04-28,ZP9,57.403931,843,1754609244.58
2026-04-28,ZPA,62.328320,888,4023375059.58
2026-04-28,ZPC,18.737110,2994,3134931245.19
2026-04-28,ZPE,33.298184,6773,1227417451.81
2026-04-28,ZPF,21.544148,3384,796959481.23
2026-04-28,ZPG,9.542932,5714,1313946003.15
2026-04-28,ZPH,1.339357,65,284574129.70
2026-04-28,ZPJ,11.639080,406,147614697.82
2026-04-28,ZPK,7.487728,27273,16371848984.78
2026-04-28,ZPN,67.168450,1,1903943100.42
2026-04-28,ZPR,1.361962,903,25393775669.70
2026-04-28,ZR2,1.277694,1,2561516981.13
2026-04-28,ZR3,0.696668,176,214892678.32
2026-04-28,ZSB,9.688387,18,2677125971.86
2026-04-28,ZSF,52.358646,1754,42544436.45
2026-04-28,ZSG,4.141463,1008,50031356.02
2026-04-28,ZSK,54.809479,1,578197139.48
2026-04-28,ZSN,52.397449,2,2857531913.14
2026-04-28,ZTF,6.715815,1,1845923078.76
2026-04-28,ZTG,1.183647,833,32367670.16
2026-04-28,ZUD,3.925325,1,815484636.85
2026-04-28,ZUE,4.625475,1,5830951076.27
2026-04-28,ZUS,47.076567,3377,68762247772.14
2026-04-28,ZVB,85.294069,11,227469645.05
2026-04-28,ZVO,3.693585,401,886899667.70
2026-04-28,ZYC,4.348189,1,7973651258.75
2026-04-28,ZYD,4.349487,1,8021271091.76
2026-04-28,ZZL,77.189466,15,39314061.49
