fund_code,price_date,unit_price,investor_count,total_fund_value
AAK,28.04.2026,"35,458,623",756,"35245870,82"
AAL,28.04.2026,"3,176,329",4831,"3036348386,97"
AAS,28.04.2026,"11,392,708",160,"24353907,92"
AAV,28.04.2026,"62,686,413",2294,"303430759,61"
ABG,28.04.2026,"62,627,039",159,"7733921949,44"
ABJ,28.04.2026,"919,611",3,"1229834723,15"
ABU,28.04.2026,"93,949",37,"54500518,70"
AC1,28.04.2026,"2,862,031",165,"280661100,37"
AC2,28.04.2026,"358,887",48,"8895796859,15"
AC3,28.04.2026,"66,452,376",14,"138922811,04"
AC4,28.04.2026,"3,514,002",3584,"1571399361,63"
AC5,28.04.2026,"3,420,361",180,"52520939,76"
AC6,28.04.2026,"55,809,544",111,"77692298,87"
AC7,28.04.2026,"11,820,239",45,"6387479391,31"
AC8,28.04.2026,"198,561,784",97,"2450134664,28"
ACC,28.04.2026,"44,779,645",1458,"192323513,06"
ACD,28.04.2026,"5,564,436",1566,"320910269,88"
ACN,28.04.2026,"11,736,135",15,"614574829,61"
ACU,28.04.2026,"52,713,215",160,"1346592665,69"
ADE,28.04.2026,"868,617",27065,"1039678214,93"
ADP,28.04.2026,"1,345,131",22516,"4205874211,78"
AED,28.04.2026,"110,455,981",813,"42820944,99"
AES,28.04.2026,"170,325",36102,"1767200212,89"
AEV,28.04.2026,"1,944,802",401,"11121704,84"
AFA,28.04.2026,"1,099,314",46035,"5421100025,91"
AFO,28.04.2026,"1,346,751",87354,"23039013192,29"
AFS,28.04.2026,"300,446",26891,"762725508,34"
AFT,28.04.2026,"9,189",143765,"25567006822,62"
AFV,28.04.2026,"535,226",15639,"1176310324,25"
AGC,28.04.2026,"8,667,415",2480,"99135374,92"
AHH,28.04.2026,"9,590,345",15,"204951513,20"
AHI,28.04.2026,"3,772,808",2666,"146903409,77"
AHN,28.04.2026,"66,175,035",101,"28552476,04"
AHU,28.04.2026,"10,147,412",604,"214147404,42"
AHV,28.04.2026,"19,748,066",153,"117251692,00"
AHZ,28.04.2026,"26,972,456",12,"632150206,21"
AI1,28.04.2026,"1,109,957",19,"65396605,45"
AIH,28.04.2026,"18,215,817",4,"175668862,33"
AII,28.04.2026,"89,551,908",3,"366356856,46"
AIM,28.04.2026,"24,534,199",1,"53049979,39"
AIR,28.04.2026,"153,294,171",1,"1342509573,77"
AIS,28.04.2026,"95,072",12657,"13199895761,06"
AJ1,28.04.2026,"1,206,537",104,"31656009,95"
AJE,28.04.2026,"58,738,624",1020,"3657559314,65"
AJK,28.04.2026,"60,115,737",131,"135438650,47"
AJL,28.04.2026,"5,973,469",1480,"5381404903,61"
AJN,28.04.2026,"58,009,759",355,"562760040,49"
AK2,28.04.2026,"507,194",9475,"213613235,28"
AK3,28.04.2026,"53,539,916",21248,"8593473878,69"
AKE,28.04.2026,"491,721",13912,"1053334608,03"
AKU,28.04.2026,"960,716",17232,"1590463380,37"
AL4,28.04.2026,"3,540,957",12,"1127957767,18"
AL5,28.04.2026,"50,389,327",2462,"15024898407,82"
AL6,28.04.2026,"3,462,463",12,"4939525272,53"
AL7,28.04.2026,"3,346,731",107,"7743589004,35"
ALC,28.04.2026,"371,059",26653,"2050339854,37"
ALE,28.04.2026,"11,967,514",134423,"70549293256,04"
AN1,28.04.2026,"97,330,623",2568,"1046431524,90"
ANL,28.04.2026,"33,181,549",4138,"646532702,47"
ANZ,28.04.2026,"20,402,733",182,"267696858,63"
AOJ,28.04.2026,"1,552,767",248,"24562808,61"
AOY,28.04.2026,"366,229",36474,"1021370096,00"
AP2,28.04.2026,"3,665,847",35,"1052194441,17"
AP4,28.04.2026,"1,341,349",11,"334288658,52"
AP5,28.04.2026,"10,311",12,"1058518,94"
AP6,28.04.2026,"8,613,523",46,"1038780496,03"
AP7,28.04.2026,"2,323,249",540,"176822862,47"
APJ,28.04.2026,"6,974,432",3175,"102149001,01"
APP,28.04.2026,"32,341,532",2,"207487163,78"
APT,28.04.2026,"147,934",13538,"310914254,62"
ARE,28.04.2026,"221,359",1668,"36024648,84"
ARF,28.04.2026,"7,879,026",1,"711869181,67"
ARL,28.04.2026,"1,499,096",7900,"4232467243,00"
ARM,28.04.2026,"17,779,346",5630,"3354591466,94"
ARP,28.04.2026,"41,361,275",1,"3125423247,71"
AS1,28.04.2026,"44,811,544",41,"6549117,49"
AS3,28.04.2026,"741,935",16,"167564646,06"
ASJ,28.04.2026,"3,863,802",850,"73004395,38"
ATJ,28.04.2026,"22,284,092",11,"1066683812,94"
AU1,28.04.2026,"1,186,801",621,"58741851,50"
AUT,28.04.2026,"8,974,343",152,"2635800,36"
AUV,28.04.2026,"46,510,588",619,"774539757,92"
AVC,28.04.2026,"144,179,461",11,"243049804,65"
AVT,28.04.2026,"20,089,935",19663,"3433669239,39"
AVZ,28.04.2026,"96,306,449",1,"221742709,63"
AY6,28.04.2026,"1,311,639",11,"102651781,54"
AY7,28.04.2026,"1,485,602",12,"210560372,82"
AYA,28.04.2026,"19,232,478",10401,"1255831479,24"
AYR,28.04.2026,"124,182",13185,"1607482088,36"
AZF,28.04.2026,"163,655",4,"544178685,02"
AZJ,28.04.2026,"18,210,651",40,"660391139,19"
AZV,28.04.2026,"25,040,293",4,"4212949371,33"
AZZ,28.04.2026,"5,904,296",7,"27012626354,48"
BA1,28.04.2026,"1,402,233",25,"281339498,07"
BAC,28.04.2026,"7,154,706",11,"5399645239,24"
BAG,28.04.2026,"906,983",66,"49477742,99"
BAL,28.04.2026,"46,498,225",1,"1021765490,17"
BAO,28.04.2026,"3,331,563",4,"153319819,52"
BAS,28.04.2026,"50,248,796",1,"1437657454,66"
BBF,28.04.2026,"31,974",1116,"176014779,38"
BBI,28.04.2026,"1,620,279",11,"1101669,48"
BBN,28.04.2026,"657,756",13,"1513208870,54"
BBO,28.04.2026,"2,533,599",12,"839605563,08"
BBP,28.04.2026,"2,047,407",798,"36049203,32"
BBS,28.04.2026,"1,391,784",780,"1105285936,48"
BCC,28.04.2026,"640,794",2,"2577487703,46"
BCK,28.04.2026,"1,821,673",1860,"111638104,97"
BCO,28.04.2026,"1,728,982",460,"48300583,40"
BDA,28.04.2026,"5,340,536",443,"1143205328,75"
BDC,28.04.2026,"9,123,106",40,"394725404,67"
BDI,28.04.2026,"639,563",74,"521497560,05"
BDO,28.04.2026,"2,833,434",11,"4755349755,19"
BDS,28.04.2026,"2,449,808",12357,"533214225,13"
BDY,28.04.2026,"1,608,605",2461,"104262202,38"
BFE,28.04.2026,"1,757,107",64,"9244194,53"
BFO,28.04.2026,"49,953,772",1,"3528422817,32"
BFS,28.04.2026,"1,032,834",51,"6324414,25"
BFT,28.04.2026,"11,937",586,"254799267,52"
BGH,28.04.2026,"2,101,019",1,"987540794,46"
BGP,28.04.2026,"5,778,312",30966,"62766652527,90"
BHA,28.04.2026,"1,586,638",883,"104312197,59"
BHE,28.04.2026,"1,969,466",82,"41752738,50"
BHF,28.04.2026,"3,003,681",2551,"335962870,94"
BHH,28.04.2026,"648,754",74,"1151531164,52"
BHI,28.04.2026,"2,081,676",362,"658810195,98"
BHL,28.04.2026,"1,233,504",784,"60947707,45"
BHO,28.04.2026,"1,119,724",1,"1042815192,92"
BI5,28.04.2026,"2,309,092",11,"207923997,97"
BIA,28.04.2026,"230,523",12,"590184,29"
BID,28.04.2026,"3,412,663",2256,"292712490,61"
BIG,28.04.2026,"1,382,505",3781,"578846997,45"
BIH,28.04.2026,"7,509,574",410,"749021583,69"
BIK,28.04.2026,"1,447,844",14,"3363368454,65"
BIO,28.04.2026,"2,489,459",12043,"1119423540,52"
BIP,28.04.2026,"1,445,448",194,"3839128832,03"
BIS,28.04.2026,"1,629,307",76,"808745811,78"
BIY,28.04.2026,"1,277,225",333,"79632490,40"
BJD,28.04.2026,"49,571,967",76,"1628445991,80"
BKO,28.04.2026,"1,133,486",1,"3057472907,46"
BKY,28.04.2026,"4,604,058",575,"2086993246,06"
BLA,28.04.2026,"7,446,077",15,"6957914095,48"
BLD,28.04.2026,"147,658",750,"474473794,52"
BLT,28.04.2026,"176,142",3058,"382666582,25"
BMU,28.04.2026,"1,301,154",12,"1082605860,25"
BNC,28.04.2026,"199,237",255,"712984187,58"
BNH,28.04.2026,"1,297,112",202,"133340374,85"
BOH,28.04.2026,"942,972",11,"236280227,90"
BOL,28.04.2026,"155,558",258,"42011669,30"
BON,28.04.2026,"1,244,868",334,"25534073,06"
BOP,28.04.2026,"45,928,298",9,"1125437431,57"
BOS,28.04.2026,"1,467,627",1385,"2453813998,73"
BP5,28.04.2026,"1,554,386",15,"414763331,38"
BPD,28.04.2026,"49,613,033",11,"136357899,06"
BPZ,28.04.2026,"1,385,793",418,"455566083,85"
BRB,28.04.2026,"1,420,875",11,"937551275,26"
BRC,28.04.2026,"1,214,658",39,"127119577,84"
BRF,28.04.2026,"1,484,733",1124,"110651735,82"
BRG,28.04.2026,"4,528,212",1622,"1789726131,72"
BRH,28.04.2026,"5,652,597",15,"4557241046,71"
BRR,28.04.2026,"1,467,993",276,"384203308,26"
BRT,28.04.2026,"1,320,936",487,"37571679,29"
BRZ,28.04.2026,"51,041,429",5,"1598496474,06"
BS1,28.04.2026,"1,165,033",137,"7339950,19"
BSA,28.04.2026,"42,213",1,"860943928,22"
BSD,28.04.2026,"1,109,191",97,"274922485,23"
BSE,28.04.2026,"87,961",66,"615472155,08"
BSF,28.04.2026,"1,349,727",1,"7630687051,98"
BSH,28.04.2026,"1,078,276",162,"8598147,30"
BSM,28.04.2026,"1,464,896",2072,"1513029920,36"
BSN,28.04.2026,"14,722",14,"41630724,70"
BST,28.04.2026,"10,130,784",698,"60584824,13"
BTE,28.04.2026,"4,086,614",948,"214225861,30"
BTJ,28.04.2026,"1,245,996",79,"27816215,80"
BTK,28.04.2026,"1,337,375",384,"124472023,20"
BTP,28.04.2026,"511,434",15,"50672572,04"
BTY,28.04.2026,"54,795,737",3,"774702124,36"
BTZ,28.04.2026,"1,272,124",206,"8365081,69"
BUB,28.04.2026,"1,041,479",41,"3448424,11"
BUC,28.04.2026,"1,050,369",23,"257466950,30"
BUP,28.04.2026,"3,747,527",1,"12572116194,21"
BUT,28.04.2026,"1,739,714",4,"206603800,13"
BUV,28.04.2026,"1,366,904",473,"64670239,67"
BUY,28.04.2026,"1,833,364",18262,"413370023,22"
BV1,28.04.2026,"1,536,636",796,"147640212,74"
BVB,28.04.2026,"4,060,557",1,"4365111435,21"
BVC,28.04.2026,"3,858,908",1,"6256610969,53"
BVD,28.04.2026,"1,200,381",343,"218282440,56"
BVF,28.04.2026,"1,245,247",545,"1135555293,75"
BVH,28.04.2026,"1,813,699",14,"116923401,77"
BVI,28.04.2026,"2,997,844",31,"318026154,81"
BVK,28.04.2026,"1,034,275",38,"22918666,36"
BVM,28.04.2026,"1,280,347",164,"11159000,32"
BVT,28.04.2026,"5,101,569",10,"19204841,86"
BVV,28.04.2026,"2,874,017",525,"106385582,16"
BVZ,28.04.2026,"3,972,931",756,"2435377531,18"
BYZ,28.04.2026,"2,221,014",42,"182464796,30"
CAH,28.04.2026,"1,361,625",369,"55731622,59"
CBD,28.04.2026,"2,581,266",15,"246230789,22"
CBN,28.04.2026,"48,726,114",6,"626523204,68"
CBO,28.04.2026,"308,651,698",3,"2233173434,04"
CEY,28.04.2026,"61,876,728",3,"205086393,60"
CFO,28.04.2026,"2,224,722",501,"2865352939,76"
CGD,28.04.2026,"54,187,204",2,"599827095,11"
CHY,28.04.2026,"626,625",42,"140672464,42"
CIN,28.04.2026,"1,599,845",538,"38211921,23"
CJD,28.04.2026,"47,792,465",29,"48098719,58"
CJF,28.04.2026,"610,168",3,"1851520878,41"
CJG,28.04.2026,"61,404,232",1,"1860163473,22"
CJH,28.04.2026,"58,468,845",1812,"3214254878,94"
CKF,28.04.2026,"1,862,507",1715,"539972146,66"
CKL,28.04.2026,"1,418,036",839,"373799148,54"
CKS,28.04.2026,"56,990,106",2451,"6039579037,30"
COT,28.04.2026,"5,598,816",197,"516293696,34"
CPT,28.04.2026,"3,353,707",8882,"538224129,73"
CPU,28.04.2026,"3,162,527",12745,"1007507519,50"
CRL,28.04.2026,"45,553,015",3,"979389811,99"
CSD,28.04.2026,"60,092,641",1,"626210325,39"
CSH,28.04.2026,"3,707,645",55,"5514911506,98"
CTF,28.04.2026,"8,701,911",1,"325203979,99"
CTG,28.04.2026,"7,116,759",1,"15417062,43"
CTM,28.04.2026,"5,971,093",1,"15419582,32"
CTP,28.04.2026,"58,143,624",1,"526308527,46"
CTV,28.04.2026,"10,159,978",4,"192437824,44"
CVA,28.04.2026,"3,701,718",1,"8554564784,74"
CVB,28.04.2026,"3,818,569",5,"1806625484,10"
CVC,28.04.2026,"2,600,101",2,"652952294,86"
CVD,28.04.2026,"59,450,917",2,"1015694662,05"
CVE,28.04.2026,"2,459,456",1,"270594869,39"
CVF,28.04.2026,"419,642",1,"867748710,52"
CVK,28.04.2026,"4,664,209",2081,"626263673,96"
CVL,28.04.2026,"1,227,627",101,"28136877,24"
CYD,28.04.2026,"54,552,162",382,"1297542058,56"
DA1,28.04.2026,"46,221,061",48,"31043589,66"
DAC,28.04.2026,"67,843,931",1,"522044121,31"
DAE,28.04.2026,"3,621,889",1,"1820327369,71"
DAH,28.04.2026,"3,753,775",2914,"772039714,06"
DAI,28.04.2026,"89,518,999",4,"342904405,49"
DAL,28.04.2026,"66,533,312",1,"577187255,88"
DAS,28.04.2026,"51,182,265",26773,"133666301642,69"
DAT,28.04.2026,"9,071,029",6,"406179996,54"
DAV,28.04.2026,"5,471,687",138,"1037909264,16"
DAZ,28.04.2026,"1,229,263",4,"325197215,65"
DB2,28.04.2026,"1,853,302",18,"122996896,88"
DBA,28.04.2026,"751,671",27489,"11485663344,65"
DBB,28.04.2026,"102,512",1979,"332342159,25"
DBG,28.04.2026,"578,609",3,"2380358403,50"
DBH,28.04.2026,"353,954",9204,"1007787529,75"
DBK,28.04.2026,"107,543",85955,"685604424,98"
DBP,28.04.2026,"460,439",1110,"160410578,17"
DBZ,28.04.2026,"12,473",3054,"775187377,15"
DCB,28.04.2026,"4,209,757",22400,"133007961610,94"
DCD,28.04.2026,"62,112,238",1,"266791565,40"
DCE,28.04.2026,"68,055,951",3,"1184132654,30"
DCN,28.04.2026,"1,275,417",1088,"148093394,18"
DCP,28.04.2026,"69,864,503",3,"249030762,07"
DDA,28.04.2026,"1,355,473",1230,"250013985,67"
DDC,28.04.2026,"11,005,547",11,"3691927694,22"
DDE,28.04.2026,"71,159,229",1,"392448344,04"
DDF,28.04.2026,"11,105,517",652,"280705770,05"
DDP,28.04.2026,"68,899,701",1,"72071980,59"
DEF,28.04.2026,"2,557,641",96,"68595362,10"
DEI,28.04.2026,"3,483",13,"4137358,65"
DFC,28.04.2026,"3,118,227",1683,"129075774,57"
DFD,28.04.2026,"2,585,147",536,"157672537,96"
DFI,28.04.2026,"3,751,477",40047,"18212754870,64"
DFO,28.04.2026,"3,454,274",2,"1021655585,57"
DGF,28.04.2026,"1,285,002",223,"26550794,75"
DGH,28.04.2026,"9,494,936",233,"1134326236,44"
DHI,28.04.2026,"5,091,771",46,"764892785,25"
DHJ,28.04.2026,"7,135,008",3025,"227448095,81"
DHM,28.04.2026,"5,137,965",1293,"29985066,99"
DHP,28.04.2026,"3,963,669",1,"7481397,75"
DHS,28.04.2026,"345,565,345",1,"4563307177,99"
DHT,28.04.2026,"1,048,852",556,"72917328,92"
DHV,28.04.2026,"2,187,579",11,"318292493,75"
DID,28.04.2026,"1,367,633",184,"36604852,02"
DIH,28.04.2026,"1,721,304",11,"129196964,20"
DIM,28.04.2026,"48,904,754",1,"111870016,53"
DIP,28.04.2026,"139,116",1250,"48622098281,82"
DK1,28.04.2026,"1,321,609",66,"4208655741,79"
DK8,28.04.2026,"45,174,166",313,"1748887037,85"
DKA,28.04.2026,"45,101,719",239,"2299232926,95"
DKC,28.04.2026,"662,771",13,"207782,58"
DKH,28.04.2026,"3,613,903",1538,"212339035,98"
DKL,28.04.2026,"47,235,216",110,"418964933,90"
DKP,28.04.2026,"45,081,335",644,"3960846134,98"
DKR,28.04.2026,"723,828",556,"55170830,53"
DKS,28.04.2026,"67,384,656",2,"216165259,49"
DKY,28.04.2026,"45,018,186",231,"2557774718,41"
DL2,28.04.2026,"2,194,279",720,"9778785469,23"
DLD,28.04.2026,"7,328,388",626,"80332130,25"
DLG,28.04.2026,"1,174,051",44,"4456497,67"
DLN,28.04.2026,"1,906,096",12,"30538504,21"
DLY,28.04.2026,"538,279",313634,"73190293994,26"
DLZ,28.04.2026,"1,304,379",13,"160989,02"
DMG,28.04.2026,"7,437,645",16569,"3682984488,87"
DMR,28.04.2026,"54,127,979",1,"16047275144,03"
DMV,28.04.2026,"65,587,252",2,"315236339,95"
DMZ,28.04.2026,"59,735,518",5,"595903363,59"
DNA,28.04.2026,"9,377,528",5,"1866347953,04"
DNF,28.04.2026,"1,189,564",100,"23770150,33"
DNH,28.04.2026,"1,173,443",76,"19138883,22"
DNK,28.04.2026,"1,704,478",212,"16072430,59"
DNL,28.04.2026,"51,851,322",1,"206612273,12"
DNM,28.04.2026,"48,540,052",1209,"1741417116,83"
DNP,28.04.2026,"1,270,102",265,"1421281011,74"
DNU,28.04.2026,"44,875,375",16,"36897206,67"
DOC,28.04.2026,"44,957,867",178,"4603636666,83"
DOD,28.04.2026,"6,404,425",24,"15461327350,11"
DOH,28.04.2026,"207,046",5482,"959301069,01"
DOL,28.04.2026,"48,982,594",383,"3480377623,60"
DOR,28.04.2026,"66,432,109",1,"478492211,47"
DOS,28.04.2026,"65,374,039",2,"3081165128,66"
DOV,28.04.2026,"57,132,484",17782,"71312882189,35"
DP1,28.04.2026,"1,780,919",7,"5068082993,78"
DP2,28.04.2026,"62,618,786",11,"337997296,76"
DP3,28.04.2026,"65,060,398",4,"265043177,70"
DP4,28.04.2026,"68,123,998",3,"510895309,51"
DP5,28.04.2026,"76,807,248",1,"1663404897,96"
DP6,28.04.2026,"44,957,445",215,"1814990991,08"
DP7,28.04.2026,"56,819,745",3,"511478961,48"
DP8,28.04.2026,"45,331,889",50,"376847576,81"
DP9,28.04.2026,"4,502,143",155,"5690215577,70"
DPB,28.04.2026,"22,792,755",3849,"20772877050,87"
DPC,28.04.2026,"92,396,403",1,"318247862,10"
DPE,28.04.2026,"21,087,779",1,"1380335964,01"
DPG,28.04.2026,"93,580,985",2,"536611426,29"
DPI,28.04.2026,"7,945,147",111,"263962294,65"
DPK,28.04.2026,"7,711,002",1312,"828820561,92"
DPL,28.04.2026,"95,943,579",1,"2480293488,24"
DPN,28.04.2026,"56,394,556",1,"2212922,38"
DPP,28.04.2026,"156,590,655",2,"211386735,78"
DPT,28.04.2026,"1,740,582",5504,"342928872,29"
DPZ,28.04.2026,"76,593,262",1,"115473686,24"
DRA,28.04.2026,"1,200,982",16,"48683954,37"
DRD,28.04.2026,"53,082,786",153,"1663958865,68"
DRH,28.04.2026,"1,071,071",69,"148502729,69"
DRS,28.04.2026,"69,966,647",3,"232447041,92"
DRT,28.04.2026,"110,936",353,"19793105,77"
DSC,28.04.2026,"62,351,324",1,"926547406,97"
DSD,28.04.2026,"67,397,664",1669,"5765653689,22"
DSH,28.04.2026,"2,018,971",101,"24648615,62"
DSP,28.04.2026,"13,605,256",1092,"140264910,19"
DSV,28.04.2026,"45,864,627",48,"1214268340,16"
DTH,28.04.2026,"1,251,357",123,"174074255,92"
DTL,28.04.2026,"3,909,168",3752,"164832143,30"
DTM,28.04.2026,"1,369,638",3158,"67758042,89"
DTO,28.04.2026,"45,000,532",159,"112121255,01"
DTP,28.04.2026,"1,836,139",4,"1663487014,45"
DTV,28.04.2026,"63,754,927",4,"3846090427,23"
DTZ,28.04.2026,"4,602,795",6331,"273703757,22"
DUC,28.04.2026,"65,612",12,"227254,37"
DUD,28.04.2026,"48,275,463",264,"322880778,40"
DUH,28.04.2026,"1,178,327",79,"5168620,05"
DUT,28.04.2026,"45,208,379",258,"834993343,27"
DUV,28.04.2026,"1,211,536",217,"71290467,81"
DVC,28.04.2026,"63,807,914",1,"52641528,84"
DVI,28.04.2026,"72,540,432",2,"183012182,20"
DVN,28.04.2026,"60,588,994",1,"290193288,73"
DVO,28.04.2026,"4,743,164",1,"30392234,02"
DVS,28.04.2026,"1,391,996",315,"260399913,19"
DVT,28.04.2026,"835,836",10799,"743020045,00"
DVU,28.04.2026,"7,667,827",5,"1380397510,21"
DVZ,28.04.2026,"61,882,073",1,"1300238633,66"
DXP,28.04.2026,"1,828,341",1179,"54266575,23"
DYJ,28.04.2026,"45,145,985",156,"1063977783,61"
DYN,28.04.2026,"4,341,669",1680,"58247318,67"
DYS,28.04.2026,"1,492,477",13,"17328835,85"
DZ2,28.04.2026,"1,416,938",2,"12250674649,05"
DZE,28.04.2026,"101,152",3029,"259006489,09"
DZM,28.04.2026,"80,874,239",4837,"19881873564,99"
DZP,28.04.2026,"56,513,814",2,"440129584,52"
DZS,28.04.2026,"140,485",157,"62494347,40"
EBD,28.04.2026,"229,468",395,"46141463,91"
EBI,28.04.2026,"53,303,179",30,"585848946,00"
EBS,28.04.2026,"45,550,636",32,"3316316912,11"
EC2,28.04.2026,"87,763,649",2580,"89962549,98"
ECA,28.04.2026,"1,708,422",390,"161784864,16"
ECB,28.04.2026,"47,379,329",3203,"842497430,50"
ECV,28.04.2026,"435,971",2396,"97415749,29"
EDD,28.04.2026,"1,052,407",13,"10610162,44"
EDP,28.04.2026,"1,028,451",34,"52437759,93"
EDT,28.04.2026,"1,998,528",627,"964304463,92"
EDU,28.04.2026,"329,965",663,"441240653,22"
EES,28.04.2026,"55,153,292",1,"461160224,89"
EGP,28.04.2026,"53,989,042",50,"246953543,69"
EHS,28.04.2026,"2,886,474",3,"681031694,21"
EIB,28.04.2026,"580,907",450,"281961389,38"
EID,28.04.2026,"1,845,061",2192,"119766495,07"
EIL,28.04.2026,"465,219",1917,"1365147479,56"
EJG,28.04.2026,"958,736",1,"655959553,54"
EKF,28.04.2026,"125,046",5409,"1849312960,04"
EKL,28.04.2026,"1,618,441",1450,"22999077210,15"
ELZ,28.04.2026,"13,796,784",786,"563218089,14"
EME,28.04.2026,"1,203,309",26,"41582057,11"
EML,28.04.2026,"1,177,296",784,"43104364,10"
ENA,28.04.2026,"1,053,824",15,"10927513,48"
ENJ,28.04.2026,"1,354,423",742,"49874339,29"
ENO,28.04.2026,"45,079,416",10,"45120888,63"
ENR,28.04.2026,"1,064,696",35,"13424645,19"
ENS,28.04.2026,"1,086,537",14,"11127277,58"
EPA,28.04.2026,"121,882",87,"435016845,48"
EPI,28.04.2026,"1,158,174",187,"273761324,41"
EPK,28.04.2026,"1,426,185",2056,"280176188,60"
EPO,28.04.2026,"57,633,454",1,"425910940,19"
EPP,28.04.2026,"1,303,882",40,"1703041670,62"
EPT,28.04.2026,"1,180,295",55,"918471749,86"
ESG,28.04.2026,"420,962",83,"117588586,29"
ESN,28.04.2026,"1,640,083",12,"63239343,28"
ESP,28.04.2026,"520,529",378,"63280230,11"
EUN,28.04.2026,"59,801,935",3603,"6435352512,19"
EUZ,28.04.2026,"59,269,068",39787,"138387196664,04"
EVM,28.04.2026,"1,086,212",610,"45817363,03"
EYT,28.04.2026,"2,799,934",631,"87530469,15"
EZM,28.04.2026,"42,152,551",1,"4215255,13"
FAK,28.04.2026,"137,229",451,"34030838,03"
FAL,28.04.2026,"1,257,313",935,"345876877,07"
FBC,28.04.2026,"2,267,421",5915,"195056313,06"
FBI,28.04.2026,"49,262,016",5462,"20089066747,74"
FBN,28.04.2026,"10,332,117",15,"15985697,14"
FBV,28.04.2026,"7,173,257",2331,"672010819,06"
FBZ,28.04.2026,"4,152,589",381,"188689586,30"
FCK,28.04.2026,"1,942,875",869,"344724324,66"
FCS,28.04.2026,"2,046,681",177,"1506474918,99"
FD1,28.04.2026,"1,822,654",176,"30508907,77"
FDE,28.04.2026,"45,026,696",895,"4179377955,21"
FDG,28.04.2026,"2,693,079",1502,"313081063,02"
FDO,28.04.2026,"57,230,226",1,"271120355,15"
FDV,28.04.2026,"5,229,027",1,"1307256680,61"
FDY,28.04.2026,"45,158,326",890,"3884521353,19"
FDZ,28.04.2026,"303,405",12,"230326037,03"
FFD,28.04.2026,"45,232",355,"227220152,80"
FFF,28.04.2026,"62,520,689",1,"1051743531,69"
FFH,28.04.2026,"792,027",1963,"1263130440,81"
FFO,28.04.2026,"58,133,302",7,"104747721,88"
FFP,28.04.2026,"7,357,556",2831,"2553118270,78"
FHI,28.04.2026,"1,501,288",11,"235299397,48"
FHP,28.04.2026,"3,001,527",45,"9981507503,88"
FHZ,28.04.2026,"62,403,084",3,"723283379,96"
FI3,28.04.2026,"730,261,297",9865,"1836718621,37"
FI5,28.04.2026,"657,096,514",51873,"92511855931,45"
FIB,28.04.2026,"512,898",13633,"6213027971,03"
FID,28.04.2026,"1,009,094",1817,"972239915,39"
FIL,28.04.2026,"328,994",19030,"12513171968,48"
FIT,28.04.2026,"215,329",607,"216131659,47"
FJB,28.04.2026,"6,450,111",838,"393368179,47"
FJC,28.04.2026,"55,642,882",88,"1265095563,60"
FJM,28.04.2026,"53,671,777",1744,"8678286968,31"
FJN,28.04.2026,"53,476,527",1261,"5488445541,07"
FJZ,28.04.2026,"6,171,888",890,"1715843607,87"
FKE,28.04.2026,"56,050,528",12702,"49768253932,87"
FKH,28.04.2026,"45,549,183",2132,"12498240447,10"
FKV,28.04.2026,"4,516,421",488,"2221175861,07"
FLS,28.04.2026,"57,892,942",2086,"3063292447,81"
FLY,28.04.2026,"1,615,618",1616,"118022286,12"
FMG,28.04.2026,"3,691,753",12874,"14405827676,97"
FMS,28.04.2026,"53,722,173",1,"629716375,71"
FMV,28.04.2026,"1,259,742",23,"138507688,06"
FNE,28.04.2026,"2,737,881",1,"1067335,54"
FNN,28.04.2026,"0,00",1,"0,00"
FNO,28.04.2026,"19,029",8570,"15590506804,75"
FNT,28.04.2026,"2,028,925",2141,"597267535,65"
FP4,28.04.2026,"1,264,399",120,"93524052,80"
FPE,28.04.2026,"709,322",1431,"318955573,75"
FPG,28.04.2026,"24,163",2548,"1309501127,98"
FPH,28.04.2026,"34,134,218",4850,"1534227410,18"
FPI,28.04.2026,"2,343,399",169,"112250388,93"
FPK,28.04.2026,"87,655",1164,"280031639,35"
FPR,28.04.2026,"11,235,835",21,"173970419,99"
FPZ,28.04.2026,"64,208,184",19559,"133013988510,18"
FR1,28.04.2026,"1,477,138",21,"562267345,99"
FRA,28.04.2026,"32,782,903",2,"535876610,48"
FRC,28.04.2026,"1,767,221",398,"91080873,54"
FRZ,28.04.2026,"15,515,093",2,"277730144,65"
FS1,28.04.2026,"1,783,051",296,"216825954,78"
FS2,28.04.2026,"2,062,229",28,"16218274,88"
FS3,28.04.2026,"191,778",22,"1630653793,12"
FS4,28.04.2026,"8,728,876",21,"4481203285,01"
FS5,28.04.2026,"2,521,556",9,"22170176,08"
FS6,28.04.2026,"1,577,366",388,"116796676,84"
FSF,28.04.2026,"6,112,996",7242,"11289826797,69"
FSG,28.04.2026,"3,760,589",848,"1045904934,95"
FSH,28.04.2026,"4,157,789",473,"338377123,40"
FSK,28.04.2026,"5,420,406",2576,"6431154036,45"
FSM,28.04.2026,"8,056,105",21,"1081117356,20"
FSP,28.04.2026,"37,243,833",23,"473145,66"
FSR,28.04.2026,"4,493,829",2538,"8822732057,62"
FSU,28.04.2026,"1,324,971",7279,"928610162,47"
FSV,28.04.2026,"52,949,169",876,"5365339276,34"
FTL,28.04.2026,"1,356,204",212,"390349383,53"
FTM,28.04.2026,"52,330,923",14,"1697818128,11"
FTY,28.04.2026,"44,993,144",1253,"7526003156,83"
FUA,28.04.2026,"5,445,278",5051,"343984432,29"
FUB,28.04.2026,"705,278",2285,"1416498165,65"
FUM,28.04.2026,"58,770,727",2,"422622176,84"
FUN,28.04.2026,"1,475,396",11,"18103971,23"
FUP,28.04.2026,"102,649,709",2,"450393253,26"
FVL,28.04.2026,"4,376,692",54,"1442044464,19"
FYA,28.04.2026,"54,395",159,"1809430098,54"
FYB,28.04.2026,"93,639,992",9,"186947094,75"
FYD,28.04.2026,"11,989,513",5921,"3751545465,85"
FYF,28.04.2026,"99,761",11,"34987065,01"
FYG,28.04.2026,"15,606,565",2,"89772802,77"
FYH,28.04.2026,"82,570,139",26,"967814096,01"
FYI,28.04.2026,"911,472",196,"40864869,71"
FYM,28.04.2026,"410,411",15,"321635645,32"
FYO,28.04.2026,"1,051,777",1290,"982892411,97"
FYT,28.04.2026,"326,062",99065,"3108139863,13"
FYZ,28.04.2026,"6,241,645",2,"270991498,03"
FZJ,28.04.2026,"5,238,823",2353,"1273251788,00"
FZP,28.04.2026,"6,044,034",657,"1059447791,30"
GA1,28.04.2026,"1,807,586",1551,"350646419,49"
GAC,28.04.2026,"71,084,334",1,"392931235,41"
GAE,28.04.2026,"46,596",15228,"1612992142,97"
GAF,28.04.2026,"1,739,452",1801,"222014209,14"
GAG,28.04.2026,"16,789,862",227,"759147929,55"
GAH,28.04.2026,"11,568,403",3049,"436378357,47"
GAJ,28.04.2026,"59,150,918",1,"469366557,39"
GAL,28.04.2026,"364,041,713",56891,"59492397116,78"
GAN,28.04.2026,"9,008,918",11,"24261556,60"
GAS,28.04.2026,"296,039",2337,"3336964501,63"
GAU,28.04.2026,"6,138,452",5,"1987650883,56"
GAV,28.04.2026,"57,489,986",1,"226568033,11"
GBC,28.04.2026,"281,247",1635,"296769010,26"
GBG,28.04.2026,"509,274",3336,"158198807,40"
GBH,28.04.2026,"4,216,394",2766,"2222029772,03"
GBJ,28.04.2026,"1,546,173",2131,"665881124,92"
GBL,28.04.2026,"770,754",1743,"3072935172,29"
GBN,28.04.2026,"6,091,346",462,"5672633995,40"
GBP,28.04.2026,"66,537,225",2,"3649272005,07"
GBV,28.04.2026,"1,160,605",23183,"2436980726,70"
GBZ,28.04.2026,"3,421,726",3558,"1598636187,49"
GCA,28.04.2026,"67,223,963",2,"778695293,96"
GCC,28.04.2026,"5,305,749",2,"1178196720,66"
GCD,28.04.2026,"3,044,475",13,"424772994,39"
GCI,28.04.2026,"60,097,758",3,"205888668,43"
GCZ,28.04.2026,"57,568,192",1,"11209390,47"
GDJ,28.04.2026,"57,125,921",4,"462801535,19"
GDP,28.04.2026,"62,007,271",1,"1440804051,60"
GEC,28.04.2026,"71,169,264",3,"399372304,64"
GEI,28.04.2026,"102,038,276",11,"3772148749,22"
GEZ,28.04.2026,"56,434,678",1,"374413386,70"
GFB,28.04.2026,"65,241,721",4,"398369669,20"
GFD,28.04.2026,"64,802,493",2,"115371637,64"
GFI,28.04.2026,"49,795,827",3,"1610274506,18"
GFL,28.04.2026,"10,696,408",1,"315404193,69"
GFN,28.04.2026,"73,733,572",3,"853350778,32"
GFY,28.04.2026,"64,431,597",3,"395541769,63"
GGA,28.04.2026,"62,607,949",3,"8162182750,04"
GGC,28.04.2026,"5,272,957",5,"185254790,27"
GGD,28.04.2026,"61,279,873",2,"5847469325,56"
GGK,28.04.2026,"14,081,594",13310,"2860650676,18"
GGM,28.04.2026,"748,645",1,"2562544124,10"
GGN,28.04.2026,"6,391,529",4,"445069389,98"
GGP,28.04.2026,"2,631,713",1,"182298,76"
GGR,28.04.2026,"63,317,472",3,"1511193163,03"
GHS,28.04.2026,"40,061,012",14821,"3303835217,91"
GID,28.04.2026,"1,674,235",2289,"55477996,74"
GIE,28.04.2026,"3,685,982",5148,"94433079,90"
GIH,28.04.2026,"2,470,688",710,"19026847,37"
GJA,28.04.2026,"61,481,443",3,"876931711,94"
GJB,28.04.2026,"10,183,586",1066,"78139899,83"
GJD,28.04.2026,"59,202,569",3,"385319859,64"
GJE,28.04.2026,"58,865,979",2,"136375579,48"
GJF,28.04.2026,"59,653,318",2,"227048222,58"
GJH,28.04.2026,"3,482,475",25838,"140013750146,68"
GJM,28.04.2026,"37,313,512",69,"428502100,59"
GJO,28.04.2026,"55,710,956",1,"544822453,51"
GKE,28.04.2026,"0,00",0,"0,01"
GKF,28.04.2026,"4,811,791",795,"45186802,30"
GKG,28.04.2026,"1,387,728",1341,"45942759,70"
GKH,28.04.2026,"3,975,499",1891,"5812819612,19"
GKK,28.04.2026,"61,033,925",2,"1868712730,09"
GKL,28.04.2026,"15,219,203",4,"856068094,03"
GKM,28.04.2026,"45,333,274",14,"122563947,59"
GKO,28.04.2026,"0,00",0,"0,01"
GKV,28.04.2026,"776,448",3529,"387517422,96"
GL1,28.04.2026,"1,441,879,037",997,"1261713367,75"
GLC,28.04.2026,"4,265,472",72,"16481387,66"
GLG,28.04.2026,"8,315,138",618,"66334204,83"
GLM,28.04.2026,"517,503",11,"260858205,55"
GLP,28.04.2026,"63,127,236",4,"517770916,50"
GLS,28.04.2026,"152,065",1393,"554230251,47"
GLV,28.04.2026,"8,349,328",28,"87127632,13"
GMA,28.04.2026,"193,728",1557,"2513753134,39"
GMC,28.04.2026,"8,741,221",24973,"5131521147,70"
GMD,28.04.2026,"2,561,925",120,"3055112,97"
GME,28.04.2026,"26,719,674",2,"376992664,27"
GMI,28.04.2026,"1,531,997",6215,"537381839,99"
GMM,28.04.2026,"4,506,039",27,"419940076,73"
GMN,28.04.2026,"1,209,288",32,"78680401,07"
GMO,28.04.2026,"2,969,675",4,"2377079193,44"
GMP,28.04.2026,"57,996,541",1,"1515716400,61"
GMR,28.04.2026,"1,374,734",5114,"207685787,56"
GMV,28.04.2026,"0,00",0,"0,01"
GMZ,28.04.2026,"12,928,445",2,"351945728,04"
GNH,28.04.2026,"1,494,492",198,"7249196,16"
GNK,28.04.2026,"64,574,848",1,"442697521,02"
GNL,28.04.2026,"5,642,902",4,"1678559513,20"
GNP,28.04.2026,"1,307,981",5254,"1290961749,87"
GNS,28.04.2026,"1,543,235",1453,"75981837,49"
GNZ,28.04.2026,"1,448,344",462,"1716777,75"
GO1,28.04.2026,"4,308,239",1073,"146567685,37"
GO2,28.04.2026,"4,605,539",580,"33846022,63"
GO3,28.04.2026,"4,701,135",597,"47085136,42"
GO4,28.04.2026,"5,084,248",957,"64759909,49"
GO6,28.04.2026,"3,732,971",4275,"4968830221,68"
GO9,28.04.2026,"2,527,301",1806,"390269540,53"
GOF,28.04.2026,"47,862,417",133,"66089765,44"
GOH,28.04.2026,"16,087,916",8960,"675940194,84"
GOL,28.04.2026,"2,847,045",13547,"5313800752,78"
GOP,28.04.2026,"1,071,925",409,"750726941,49"
GP1,28.04.2026,"3,834,262",1,"175294290,37"
GP3,28.04.2026,"57,416,399",299,"380808066,56"
GPA,28.04.2026,"21,556,958",5658,"773961925,28"
GPB,28.04.2026,"11,119,495",9852,"1223151130,63"
GPC,28.04.2026,"67,029,302",3961,"7450792386,56"
GPF,28.04.2026,"8,286,683",2866,"852105706,93"
GPG,28.04.2026,"14,597,541",2761,"867671687,87"
GPH,28.04.2026,"43,299,193",1,"2538934,78"
GPI,28.04.2026,"16,900,003",3031,"748999445,04"
GPJ,28.04.2026,"53,901,453",2,"883590233,10"
GPL,28.04.2026,"49,435,702",39243,"99624893462,71"
GPM,28.04.2026,"58,022,245",2,"1209014051,46"
GPN,28.04.2026,"1,230,121",2122,"2127132102,89"
GPT,28.04.2026,"2,476,555",2660,"88939065,56"
GPU,28.04.2026,"1,975,046",2717,"402768775,86"
GPV,28.04.2026,"63,163,618",1,"545118445,64"
GPZ,28.04.2026,"1,738,205",212,"8856014802,42"
GRL,28.04.2026,"1,738,956",349,"1017436460,97"
GRO,28.04.2026,"50,332,933",27139,"186611655749,47"
GRT,28.04.2026,"1,580,422",1444,"75513526,77"
GSE,28.04.2026,"60,006,222",106,"1456908890,88"
GSG,28.04.2026,"6,649,309",1,"82271634,83"
GSL,28.04.2026,"3,047,405",1,"294815268,53"
GSO,28.04.2026,"13,513,695",5,"309523004,98"
GSP,28.04.2026,"548,227",13954,"2912119867,72"
GSR,28.04.2026,"53,072,494",2,"246424079,38"
GSU,28.04.2026,"0,00",0,"0,01"
GTA,28.04.2026,"162,072",81497,"28079651585,98"
GTF,28.04.2026,"13,641,337",574,"201597563,46"
GTH,28.04.2026,"1,335,306",397,"10261638,10"
GTK,28.04.2026,"6,350,367",1,"25588596310,09"
GTL,28.04.2026,"119,371",322847,"140544141937,61"
GTM,28.04.2026,"7,884,676",14454,"1201598699,19"
GTN,28.04.2026,"48,772,334",2,"1366236706,96"
GTY,28.04.2026,"579,623",655,"477755567,33"
GTZ,28.04.2026,"1,297,838",70578,"15949904139,85"
GUA,28.04.2026,"5,462,515",1,"1867419775,80"
GUB,28.04.2026,"2,275,677",3477,"2183786648,38"
GUC,28.04.2026,"1,293,992",1,"2801643656,25"
GUH,28.04.2026,"372,132",27149,"2677449216,18"
GUK,28.04.2026,"1,565,812",3362,"1303186370,49"
GUM,28.04.2026,"13,805,142",58637,"8097488143,34"
GUV,28.04.2026,"1,603,527",2100,"626905416,92"
GVA,28.04.2026,"4,175,703",3452,"96783815,48"
GVB,28.04.2026,"63,302,825",3,"3323375536,43"
GVC,28.04.2026,"60,029,479",1,"284495787,14"
GVD,28.04.2026,"19,882,741",1,"439706,81"
GVI,28.04.2026,"5,476,802",5391,"1409594326,16"
GVL,28.04.2026,"62,029,597",3,"488304058,11"
GVZ,28.04.2026,"68,681,904",2,"380041286,09"
GYC,28.04.2026,"3,680,877",1,"15108858787,33"
GYG,28.04.2026,"66,967,458",4,"498779049,10"
GYK,28.04.2026,"102,024",281,"73755940,56"
GYL,28.04.2026,"12,937,847",7708,"1012185552,91"
GYN,28.04.2026,"62,949,141",1,"1297606214,00"
GYR,28.04.2026,"58,752,801",5,"565207230,57"
GZB,28.04.2026,"6,654,081",1,"1264275440,10"
GZD,28.04.2026,"57,781,315",3,"50656763,42"
GZE,28.04.2026,"7,293,581",5304,"1902132214,87"
GZG,28.04.2026,"5,831,169",1622,"425159344,74"
GZH,28.04.2026,"508,845",6439,"430997255,69"
GZJ,28.04.2026,"8,247,938",6082,"1986650790,48"
GZL,28.04.2026,"5,228,925",6208,"346985774,89"
GZM,28.04.2026,"8,255,485",321,"120559258,03"
GZN,28.04.2026,"44,249,026",1718,"445195689,20"
GZO,28.04.2026,"65,757,627",1,"108152752,76"
GZP,28.04.2026,"7,058,517",9804,"4255747085,67"
GZR,28.04.2026,"11,822,878",2194,"1082343016,27"
GZU,28.04.2026,"63,173,841",2,"431455162,47"
GZV,28.04.2026,"7,973,445",1378,"95158454,31"
GZY,28.04.2026,"7,200,594",2337,"64472049,24"
GZZ,28.04.2026,"6,539,842",1294,"61120510,22"
HAE,28.04.2026,"52,173,017",1069,"2358784485,58"
HAG,28.04.2026,"57,716,029",47,"408949001,32"
HAM,28.04.2026,"3,145,239",8996,"1840754059,27"
HAR,28.04.2026,"1,056,247",63,"40302575,70"
HAT,28.04.2026,"1,799,739",120,"8835808,45"
HB1,28.04.2026,"46,966,715",330,"21203710636,12"
HB2,28.04.2026,"54,489,079",188,"10777285413,09"
HBF,28.04.2026,"5,146,552",12743,"7281826263,02"
HBJ,28.04.2026,"2,410,438",1,"241043,75"
HBN,28.04.2026,"4,066,492",1128,"528985509,71"
HBU,28.04.2026,"1,486,429",2867,"474838924,23"
HBV,28.04.2026,"16,079,005",18,"925329549,30"
HCV,28.04.2026,"1,017,312",219,"60663782,19"
HDA,28.04.2026,"2,835,517",775,"413926501,00"
HDE,28.04.2026,"5,434,865",4390,"7984640301,46"
HDH,28.04.2026,"9,267,313,504",18,"34370019216,17"
HDJ,28.04.2026,"5,784,671",11,"14343704,98"
HDK,28.04.2026,"2,805,437",151,"12830490,74"
HDS,28.04.2026,"15,384,664",13,"1544903311,49"
HDV,28.04.2026,"61,987,951",2209,"4313211374,31"
HEH,28.04.2026,"2,914,564",1867,"732527896,68"
HFA,28.04.2026,"293,466",2,"4149112819,61"
HFI,28.04.2026,"1,654,942",158,"47145159,58"
HFR,28.04.2026,"1,510,777",784,"92583142,70"
HFV,28.04.2026,"59,401,788",3371,"8955023687,63"
HFY,28.04.2026,"1,165,118",28,"793270061,30"
HGC,28.04.2026,"4,938,063",196,"313031565,01"
HGH,28.04.2026,"1,786,827",21,"79309099,95"
HGJ,28.04.2026,"13,507,929",11,"6037085,13"
HGM,28.04.2026,"4,016,688",2090,"157990900,26"
HGR,28.04.2026,"1,184,407",343,"55164715,24"
HGT,28.04.2026,"88,622,812",14,"3630287631,59"
HGU,28.04.2026,"4,423,833",2,"2481852412,85"
HGV,28.04.2026,"5,350,727",553,"65178691,62"
HIA,28.04.2026,"138,249",349,"485965249,05"
HIF,28.04.2026,"639,627",23,"1111268,02"
HIH,28.04.2026,"1,429,318",6309,"364741467,48"
HII,28.04.2026,"309,114",1,"1018120059,67"
HIM,28.04.2026,"3,577,958",299,"416664160,92"
HIP,28.04.2026,"191,631",859,"1290420972,89"
HIS,28.04.2026,"3,479,931",12,"1417170,52"
HIZ,28.04.2026,"1,929,524",1130,"182722521,55"
HJA,28.04.2026,"28,832,147",13,"3345100286,83"
HJB,28.04.2026,"4,402,167",1832,"139638421,20"
HKG,28.04.2026,"1,411",999,"35289736,22"
HKH,28.04.2026,"8,506,525",16035,"1773672597,67"
HKJ,28.04.2026,"1,224,342",2657,"12758205081,08"
HKM,28.04.2026,"4,887,955",1591,"167146137,74"
HKP,28.04.2026,"5,558,195",125,"423536524,79"
HKR,28.04.2026,"3,991,721",1845,"1717794857,05"
HKV,28.04.2026,"524,964,202",37364,"3784693718,21"
HLA,28.04.2026,"2,302,078",11,"51388121,23"
HLL,28.04.2026,"337,932",1037933,"42594189032,81"
HLR,28.04.2026,"247,271,971",14,"5837924817,02"
HMC,28.04.2026,"7,585,708",123,"6909381,03"
HME,28.04.2026,"50,579,775",8306,"24944798742,77"
HMG,28.04.2026,"60,821",4753,"1866067893,61"
HMK,28.04.2026,"304,567,654",112,"293181392,04"
HML,28.04.2026,"4,592,988",45,"20181727,20"
HMS,28.04.2026,"103,815",4516,"436547437,46"
HMT,28.04.2026,"6,788,157",22,"567699418,50"
HMV,28.04.2026,"19,295,983",13,"15775369840,04"
HNC,28.04.2026,"1,388,536",109,"14591596,44"
HNS,28.04.2026,"46,633,271",109,"489573798,32"
HOA,28.04.2026,"220,253",3357,"1527643525,04"
HOY,28.04.2026,"329,453",2618,"1230209295,38"
HP3,28.04.2026,"54,123,325",141,"305242456,89"
HPC,28.04.2026,"11,961,039",7,"34546389274,40"
HPD,28.04.2026,"212,726",1564,"343617106,18"
HPF,28.04.2026,"36,846,923",12,"1589912311,75"
HPH,28.04.2026,"211,502",10579,"12811625086,67"
HPI,28.04.2026,"8,095,737",14,"278607357,96"
HPJ,28.04.2026,"3,721,936",1,"73020879,46"
HPL,28.04.2026,"261,464",24,"1185929120,54"
HPO,28.04.2026,"153,128",3049,"1296212691,70"
HPT,28.04.2026,"101,014",10349,"2485800050,55"
HPV,28.04.2026,"6,923,243",341942,"8208834297,44"
HPZ,28.04.2026,"592,661,957",16,"1198955,14"
HRZ,28.04.2026,"2,269,883",8297,"651889923,50"
HSA,28.04.2026,"1,548,314,339",2724,"4167702991,96"
HSL,28.04.2026,"365,371,636",24340,"22570311805,46"
HSP,28.04.2026,"45,219,175",1072,"1944745808,27"
HST,28.04.2026,"920,657",3904,"456606489,35"
HTF,28.04.2026,"1,280,441",534,"7527075104,45"
HTJ,28.04.2026,"1,661,486",152,"8999808,64"
HTS,28.04.2026,"52,300,825",1796,"3158862958,63"
HTZ,28.04.2026,"1,545,358",13,"731300066,53"
HUI,28.04.2026,"86,642,073",1,"2044723111,81"
HUS,28.04.2026,364,12,"2071072,39"
HVA,28.04.2026,"417,676,414",17,"115552268,41"
HVB,28.04.2026,"1,770,088",13,"2032796636,81"
HVC,28.04.2026,"25,779,283",17,"70318948,54"
HVI,28.04.2026,"126,616",498,"49725509,39"
HVK,28.04.2026,"5,077,762",2129,"1127157537,84"
HVL,28.04.2026,"20,450,664",11,"2871273,18"
HVN,28.04.2026,"5,406,813",12,"6136575,60"
HVS,28.04.2026,"1,592,293",10936,"2955765576,63"
HVT,28.04.2026,"4,158,289",2108,"782852481,20"
HVU,28.04.2026,"5,371,115",906,"21523788,88"
HVV,28.04.2026,"6,479,881",1,"3285680726,57"
HVZ,28.04.2026,"6,892,577",2071,"104773926,53"
HYK,28.04.2026,"1,023,248",24,"198045566,75"
HYP,28.04.2026,"9,097,586",60,"23208213,64"
HYU,28.04.2026,"1,595,224",299,"1017541491,23"
HYV,28.04.2026,"5,610,015",7655,"7156026912,02"
HYY,28.04.2026,"12,495,528",1,"6166389156,16"
HZV,28.04.2026,"5,774,786",3,"945878210,15"
IAC,28.04.2026,"4,224,227",1,"2929159217,59"
IAE,28.04.2026,"1,977,137",520,"242490825,94"
IAF,28.04.2026,"869,521",11,"55256200,18"
IAI,28.04.2026,"6,600,932",1,"75219799,17"
IAM,28.04.2026,"1,624,708",3140,"91663316,25"
IAR,28.04.2026,"72,828,677",28,"164199389,43"
IAS,28.04.2026,"2,180,641",17,"3529023263,48"
IAT,28.04.2026,"177,474",8451,"1625111447,92"
IAU,28.04.2026,"2,386,513",299,"38624450,63"
IAY,28.04.2026,"1,525,317",221,"49411618,69"
IBB,28.04.2026,"14,220,486",8755,"1122462375,92"
IBC,28.04.2026,"17,343,966",5,"371661999,21"
IBE,28.04.2026,"22,725,699",12,"752852300,74"
IBG,28.04.2026,"1,454,658",11,"485483416,37"
IBJ,28.04.2026,"60,742,009",23,"737917797,44"
IBK,28.04.2026,"121,243",122422,"210848949,68"
IBM,28.04.2026,"3,564,936",17,"245854351,93"
IBP,28.04.2026,"64,438,772",4,"4310474894,92"
IBR,28.04.2026,"266,272",71,"1551554106,01"
ICA,28.04.2026,"561,071",3445,"725455839,67"
ICC,28.04.2026,"1,270,951",288,"30627869,95"
ICD,28.04.2026,"121,516,108",212,"41338686,22"
ICE,28.04.2026,"113,291,856",5562,"2030350934,28"
ICF,28.04.2026,"187,130,955",552,"19946662,77"
ICG,28.04.2026,"65,618,969",1,"1167430357,47"
ICH,28.04.2026,"2,018,963",1541,"166971076,26"
ICN,28.04.2026,"3,745,665",15,"163865251,96"
ICS,28.04.2026,"47,765,268",67,"43064066,71"
ICV,28.04.2026,"5,524,381",50,"6723105,36"
ICZ,28.04.2026,"8,194,114",22222,"974734255,46"
IDD,28.04.2026,"150,703",25,"31554234,35"
IDF,28.04.2026,"71,805,249",4577,"13391459124,22"
IDH,28.04.2026,"1,260,845",22483,"1067324225,78"
IDI,28.04.2026,"147,616",367,"20002130,84"
IDL,28.04.2026,"5,337,712",3686,"3071210454,94"
IDO,28.04.2026,"54,988,317",14989,"74584126857,68"
IDP,28.04.2026,"1,957,584",29,"193640857,34"
IDV,28.04.2026,"66,184,835",2,"519987511,99"
IDY,28.04.2026,"214,874",3127,"621070356,28"
IED,28.04.2026,"997,118",944,"20597784,36"
IEN,28.04.2026,"1,285,606",135,"52606951,81"
IEV,28.04.2026,"4,852,445",3144,"57135331,64"
IEZ,28.04.2026,"6,169,086",3,"124029002,14"
IFD,28.04.2026,"56,147,346",9,"1122946927,55"
IFN,28.04.2026,"9,634,556",482,"6209664,19"
IFV,28.04.2026,"4,147,444",211,"15631985,45"
IFY,28.04.2026,"6,810,889",1,"136217789,17"
IGF,28.04.2026,"6,326,941",2,"1337022209,42"
IGL,28.04.2026,"512,967,377",17780,"4862719396,10"
IGM,28.04.2026,"61,809,501",3,"1180536559,45"
IGZ,28.04.2026,"10,578,487",3,"2127741535,33"
IHA,28.04.2026,"3,215,063",393,"9609119,27"
IHC,28.04.2026,"6,727,714",337,"270984403,66"
IHK,28.04.2026,"17,326,316",33285,"2036271998,18"
IHP,28.04.2026,"1,736,452",338,"192511421,31"
IHT,28.04.2026,"3,798,665",3720,"87801197,51"
IHV,28.04.2026,"191,877",32,"335080544,42"
IHY,28.04.2026,"7,277,164",1,"147030805,23"
IHZ,28.04.2026,"1,053,392",57,"1598317,53"
IIA,28.04.2026,"6,609,747",11,"2530417421,12"
IIC,28.04.2026,"3,283,773",12,"187323463,22"
IIE,28.04.2026,"8,685,653",5330,"1170602383,96"
IIF,28.04.2026,"1,313,925",14,"437554091,89"
IIH,28.04.2026,"33,325,892",24514,"2321532559,42"
IIN,28.04.2026,"123,644",85,"2365935144,32"
IIP,28.04.2026,"325,711",16,"39236703,49"
IIS,28.04.2026,"92,437,018",202,"3434618502,83"
IJA,28.04.2026,"13,301,667",1350,"214860347,43"
IJB,28.04.2026,"5,870,277",7356,"196197358,26"
IJC,28.04.2026,"14,360,641",23551,"2465140818,10"
IJE,28.04.2026,"63,459,454",4,"33993389,29"
IJF,28.04.2026,"9,851,827",2,"904217740,32"
IJH,28.04.2026,"6,685,146",471,"51578126,40"
IJI,28.04.2026,"9,820,076",26,"68025037,84"
IJK,28.04.2026,"59,675,136",3,"273971535,39"
IJL,28.04.2026,"50,687,316",12,"335407651,64"
IJP,28.04.2026,"7,949,449",13031,"571810056,45"
IJT,28.04.2026,"6,496,584",1496,"425549530,67"
IJV,28.04.2026,"4,983,747",3116,"3198825011,64"
IJZ,28.04.2026,"10,641,588",11519,"508474402,01"
IK2,28.04.2026,"44,731,641",96,"200375656,36"
IKL,28.04.2026,"8,711,369",5393,"202862774,39"
IKP,28.04.2026,"8,809,118",13169,"977602106,17"
IKV,28.04.2026,"1,362,347",1099,"218796128,48"
ILC,28.04.2026,"47,564,672",223,"1330758968,06"
ILE,28.04.2026,"4,576,638",1,"10188389256,57"
ILH,28.04.2026,"3,533,233",11003,"123204284547,94"
ILI,28.04.2026,"5,174,082",16,"453148270,59"
ILM,28.04.2026,"7,086,969",13,"308640653,60"
ILP,28.04.2026,"58,133,895",6,"2909171975,74"
ILU,28.04.2026,"1,072,948",1,"1700154200,04"
ILZ,28.04.2026,"7,583,825",7337,"1053161798,17"
IMB,28.04.2026,"1,236,785",231,"32503488,05"
IMF,28.04.2026,"5,306,791",19,"359640088,98"
IMG,28.04.2026,"46,453,498",144,"927353417,10"
IMH,28.04.2026,"6,248,299",1,"2204445253,53"
IML,28.04.2026,"1,696,673",6455,"1105580978,87"
IMO,28.04.2026,"5,293,879",2,"4546372101,94"
IMS,28.04.2026,"14,595,115",4,"542552235,71"
IMT,28.04.2026,"66,414,077",4,"671278884,93"
IMY,28.04.2026,"69,318,452",6,"1488201097,21"
IMZ,28.04.2026,"69,055,996",4,"286412990,47"
INH,28.04.2026,"13,839,771",503,"358794051,35"
INV,28.04.2026,"42,606,944",1,"1815691802,83"
INZ,28.04.2026,"3,054,687",14,"6110482,34"
IOG,28.04.2026,"14,947,072",23317,"16955810931,47"
IOH,28.04.2026,"48,882,028",30,"125168253,80"
IOJ,28.04.2026,"48,204,289",40,"172877691,96"
IOL,28.04.2026,"62,239,933",1,"890355433,22"
IOM,28.04.2026,"3,977,827",15,"599858911,11"
ION,28.04.2026,"2,781,685",15,"177640603,14"
IOO,28.04.2026,"4,075,653",6513,"29146748621,75"
IOP,28.04.2026,"5,586,263",7367,"7109949275,44"
IOT,28.04.2026,"54,631,314",6,"245979675,63"
IOV,28.04.2026,"53,519,056",1,"530236246,77"
IPA,28.04.2026,"784,324",16,"748996466,12"
IPB,28.04.2026,"851,157",17355,"1255323381,72"
IPC,28.04.2026,"23,489,455",1,"13506436,79"
IPE,28.04.2026,"9,192,648",3,"3829802289,57"
IPF,28.04.2026,"113,441",22,"142425036,29"
IPG,28.04.2026,"9,059,902",1947,"351344426,34"
IPJ,28.04.2026,"19,147,099",18120,"1270232072,62"
IPK,28.04.2026,"49,672,588",1,"2970322934,59"
IPO,28.04.2026,"44,432,968",1,"534371263,54"
IPP,28.04.2026,"167,787",187,"6455425191,32"
IPR,28.04.2026,"31,661,734",1,"19471966,50"
IPU,28.04.2026,"44,837,253",1,"5230876278,03"
IPV,28.04.2026,"73,036,745",12330,"1975509119,48"
IRB,28.04.2026,"116,189",884,"870526169,18"
IRE,28.04.2026,"4,482,134",65,"113276434,85"
IRF,28.04.2026,"6,354,431",1615,"352107361,90"
IRL,28.04.2026,"16,399,997",15,"248717400,99"
IRO,28.04.2026,"1,830,525",46,"21791056,68"
IRT,28.04.2026,"6,769,901",1493,"115413936,00"
IRV,28.04.2026,"6,270,993",40,"279812728,65"
IRY,28.04.2026,"3,524,789",2416,"2111360538,10"
ISR,28.04.2026,"18,189,915",8,"943194941,11"
ISS,28.04.2026,"274,772",7,"213144119,73"
IST,28.04.2026,"171,847",3209,"2052622383,03"
ITA,28.04.2026,"67,692,106",1,"759595666,08"
ITC,28.04.2026,"1,257,723",350,"24875842,06"
ITD,28.04.2026,"63,366,168",1,"2344565468,70"
ITJ,28.04.2026,"10,338,872",11,"408925728,21"
ITL,28.04.2026,"3,995,645",1,"4100602658,17"
ITP,28.04.2026,"11,182,936",10659,"932655266,77"
ITR,28.04.2026,"3,931,304",1,"1031448568,47"
ITV,28.04.2026,"45,151,053",25,"164673747,51"
ITZ,28.04.2026,"56,177,262",3,"1746238007,87"
IUA,28.04.2026,"63,579,337",57,"434279997,45"
IUB,28.04.2026,"66,652,427",3,"320912105,37"
IUC,28.04.2026,"1,930,809",1,"937125393,06"
IUF,28.04.2026,"63,768,911",8276,"22599634971,28"
IUH,28.04.2026,"5,368,283",659,"8911423,53"
IUM,28.04.2026,"6,251,528",1,"379815211,89"
IUN,28.04.2026,"71,032,977",4,"278585370,17"
IUV,28.04.2026,"62,769,471",7057,"23379439516,39"
IUZ,28.04.2026,"421,188",1133,"1225521086,47"
IV2,28.04.2026,"18,531,227",14,"1134833604,84"
IV6,28.04.2026,"60,481,377",1,"1513128526,63"
IV7,28.04.2026,"4,496,859",1,"491527764,76"
IV8,28.04.2026,"2,067,915",130,"29518912,86"
IVA,28.04.2026,"2,539,388",3,"126969403,56"
IVF,28.04.2026,"6,338,245",1346,"179856169,41"
IVS,28.04.2026,"5,416,601",30,"449864047,33"
IVY,28.04.2026,"5,316,158",14916,"813257489,53"
IYB,28.04.2026,"5,753,006",517,"99740148,52"
IYP,28.04.2026,"3,043,661",2,"2333371209,01"
IYR,28.04.2026,"130,669",32,"217164410,78"
IYS,28.04.2026,"129,643",16,"5666739325,46"
IYV,28.04.2026,"1,141,142",74,"216735192,23"
IZA,28.04.2026,"2,010,422",1,"500323046,20"
IZB,28.04.2026,"9,089,298",30,"54445606,19"
IZE,28.04.2026,"60,529,582",1,"252620997,75"
IZL,28.04.2026,"4,870,962",21,"89152882,40"
IZS,28.04.2026,"8,393,234",13,"54807816,54"
IZV,28.04.2026,"9,182,621",2,"100546536,25"
IZY,28.04.2026,"45,051,908",32,"50744261,75"
JET,28.04.2026,"2,172,987",19945,"854077926,38"
JOT,28.04.2026,"54,252,121",1,"1069288093,17"
JUP,28.04.2026,"503,427",56,"53754592,52"
KAC,28.04.2026,"3,468,969",2065,"16832427708,01"
KAN,28.04.2026,"6,885,126,094",36,"5025522387,51"
KAV,28.04.2026,"54,586,069",5911,"19427776721,67"
KBJ,28.04.2026,"4,116,464",119,"770471109,88"
KBP,28.04.2026,"1,594,737",6,"376871859,43"
KBZ,28.04.2026,"48,599,409",1,"150390482,79"
KCL,28.04.2026,"1,680,869",202,"15641332,77"
KCV,28.04.2026,"4,716,592",11707,"2149815228,33"
KDE,28.04.2026,"1,565,244",2045,"596111497,68"
KDI,28.04.2026,"53,136,622",10,"353576075,61"
KDK,28.04.2026,"14,476,366",1,"45568516,65"
KDL,28.04.2026,"49,075,672",7282,"25587342105,96"
KDO,28.04.2026,"53,373,055",423,"1676385579,37"
KDS,28.04.2026,"50,738,288",1370,"32791117217,29"
KDT,28.04.2026,"50,617,113",1132,"3216087361,21"
KDV,28.04.2026,"45,259,811",165,"11577258680,97"
KDZ,28.04.2026,"45,868,364",820,"5340857047,71"
KEI,28.04.2026,"1,723,476",1,"309567833,13"
KEO,28.04.2026,"1,608,692",1,"63450686,41"
KEU,28.04.2026,"50,181,181",34,"3979349320,18"
KFZ,28.04.2026,"3,958,694",1,"327019499,72"
KGM,28.04.2026,"3,191,939",30899,"3725616045,52"
KH1,28.04.2026,"1,279,879",833,"88137836,41"
KHA,28.04.2026,"3,364,474",19211,"1805161317,29"
KHB,28.04.2026,"1,514,296",216,"17720035,43"
KHC,28.04.2026,"2,129,455",1640,"117750590,71"
KHD,28.04.2026,"1,312,303",14,"658438383,17"
KHF,28.04.2026,"150,173",13,"1125441,67"
KHJ,28.04.2026,"1,207,177",538,"17329581,04"
KHP,28.04.2026,"1,019,429",193,"6549373789,81"
KHT,28.04.2026,"2,794,769",355,"21344411,01"
KHU,28.04.2026,"35,491,764",1,"3390102,34"
KIA,28.04.2026,"4,452,594",425,"9351551,61"
KIB,28.04.2026,"3,933,983",1004,"11343723,41"
KIE,28.04.2026,"4,074,835",915,"195382316,05"
KIH,28.04.2026,"1,377,577",34,"53467922,72"
KIK,28.04.2026,"1,368,795",1179,"168431564,51"
KIS,28.04.2026,"208,697",838,"92974530,34"
KJK,28.04.2026,"2,113",1,"45220053,19"
KKB,28.04.2026,"59,789,673",1,"14650921,38"
KKC,28.04.2026,"54,391,688",61,"167233825,16"
KKE,28.04.2026,"48,356,046",2,"83500253,72"
KKH,28.04.2026,"6,385,716",5515,"540226409,90"
KKL,28.04.2026,"216,773",1255,"2743159787,75"
KKO,28.04.2026,"45,752,608",262,"2131996324,18"
KKP,28.04.2026,"46,330,368",319,"3764061919,77"
KKT,28.04.2026,"2,760,547",35,"1937641978,10"
KLH,28.04.2026,"2,659,871",2383,"127769183,05"
KLI,28.04.2026,"1,158,228",96,"481336858,73"
KLL,28.04.2026,"54,406,561",1,"10683816,35"
KLM,28.04.2026,"62,272,335",1,"926430253,31"
KLS,28.04.2026,"41,085,516",2,"1009388,95"
KLU,28.04.2026,"4,289,134",87363,"64610249107,69"
KMA,28.04.2026,"15,865,502",1,"11870251,30"
KME,28.04.2026,"1,482,887",1070,"180944031,17"
KMF,28.04.2026,"3,478,646",2691,"2186111421,86"
KMN,28.04.2026,"991,729",4942,"742854076,16"
KMT,28.04.2026,"366,353",1,"90801937,21"
KNC,28.04.2026,"62,776,197",16,"345322253,17"
KNI,28.04.2026,"1,222,996",396,"12458995842,76"
KNJ,28.04.2026,"1,906,217",12786,"904806724,66"
KNN,28.04.2026,"1,325,027",18,"568927832,51"
KNP,28.04.2026,"76,518,412",2,"223077186,27"
KNS,28.04.2026,"3,953,923",1,"4456828419,61"
KNT,28.04.2026,"56,281,971",4,"160826857,84"
KNV,28.04.2026,"66,685,599",5,"299441011,21"
KNZ,28.04.2026,"66,250,807",1,"976325619,97"
KO4,28.04.2026,"52,921,016",880,"4460712458,31"
KOB,28.04.2026,"1,251,522",16,"422007876,17"
KOP,28.04.2026,"7,432,692",14,"15244450,49"
KOT,28.04.2026,"1,432,054",4654,"199487930,79"
KOZ,28.04.2026,"60,252,496",4,"67388621,12"
KP3,28.04.2026,"50,914,778",15,"14624913,63"
KPA,28.04.2026,"1,528,365",11903,"341233696,61"
KPB,28.04.2026,"6,368,972",1,"5104272,36"
KPC,28.04.2026,"19,687,869",20606,"3570590739,86"
KPD,28.04.2026,"46,189,623",580,"249893895,62"
KPF,28.04.2026,"1,554,948",193,"93592612,93"
KPH,28.04.2026,"1,356,014",13265,"676643447,25"
KPI,28.04.2026,"130,448",3743,"3236431108,77"
KPK,28.04.2026,"9,393,961",1,"434495818,84"
KPP,28.04.2026,"2,795,118",759,"687653062,37"
KPR,28.04.2026,"1,659,872",1189,"50503029361,39"
KPU,28.04.2026,"3,793,783",6098,"569873217,80"
KRC,28.04.2026,"132,775",154,"28514515,42"
KRF,28.04.2026,"19,452,106",723,"128054904,01"
KRH,28.04.2026,"1,388,261",42,"1809085368,60"
KRO,28.04.2026,"452,025",60,"289278009,10"
KRR,28.04.2026,"1,114,072",587,"22396451,67"
KRS,28.04.2026,"487,056",1400,"1637386034,65"
KRT,28.04.2026,"69,357,672",172,"789307991,50"
KRV,28.04.2026,"45,123,373",1048,"5351180835,47"
KSA,28.04.2026,"3,609,809",2748,"12083257230,44"
KSC,28.04.2026,"46,104,976",1,"45309895,79"
KSK,28.04.2026,"2,587,943",632,"6002662115,16"
KSL,28.04.2026,"5,353,931",120,"263751129,57"
KSM,28.04.2026,"48,019,932",756,"15324170048,84"
KSP,28.04.2026,"60,995,573",278,"1141227164,38"
KSR,28.04.2026,"4,761,584",3766,"171749821,52"
KST,28.04.2026,"1,986,082",557,"12358916,70"
KSV,28.04.2026,"511,816",11188,"30983282739,79"
KSY,28.04.2026,"9,737,523",83,"3110941166,38"
KTE,28.04.2026,"41,649,835",1,"100542951,15"
KTI,28.04.2026,"1,936,797",540,"228662190,17"
KTJ,28.04.2026,"2,160,147",12531,"761116992,71"
KTM,28.04.2026,"20,141,836",5830,"709817106,07"
KTN,28.04.2026,"7,412,955",3918,"477060050,22"
KTR,28.04.2026,"9,464,886",717,"22004060447,66"
KTS,28.04.2026,"13,715,557",699,"102649380,72"
KTT,28.04.2026,"65,743,642",1417,"5398001784,97"
KTU,28.04.2026,"26,808,351",1,"704686569,31"
KTV,28.04.2026,"686,977",45308,"26607277853,09"
KU3,28.04.2026,"1,019,602",836,"57628377,80"
KUA,28.04.2026,"1,405,488",2214,"159483997,37"
KUB,28.04.2026,"695,234",4118,"328257376,89"
KUD,28.04.2026,"153,613",1020,"74306792,44"
KUP,28.04.2026,"46,627,016",132,"1637567327,81"
KUT,28.04.2026,"12,579,173",46268,"9623612411,36"
KVA,28.04.2026,"1,565,231",1,"574550822,79"
KVK,28.04.2026,"114,998",150,"489070642,10"
KVR,28.04.2026,"114,618",43,"146172723,38"
KVS,28.04.2026,"3,352,088",2375,"18463256013,49"
KVT,28.04.2026,"1,394,539",2994,"127530405,22"
KYA,28.04.2026,"1,264,354",1936,"82013791,76"
KYR,28.04.2026,"805,991",11,"513371154,02"
KYS,28.04.2026,"49,939,578",4,"10232619,49"
KZL,28.04.2026,"28,393,985",69005,"86405380390,50"
KZO,28.04.2026,"2,007,702",3,"1040098300,26"
KZU,28.04.2026,"2,398,702",6500,"502996639,98"
LAI,28.04.2026,"1,823,082",11,"94242,42"
LET,28.04.2026,"52,122,047",2,"706897443,81"
LFD,28.04.2026,"8,319,742",1,"2368029612,99"
LGK,28.04.2026,"1,267,656",1,"1478140829,84"
LGO,28.04.2026,"6,126,558",12,"334655359,68"
LHM,28.04.2026,"770,883",4,"726668309,68"
LHP,28.04.2026,"53,430,356",103,"92866392,68"
LKT,28.04.2026,"1,670,286",304,"153570963,73"
LLA,28.04.2026,"1,365,772",1028,"53769538,42"
LPH,28.04.2026,"1,267,241",867,"666860123,76"
LRT,28.04.2026,"327,014",11,"757630034,55"
LTC,28.04.2026,"1,448,869",394,"170048323,96"
LTS,28.04.2026,"3,643,821",14,"1613120135,24"
LZV,28.04.2026,"10,069,008",2,"114515583,49"
MAC,28.04.2026,"774,832",38720,"4886752389,85"
MAD,28.04.2026,"1,032,014",401,"23969825,20"
MAS,28.04.2026,"1,304,258",89,"905947615,27"
MAV,28.04.2026,"55,411,905",1,"875431359,88"
MBL,28.04.2026,"255,791",224,"21302859,35"
MBR,28.04.2026,"150,614",225,"123035165,38"
MCU,28.04.2026,"1,242,514",153,"24847569,56"
MD1,28.04.2026,"1,986,736",627,"66459916,64"
MD2,28.04.2026,"1,890,638",734,"172957389,44"
MDF,28.04.2026,"1,281,747",1391,"797664665,96"
MET,28.04.2026,"5,474,931",6907,"724517547,11"
MGB,28.04.2026,"1,391,301",563,"72464629,22"
MGD,28.04.2026,"865,792",1,"581899499,24"
MGE,28.04.2026,"8,244,472",69,"4698590496,18"
MGH,28.04.2026,"2,020,787",864,"635233221,92"
MHF,28.04.2026,"1,965,551",1411,"80543713,40"
MIK,28.04.2026,"3,305,417",12,"1057835,81"
MJB,28.04.2026,"7,266,697",834,"64507442,17"
MJE,28.04.2026,"5,473,054",940,"6556195144,66"
MJG,28.04.2026,"11,825,311",8621,"1169979404,61"
MJH,28.04.2026,"4,378,975",21,"40359065,08"
MJK,28.04.2026,"36,056,224",490,"2270161657,02"
MJL,28.04.2026,"5,787,192",629,"894309472,78"
MKA,28.04.2026,"1,353,202",1883,"103709482,72"
MKG,28.04.2026,"17,689,302",9273,"1625317506,95"
MKL,28.04.2026,"58,298,953",1,"752383957,73"
MLS,28.04.2026,"16,589,536",4,"1240264122,03"
MLT,28.04.2026,"1,346,489",146,"39867408,04"
MMH,28.04.2026,"16,965,086",1605,"183051122,94"
MOD,28.04.2026,"56,500,585",2,"705086965,50"
MOZ,28.04.2026,"1,179,554",141,"272204024,28"
MP2,28.04.2026,"1,774,813",13,"4705568024,99"
MP4,28.04.2026,"2,729,202",15,"5356529903,88"
MPD,28.04.2026,"56,508,566",778,"3348079607,29"
MPE,28.04.2026,"1,280,876",85,"86071850,73"
MPF,28.04.2026,"7,407,519",1907,"1482204882,75"
MPI,28.04.2026,"2,752,889",22,"80392986,80"
MPK,28.04.2026,"880,871",1473,"279525530,16"
MPL,28.04.2026,"1,826,961",1441,"2129826771,82"
MPN,28.04.2026,"57,669,182",331,"365965572,56"
MPP,28.04.2026,"22,239,773",1783,"612979482,47"
MPS,28.04.2026,"24,350,503",2666,"165794231,19"
MRI,28.04.2026,"1,269,936",141,"14280653,56"
MSK,28.04.2026,"3,502,812",1,"1050560654,87"
MSO,28.04.2026,"54,555,634",1,"531665384,56"
MSR,28.04.2026,"2,007,952",16,"36972708,73"
MT1,28.04.2026,"42,637,456",20,"35252094,38"
MT2,28.04.2026,"1,225,105",4764,"10838037676,25"
MT5,28.04.2026,"1,384,298",18,"511849056,85"
MT6,28.04.2026,"1,929,658",13,"925672298,23"
MT7,28.04.2026,"720,772",15,"94071481,84"
MT8,28.04.2026,"1,983,567",16,"3013642620,48"
MT9,28.04.2026,"544,469",17,"6102791066,36"
MTD,28.04.2026,"1,342,163",1983,"184061897,78"
MTE,28.04.2026,"4,441,665",17,"544197303,56"
MTF,28.04.2026,"128,222",41,"63615555,33"
MTG,28.04.2026,"1,451,795",144,"45637346,67"
MTH,28.04.2026,"1,900,757",4956,"748173251,30"
MTI,28.04.2026,"17,284",2,"2067082,75"
MTK,28.04.2026,"1,522,193",492,"50008082,22"
MTL,28.04.2026,"3,191,173",14,"8358084684,17"
MTS,28.04.2026,"2,697,084",757,"93454608,95"
MTU,28.04.2026,"1,294,114",18,"1278688,44"
MTV,28.04.2026,"4,961,583",12979,"131552092,72"
MTX,28.04.2026,"4,759,273",2270,"105100981,59"
MUL,28.04.2026,"1,777,419",13,"9177094,69"
MUT,28.04.2026,"1,743,739",1760,"917818138,49"
NAK,28.04.2026,"1,088,006",181,"140567342,82"
NAL,28.04.2026,"1,854,733",23,"1397154824,88"
NAU,28.04.2026,"3,200,628",12481,"3098672019,04"
NBE,28.04.2026,"1,591,935",11,"1004642396,28"
NBH,28.04.2026,"5,902,871",145,"1034056532,86"
NBO,28.04.2026,"1,333,191",411,"1634265966,78"
NBZ,28.04.2026,"67,314,274",285,"1356085487,63"
NCS,28.04.2026,"53,378",1852,"7817638883,31"
NCU,28.04.2026,"56,239,768",12,"131486664,45"
NDL,28.04.2026,"2,071,486",1,"11681342,78"
NDS,28.04.2026,"846,304",12,"509431152,80"
NES,28.04.2026,"2,028,058",2,"2026038629,63"
NFF,28.04.2026,"1,212,238",52,"1811355886,14"
NFH,28.04.2026,"2,079,359",51,"125748662,65"
NFK,28.04.2026,"4,719,736",97,"1549454187,90"
NHP,28.04.2026,"5,326,687",171,"11969512,29"
NHT,28.04.2026,"59,667,713",2,"591615871,95"
NHV,28.04.2026,"4,113,318",2,"7580660879,23"
NHY,28.04.2026,"5,562,607",2483,"170805211,31"
NIG,28.04.2026,"1,029,133",12,"294146282,02"
NIS,28.04.2026,"1,521,203",25,"947156259,83"
NJF,28.04.2026,"12,499,658",1750,"1312830416,60"
NJG,28.04.2026,"2,711,061",15,"66448644,45"
NJR,28.04.2026,"5,094,209",2821,"1261038477,76"
NJY,28.04.2026,"6,665,944",1352,"296144280,63"
NKA,28.04.2026,"46,167,795",15,"157313989,98"
NKC,28.04.2026,"1,263,394",1300,"480628777,39"
NKH,28.04.2026,"1,565,354",12,"145364982,83"
NKJ,28.04.2026,"14,869,252",1,"1526156782,05"
NKK,28.04.2026,"7,801,776",11,"1489401795,65"
NKL,28.04.2026,"3,131,954",2519,"16515480265,75"
NKM,28.04.2026,"1,015,602",574,"52905922,68"
NKP,28.04.2026,"1,171,911",3149,"169865116,91"
NKS,28.04.2026,"1,815,502",11,"24509455,72"
NKT,28.04.2026,"1,368,475",413,"55915987,18"
NKV,28.04.2026,"2,043,274",1,"13245963797,78"
NLC,28.04.2026,"47,497,814",16,"166253699,76"
NLD,28.04.2026,"5,064,681",1,"1327039253,73"
NLE,28.04.2026,"1,446,497",11575,"415102207,08"
NLK,28.04.2026,"1,660,005",1147,"5252515999,04"
NLL,28.04.2026,"3,390,828",26,"1374007663,93"
NME,28.04.2026,"54,659,896",64,"71988394,92"
NMG,28.04.2026,"120,155,649",10,"2713258391,68"
NMU,28.04.2026,"1,099,709",50,"28070384,67"
NNF,28.04.2026,"22,432,065",22306,"3125302363,09"
NOA,28.04.2026,"1,434,436",11,"545979396,45"
NOI,28.04.2026,"1,300,287",13,"908202723,05"
NOV,28.04.2026,"57,997,137",1,"819031450,13"
NP1,28.04.2026,"461,547",164,"1377592972,89"
NPH,28.04.2026,"1,762,882",1014,"299451918,28"
NPK,28.04.2026,"1,481,142",1,"878364434,06"
NRC,28.04.2026,"1,134,033",4162,"242206583,04"
NRG,28.04.2026,"4,930,073",3804,"6433996021,45"
NRM,28.04.2026,"135,924,272",11,"351889861,49"
NSA,28.04.2026,"2,253,051",297,"1448487460,95"
NSD,28.04.2026,"60,034,935",136,"13481113415,30"
NSH,28.04.2026,"1,945,233",1456,"1365519126,49"
NSK,28.04.2026,"5,964,281",105,"377252994,28"
NSP,28.04.2026,"1,631,587",2619,"1557258315,96"
NSS,28.04.2026,"59,668,707",1,"1026439468,57"
NST,28.04.2026,"1,222,569",4468,"86176147,01"
NSY,28.04.2026,"1,301,291",76,"1107002218,98"
NTB,28.04.2026,"5,697,624",1,"3139187081,66"
NTD,28.04.2026,"440,723",1,"597366008,54"
NTF,28.04.2026,"2,799,132",10,"229710097,52"
NTI,28.04.2026,"1,359,122",576,"146157363,30"
NTO,28.04.2026,"60,897,084",1,"3297240074,29"
NTS,28.04.2026,"2,731,733",33,"201235716,71"
NUB,28.04.2026,"56,515,348",878,"2006302213,00"
NUG,28.04.2026,"45,876,156",11,"3057946198,86"
NUH,28.04.2026,"1,257,444",885,"90632131,14"
NVB,28.04.2026,"4,271,594",5233,"5729001484,58"
NVC,28.04.2026,"4,553,974",102,"11880064,72"
NVK,28.04.2026,"43,508,817",17,"40201711,84"
NVP,28.04.2026,"63,833,089",1,"57200447,72"
NVT,28.04.2026,"4,137,815",74,"642640443,86"
NVZ,28.04.2026,"54,640,326",312,"673473710,08"
NYH,28.04.2026,"57,760,124",1,"992886944,42"
NZH,28.04.2026,"3,225,029",294,"246269239,68"
NZT,28.04.2026,"5,372,991",454,"6291529280,83"
NZU,28.04.2026,"47,403,137",39,"57919096,64"
OAB,28.04.2026,"71,380,142",3,"626977041,99"
OBI,28.04.2026,"2,831,476",507,"274288304,54"
OBN,28.04.2026,"54,337,788",137,"157012081,56"
OBP,28.04.2026,"188,303",867,"35133453,95"
OBR,28.04.2026,"50,160,245",11480,"48017211549,12"
OCM,28.04.2026,"64,221,459",2,"468850494,49"
OCN,28.04.2026,"47,066,604",4,"110169034,69"
OCT,28.04.2026,"68,448,459",5,"441123214,91"
ODD,28.04.2026,"10,051,722",33,"428560763,07"
ODG,28.04.2026,"1,040,395",28,"29645762,89"
ODN,28.04.2026,"52,659,895",172,"165978250,38"
ODP,28.04.2026,"6,188,871",121,"222786286,16"
ODS,28.04.2026,"65,960,508",132,"123269240,48"
ODV,28.04.2026,"19,480,427",4293,"1707538053,65"
OFA,28.04.2026,"54,538,356",142,"243617708,86"
OFB,28.04.2026,"10,055,166",13,"909340159,27"
OFI,28.04.2026,"3,818,529",728,"151251977,07"
OFK,28.04.2026,"4,853,194",289,"1118412723,99"
OFO,28.04.2026,"64,513,855",1,"2026625611,19"
OFS,28.04.2026,"7,812,269",509,"182844276,28"
OGD,28.04.2026,"11,758,855",3391,"824904299,10"
OGF,28.04.2026,"8,343,492",446,"125386986,56"
OGV,28.04.2026,"66,900,096",1,"305910723,09"
OHB,28.04.2026,"23,723,434",1160,"1457962942,55"
OHI,28.04.2026,"33,457",46,"86240571,85"
OHK,28.04.2026,"2,640,054",1169,"27963925,43"
OIL,28.04.2026,"3,916,244",687,"47858970,43"
OIR,28.04.2026,"4,685,764",269,"24677371,70"
OIS,28.04.2026,"3,147,054",2,"599966673,02"
OJB,28.04.2026,"49,558,159",7469,"29580932957,41"
OJH,28.04.2026,"10,113,106",30,"28727209,16"
OJK,28.04.2026,"1,345,579",30572,"50720645926,83"
OJT,28.04.2026,"110,054",11149,"3321984878,80"
OJU,28.04.2026,"63,634,657",2,"53914654,01"
OJY,28.04.2026,"73,982,397",6,"2714289191,01"
OKD,28.04.2026,"573,487",1070,"88853360,58"
OKF,28.04.2026,"4,196,276",12,"7439889520,26"
OKP,28.04.2026,"5,744,835",451,"72749172,72"
OKT,28.04.2026,"145,083",870,"109678020,04"
OLA,28.04.2026,"51,701,546",33,"19766482,67"
OLD,28.04.2026,"3,122,381",6018,"161459643,57"
OLE,28.04.2026,"4,474,627",508,"305330171,49"
OMB,28.04.2026,"59,351,824",3,"182604551,48"
OMC,28.04.2026,"67,064,173",2,"390936109,84"
OME,28.04.2026,"24,431,855",69,"83459584,66"
OMG,28.04.2026,"1,741,703",700,"1247960255,50"
ONB,28.04.2026,"48,720,633",589,"5751977736,06"
OND,28.04.2026,"45,018,612",636,"3326425260,73"
ONE,28.04.2026,"1,495,507",782,"40476130,03"
ONF,28.04.2026,"61,524,707",625,"2583732295,59"
ONK,28.04.2026,"56,885,993",22339,"75160751508,55"
ONN,28.04.2026,"574,276",816,"1645170940,23"
ONS,28.04.2026,"50,275,193",23186,"154071609395,14"
ONT,28.04.2026,"49,170,333",421,"5652814085,31"
ONY,28.04.2026,"62,186,708",743,"2241797007,73"
OPB,28.04.2026,"12,463,508",438,"47262568,47"
OPD,28.04.2026,"7,578,958",22,"60300649,62"
OPF,28.04.2026,"2,850,614",959,"311758769,69"
OPH,28.04.2026,"2,467,318",2722,"824654074,74"
OPI,28.04.2026,"23,775,212",1494,"233691100,70"
OPJ,28.04.2026,"1,494,852",2449,"365803311,99"
OPL,28.04.2026,"928,826",961,"101487011,59"
OPZ,28.04.2026,"5,227,225",1,"654223662,12"
ORC,28.04.2026,"1,444,257",47,"1153749065,44"
ORI,28.04.2026,"56,568,478",5,"1554253448,79"
OSD,28.04.2026,"12,555,875",948,"602291525,47"
OSF,28.04.2026,"98,443,292",17,"5795926760,39"
OSH,28.04.2026,"525,112",17,"59231725,61"
OSL,28.04.2026,"138,205",4371,"1104059043,65"
OSN,28.04.2026,"1,415,602",122,"41092996,35"
OTE,28.04.2026,"62,693,117",2,"189680784,22"
OTF,28.04.2026,"61,812",1820,"688971912,65"
OTJ,28.04.2026,"7,493,764",27206,"3886468282,61"
OTK,28.04.2026,"7,512,959",64,"3937992,83"
OTM,28.04.2026,"1,318,184",102,"14031058,44"
OTZ,28.04.2026,"65,478,478",4,"292833309,39"
OUB,28.04.2026,"6,229,035",14,"778384765,61"
OUD,28.04.2026,"62,269,508",127,"126175770,77"
OUN,28.04.2026,"50,287,742",209,"177566870,16"
OUR,28.04.2026,"78,640,911",11,"29683562,48"
OUY,28.04.2026,"61,787,198",2,"1572619203,54"
OVD,28.04.2026,"3,221,688",3195,"817392371,39"
OVR,28.04.2026,"65,457,339",1,"466904124,45"
OVT,28.04.2026,"76,633,952",1,"721024717,04"
OYL,28.04.2026,"143,432",9038,"3594022631,71"
OYS,28.04.2026,"916,303",11,"16674202916,18"
OYT,28.04.2026,"121,762",75,"1857929737,39"
OZC,28.04.2026,"2,806,369",1,"1016243112,76"
P1A,28.04.2026,"1,334,246",286,"952383448,20"
PAB,28.04.2026,"1,238,632",419,"81611437,81"
PAC,28.04.2026,"3,360,926",1,"861295249,14"
PAF,28.04.2026,"3,589,631",4064,"361636241,70"
PAI,28.04.2026,"6,258,199",710,"876654042,39"
PAL,28.04.2026,"5,298,123",33104,"169765335178,43"
PAO,28.04.2026,"1,401,182",361,"14477567,87"
PAU,28.04.2026,"63,223,118",3846,"10615536526,53"
PBE,28.04.2026,"3,899,133",11,"35961610,83"
PBF,28.04.2026,"1,822,315",2,"2482417260,13"
PBH,28.04.2026,"143,325",12,"3422212231,91"
PBI,28.04.2026,"2,051,736",317,"98923522,13"
PBK,28.04.2026,"55,001,276",138,"134605393,89"
PBN,28.04.2026,"137,615",956,"496013193,24"
PBR,28.04.2026,"3,887,048",33266,"13282441638,93"
PBS,28.04.2026,"64,620,211",22,"356081270,37"
PBY,28.04.2026,"3,035,914",56,"232258783,86"
PCE,28.04.2026,"1,165,586",210,"225012890,98"
PCH,28.04.2026,"3,792,207",57,"927031356,66"
PCN,28.04.2026,"60,697,193",13,"522793966,15"
PCS,28.04.2026,"4,472,503",39,"36442312522,43"
PDC,28.04.2026,"688,907",13,"1011428581,10"
PDD,28.04.2026,"5,375,705",198,"970410197,74"
PDE,28.04.2026,"1,210,271",13,"12454644875,31"
PDF,28.04.2026,"56,045,079",61,"461305024,79"
PDG,28.04.2026,"165,267",13,"821472713,71"
PDH,28.04.2026,"15,844,704",79,"5319503262,23"
PDR,28.04.2026,"9,00",0,"0,09"
PDS,28.04.2026,"288,637",43,"705583461,90"
PEA,28.04.2026,"1,486,422",96,"73650150,84"
PFO,28.04.2026,"2,242,723",323,"76814265,05"
PFS,28.04.2026,"2,670,307",104,"20673118,40"
PGD,28.04.2026,"1,578,609",102,"140703532,70"
PGE,28.04.2026,"13,641,084",46,"5508711580,40"
PGH,28.04.2026,"770,666",12,"10223623052,69"
PGS,28.04.2026,"1,242,581",537,"199861407,53"
PHB,28.04.2026,"1,623,848",13,"569733551,21"
PHE,28.04.2026,"2,856,028",89982,"37038774019,71"
PHF,28.04.2026,"911,548",12,"268010044,47"
PHI,28.04.2026,"1,506,775",121,"69300179,53"
PHK,28.04.2026,"1,481,001",213,"74796186,17"
PHN,28.04.2026,"605,918,846",15,"13318574296,43"
PHS,28.04.2026,"4,229,457",20,"381108254,79"
PHY,28.04.2026,"8,410,313",46,"1158204848,20"
PID,28.04.2026,"1,683,994",91,"52092780,31"
PIL,28.04.2026,"3,976,804",8247,"534113351,29"
PIP,28.04.2026,"1,488,927",472,"43971996259,78"
PIR,28.04.2026,"1,700,288",1293,"210942756,29"
PIS,28.04.2026,"1,273,497",288,"1475055940,86"
PJL,28.04.2026,"4,606,168",3415,"1483578227,93"
PJP,28.04.2026,"46,350,172",15,"370508166,70"
PKD,28.04.2026,"859,029",57,"13972848,57"
PKF,28.04.2026,"4,788,025",1743,"619546590,14"
PKH,28.04.2026,"889,551",11,"97273807,88"
PKL,28.04.2026,"2,228,221",15,"9157297252,43"
PKN,28.04.2026,"1,919,184",15,"253493929,48"
PKP,28.04.2026,"1,111,084",67,"428930216,57"
PKR,28.04.2026,"1,384,837",159,"620653635,24"
PKT,28.04.2026,"1,408,141",683,"9252797930,53"
PKU,28.04.2026,"7,514,209",46,"6341117878,57"
PKV,28.04.2026,"1,789,269",3682,"16505101954,40"
PKZ,28.04.2026,"7,812,432",13,"47000722073,15"
PLA,28.04.2026,"112,085",113,"2679911,03"
PLR,28.04.2026,"1,474,701",747,"593889611,23"
PLS,28.04.2026,"25,647,329",8,"907366783,69"
PMG,28.04.2026,"1,582,809",1,"1384454351,63"
PMH,28.04.2026,"1,611",44,"15418977,23"
PMP,28.04.2026,"1,218,944",808,"49925222,65"
PNU,28.04.2026,"1,063,313",1350,"6975092011,31"
PO7,28.04.2026,"951,036",44,"2717741669,07"
PO8,28.04.2026,"3,658,782",51,"429093409,66"
PO9,28.04.2026,"86,687",152,"13521516,36"
POB,28.04.2026,"5,043,697",46,"5205449439,20"
POD,28.04.2026,"64,183,959",1425,"4693832125,03"
POF,28.04.2026,"747,216",46,"6611975348,26"
POH,28.04.2026,"1,110,628",4,"1900705856,71"
POI,28.04.2026,"102,838",43,"257527402,49"
POS,28.04.2026,"1,209,292",561,"57482858,95"
POU,28.04.2026,"2,515,074",75,"7133854092,18"
PP1,28.04.2026,"1,696,143",378,"46990408,96"
PPB,28.04.2026,"10,252,399",1856,"414331498,60"
PPD,28.04.2026,"338,616",104,"2106337223,05"
PPE,28.04.2026,"58,332,059",77,"772770337,88"
PPF,28.04.2026,"4,584,886",22,"493156492,94"
PPG,28.04.2026,"1,290,321",1001,"900615790,02"
PPH,28.04.2026,"1,679,991",3544,"111434633,45"
PPI,28.04.2026,"2,026,966",3130,"8500111047,35"
PPJ,28.04.2026,"1,631,988",6533,"55002611743,99"
PPK,28.04.2026,"1,993,185",2735,"5487099152,80"
PPM,28.04.2026,"1,943,317",211,"292556073,06"
PPN,28.04.2026,"5,087,403",14969,"12420958076,90"
PPO,28.04.2026,"1,647,658",45,"100818117,03"
PPP,28.04.2026,"2,765,086",388,"4384051535,16"
PPS,28.04.2026,"4,059,852",5881,"2033247075,17"
PPT,28.04.2026,"2,862,942",3647,"2001336350,83"
PPU,28.04.2026,"22,372",45,"298949417,87"
PPV,28.04.2026,"1,016,132",24,"109508321,49"
PPZ,28.04.2026,"5,827,435",8028,"13026807844,21"
PRD,28.04.2026,"2,057,191",640,"405191341,00"
PRF,28.04.2026,"59,097,138",2,"162224893,23"
PRH,28.04.2026,"1,936,843",382,"624340451,47"
PRR,28.04.2026,"1,181,733",115,"440152997,71"
PRU,28.04.2026,"316,461",1537,"3019636448,01"
PRV,28.04.2026,"11,891",84,"2496573704,10"
PRY,28.04.2026,"2,733,715",37969,"78698048201,59"
PRZ,28.04.2026,"0,00",0,"12496,05"
PSD,28.04.2026,"50,080,407",1,"2552205967,19"
PSE,28.04.2026,"1,621,488",6539,"19107546906,19"
PSG,28.04.2026,"8,789,991",15,"124730310,95"
PSH,28.04.2026,"1,019,495",110,"15563999,95"
PSL,28.04.2026,"7,761,956",52,"703512746,59"
PSO,28.04.2026,"414,815",1,"848823427,95"
PSR,28.04.2026,"6,590,823",46,"166165205,45"
PSS,28.04.2026,"5,331,525",11,"357131422,93"
PST,28.04.2026,"28,069",51,"345015706,40"
PTC,28.04.2026,"61,283,158",16,"977143835,40"
PTE,28.04.2026,"150,244",4630,"41455906268,60"
PTF,28.04.2026,"1,311,318",380,"1076782520,35"
PTG,28.04.2026,"59,474,589",1,"115915973,07"
PTL,28.04.2026,"1,651,609",757,"532405775,53"
PTN,28.04.2026,"1,630,865",1073,"758131281,05"
PTO,28.04.2026,"144,359",509,"288998758,29"
PTP,28.04.2026,"1,059,265",164,"20952055,02"
PTS,28.04.2026,"1,414,842",632,"8510661590,89"
PUA,28.04.2026,"9,037,852",1,"4494267595,49"
PUC,28.04.2026,"6,515,451",795,"1257122137,46"
PUH,28.04.2026,"1,536,784",26,"356909615,94"
PUR,28.04.2026,"9,231,624",41259,"127405896367,55"
PUT,28.04.2026,"7,352,124",1,"6453601181,79"
PUV,28.04.2026,"53,148,906",1,"1134720259,52"
PUZ,28.04.2026,"9,180,246",2,"147991540,42"
PVK,28.04.2026,"5,141,643",8590,"37812502859,46"
PYB,28.04.2026,"1,653,728",347,"914037879,20"
PYD,28.04.2026,"805,735",45,"147075469,55"
PYF,28.04.2026,"9,398,696",10,"781945651,83"
PYH,28.04.2026,"7,322,978",11,"5349838222,41"
PYI,28.04.2026,"4,425,269",45,"1667988261,07"
PYL,28.04.2026,"8,718,482",33,"400433574,71"
PYR,28.04.2026,"2,132,408",1782,"162246367,99"
PYS,28.04.2026,"55,426,534",49,"1328662811,10"
RAF,28.04.2026,"3,588,636",12,"189959129,73"
RAI,28.04.2026,"1,983,397",1,"5177395252,96"
RAN,28.04.2026,"54,194,431",1,"1007027593,06"
RAV,28.04.2026,"1,346,216",12,"990117731,79"
RAY,28.04.2026,"3,658,085",1,"1597827517,64"
RBA,28.04.2026,"22,071,245",6516,"2359084809,75"
RBB,28.04.2026,"1,479,588",46,"41577250,23"
RBE,28.04.2026,"3,778,033",16,"2651754372,87"
RBF,28.04.2026,"1,645,914",90,"24206118,38"
RBH,28.04.2026,"31,741,309",5209,"1002313795,38"
RBI,28.04.2026,"53,908,949",127,"196613051,26"
RBK,28.04.2026,"8,049,581",1105,"48280063,77"
RBL,28.04.2026,"16,213",858,"392965882,84"
RBN,28.04.2026,"1,518,306",199,"43396332,79"
RBP,28.04.2026,"1,985,056",715,"2596096412,18"
RBR,28.04.2026,"2,864,712",114,"31793938,90"
RBT,28.04.2026,"5,803,443",1793,"607734032,49"
RBV,28.04.2026,"6,149,424",15538,"5753279574,70"
RCL,28.04.2026,"57,244,283",1,"153701530,60"
RCS,28.04.2026,"5,582,254",1,"2563142,15"
RCV,28.04.2026,"1,590,102",89,"117349489,60"
RD1,28.04.2026,"1,756,383",168,"62270425,47"
RDF,28.04.2026,"1,577,141",1166,"206304622,29"
RDH,28.04.2026,"4,406,271",18,"1886290653,50"
RDK,28.04.2026,"1,310,362",2,"608052,32"
RDS,28.04.2026,"0,00",0,"43,93"
RDT,28.04.2026,"973,581",54,"72191447,09"
RDZ,28.04.2026,"46,702,333",108,"616369410,57"
RE7,28.04.2026,"1,148,126",12,"194232277,69"
RE8,28.04.2026,"3,169,299",12,"1202783527,22"
RGD,28.04.2026,"1,034,043",156,"31440238,00"
RGH,28.04.2026,"1,058,423",29,"38962898,00"
RHD,28.04.2026,"1,827,595",12,"141876581,11"
RHI,28.04.2026,"1,585,441",574,"102951483,77"
RHS,28.04.2026,"7,434,674",1803,"766602484,55"
RIA,28.04.2026,"1,253,579",81,"161799224,31"
RIH,28.04.2026,"6,966,943",676,"253024484,11"
RIK,28.04.2026,"5,458,087",6795,"1476795077,65"
RJG,28.04.2026,"3,484,073",649,"133970999,92"
RKC,28.04.2026,"1,580,867",436,"68776969,89"
RKH,28.04.2026,"1,007,363",88,"8752192,54"
RKL,28.04.2026,"3,003,427",1,"2350488993,86"
RKS,28.04.2026,"189,099",133,"125566519,39"
RKV,28.04.2026,"2,309,368",254,"504523776,64"
RLH,28.04.2026,"1,538,218",26,"251811988,08"
RO1,28.04.2026,"1,143,256",24,"181005724,72"
ROD,28.04.2026,"51,988,251",849,"2879494751,78"
ROF,28.04.2026,"3,260,005",1171,"565014402,53"
ROY,28.04.2026,"1,240,981",11,"138262472,80"
RPC,28.04.2026,"4,906,798",567,"27590332,18"
RPD,28.04.2026,"13,329,333",2242,"304071020,05"
RPE,28.04.2026,"0,00",0,"10,90"
RPG,28.04.2026,"6,204",1679,"1422833212,61"
RPI,28.04.2026,"1,362,315",334,"16366098,49"
RPK,28.04.2026,"59,810,303",5,"116314650,68"
RPL,28.04.2026,"1,544,055",12,"112389428,59"
RPM,28.04.2026,"3,806,924",2890,"64051660,39"
RPN,28.04.2026,"5,069,654",23,"806374652,73"
RPO,28.04.2026,"674,039",3,"1637801307,72"
RPP,28.04.2026,"4,387,617",8522,"5952373526,04"
RPS,28.04.2026,"60,032,912",111,"206050842,95"
RPT,28.04.2026,"4,575,717",203,"1119595256,65"
RPU,28.04.2026,"3,266,454",12,"2355555584,04"
RPX,28.04.2026,"58,688,355",147,"1540462375,61"
RRA,28.04.2026,"1,328,786",231,"2935918345,42"
RRP,28.04.2026,"1,460,464",76,"164629328,63"
RS1,28.04.2026,"1,424,314",123,"556569498,79"
RSF,28.04.2026,"3,898,657",13,"991921182,55"
RSK,28.04.2026,"1,636,867",167,"186373583,85"
RSY,28.04.2026,"994,298",11,"146603026,37"
RSZ,28.04.2026,"6,287,088",25,"1389672543,87"
RTA,28.04.2026,"1,706,616",15,"3134232486,19"
RTB,28.04.2026,"2,386,734",11,"341197854,69"
RTD,28.04.2026,"175,127",230,"21454774,78"
RTG,28.04.2026,"5,008,177",4126,"182457539,97"
RTH,28.04.2026,"6,249,677",323,"29073973,08"
RTI,28.04.2026,"2,997,804",50,"36764064807,31"
RTP,28.04.2026,"12,311,587",2310,"484258848,64"
RUH,28.04.2026,"2,700,131",17,"93136003,03"
RUT,28.04.2026,"2,165,527",3800,"121328613,81"
RVI,28.04.2026,"1,312,819",11,"19717283,40"
RVS,28.04.2026,"2,666,871",20,"4144487213,06"
RYA,28.04.2026,"1,184,574",1,"356114551,71"
RYB,28.04.2026,"4,646,292",11,"4647918,19"
RYD,28.04.2026,"1,517,979",13,"335435620,19"
RYF,28.04.2026,"15,289,085",32,"483747967,82"
RYU,28.04.2026,"4,585,008",46,"262061084,88"
RZR,28.04.2026,"462,012",2,"16347084,27"
SAP,28.04.2026,"1,638,632",339,"193909258,89"
SAR,28.04.2026,"49,241,488",9,"835322906,31"
SAS,28.04.2026,"1,713,388",47133,"1519380494,11"
SAT,28.04.2026,"300,265,371",4,"2387897596,47"
SBH,28.04.2026,"1,927,785",1222,"336956543,62"
SBI,28.04.2026,"4,236,478",15,"40019240,54"
SBR,28.04.2026,"1,341,719",25,"15468657,24"
SBS,28.04.2026,"66,941,241",1,"229246640,74"
SCZ,28.04.2026,"1,392,888",189,"82217003,56"
SDA,28.04.2026,"46,832,309",1074,"5963842817,39"
SEH,28.04.2026,"1,257,967",46,"60293843,27"
SER,28.04.2026,"54,144,253",797,"6597147485,61"
SFA,28.04.2026,"17,861,037",16,"892642283,58"
SFS,28.04.2026,"1,313,498",83,"29974942,59"
SGT,28.04.2026,"1,466,415",836,"234087002,77"
SHE,28.04.2026,"3,733,632",725,"58265101,63"
SHI,28.04.2026,"2,373,728",47,"1615612728,54"
SHU,28.04.2026,"1,410,164",19,"239904033,39"
SIS,28.04.2026,"162,151",11,"54018900,81"
SJP,28.04.2026,"58,046,384",29,"300119600,56"
SKL,28.04.2026,"1,800,928",826,"206411854,31"
SKO,28.04.2026,"1,711,777",5329,"322330691,94"
SKS,28.04.2026,"47,288,505",3,"1182212633,48"
SKT,28.04.2026,"104,205",2047,"41164895,17"
SKZ,28.04.2026,"918,229",1666,"249085055,51"
SLF,28.04.2026,"10,018,835",7012,"1304373006,30"
SLG,28.04.2026,"1,348,823",951,"430433981,62"
SLR,28.04.2026,"322,622",5,"1224900154,87"
SLS,28.04.2026,"990,604",12,"597015,00"
SMP,28.04.2026,"1,030,025",1,"1442034542,19"
SNY,28.04.2026,"2,522,363",687,"945137387,91"
SOS,28.04.2026,"1,351,859",158,"9938599,73"
SPA,28.04.2026,"6,315,542",208,"2901971722,96"
SPD,28.04.2026,"76,311,161",1,"323124349,27"
SPE,28.04.2026,"99,740,601",1168,"3651283063,51"
SPN,28.04.2026,"9,001,844",498,"2478177726,50"
SPP,28.04.2026,"1,401,648",148,"223054899,61"
SPR,28.04.2026,"1,229,363",169,"15442260,58"
SPT,28.04.2026,"1,988,735",927,"99755923,94"
SRA,28.04.2026,"2,039,532",1,"4063904827,49"
SRE,28.04.2026,"59,641,867",1,"933466607,00"
SRL,28.04.2026,"1,465,905",308,"19163380,28"
SRO,28.04.2026,"24,477,226",6,"6823146287,97"
SSD,28.04.2026,"51,787,032",1,"535096082,97"
SSE,28.04.2026,"4,324",11,"135653562,88"
SSF,28.04.2026,"1,004,196",15,"1299075,33"
SSK,28.04.2026,"1,477,689",498,"35957251,04"
SSN,28.04.2026,"55,000,074",4,"717666755,58"
SSO,28.04.2026,"13,131,288",1,"6695355576,88"
SSS,28.04.2026,"144,731",4915,"278518915,29"
SST,28.04.2026,"1,466,168",22,"8651143,94"
ST1,28.04.2026,"194,638,987",3148,"709844038,44"
STI,28.04.2026,"1,230,869",93,"130862367,57"
STM,28.04.2026,"4,727,568",12,"564239,96"
STS,28.04.2026,"80,294,424",27,"404605209,10"
STZ,28.04.2026,"24,833,521",85,"568791608,73"
SUA,28.04.2026,"534,608",1376,"2580663553,09"
SUB,28.04.2026,"393,441",842,"113480356,35"
SUC,28.04.2026,"20,375,796",521,"448257489,96"
SUR,28.04.2026,"120,165",104,"193292134,28"
SVB,28.04.2026,"9,184,347",1601,"288535671,88"
SVS,28.04.2026,"2,548,294",1,"1656974424,11"
SVY,28.04.2026,"1,630,332",2,"3456041901,04"
SYF,28.04.2026,"310,439,214",6,"2431294735,69"
SYL,28.04.2026,"4,055,105,676",1,"1122477581,87"
SYR,28.04.2026,"48,343,308",22,"310172546,33"
SYS,28.04.2026,"46,047,454",123,"1661742800,69"
T3B,28.04.2026,"139,079",26,"10661632542,67"
TAL,28.04.2026,"2,834,372",819,"37891515,61"
TAO,28.04.2026,"19,312,112",1,"1020769402,94"
TAR,28.04.2026,"2,273,168",6724,"116554709,46"
TAU,28.04.2026,"68,383",38673,"2605816158,53"
TAZ,28.04.2026,"235,334",2,"1109644647,54"
TB9,28.04.2026,"49,640,857",11345,"40982103967,47"
TBP,28.04.2026,"261,047",208,"445187635,07"
TBT,28.04.2026,"50,110,158",2788,"414615027,47"
TBV,28.04.2026,"365,407",8333,"1324216514,73"
TCA,28.04.2026,"817,615",51045,"15936225878,21"
TCB,28.04.2026,"207,626",4925,"3814215711,90"
TCC,28.04.2026,"77,405",337,"355193357,09"
TCD,28.04.2026,"46,263,305",12606,"1477569920,30"
TCF,28.04.2026,"4,069,965",3362,"5397194217,44"
TCG,28.04.2026,"1,338,354",1,"189587443,76"
TCH,28.04.2026,"2,051,141",74,"280965501,30"
TCI,28.04.2026,"10,206,402",17,"1321187880,87"
TCS,28.04.2026,"42,220,821",45,"1464778265,46"
TDG,28.04.2026,"497,649",2143,"661100702,43"
TDP,28.04.2026,"5,574,816",44,"304369732,47"
TE3,28.04.2026,"38,576,775",3339,"1298179460,52"
TE4,28.04.2026,"5,846,298",1725,"2378618469,07"
TEJ,28.04.2026,"2,272,399",1126,"560027364,19"
TFE,28.04.2026,"2,522,275",109,"31735112,34"
TFF,28.04.2026,"35,759,007",8616,"1193078696,80"
TFU,28.04.2026,"1,167,264",2985,"775052812,66"
TGA,28.04.2026,"458,332",6820,"842665160,61"
TGE,28.04.2026,"279,911",41613,"3476506317,01"
TGN,28.04.2026,"1,281,605",1979,"2118130701,30"
TGR,28.04.2026,"6,437,273",5980,"118142719,39"
TGT,28.04.2026,"106,899",62376,"3306715123,55"
TGV,28.04.2026,"17,642,047",13,"11224869998,88"
TGZ,28.04.2026,"5,440,939",11,"990834055,32"
THD,28.04.2026,"274,496",214,"9205880,35"
THF,28.04.2026,"2,173,951",8299,"1173986422,40"
THG,28.04.2026,"6,363,259",189,"165960567,04"
THH,28.04.2026,"144,147,156",1,"1839101772,54"
THO,28.04.2026,"47,028,325",12,"2246653487,84"
THS,28.04.2026,"5,918,992",1,"388354182,56"
THT,28.04.2026,"23,649",362,"7696336,94"
THV,28.04.2026,"8,015,968",21,"3614763579,67"
TI1,28.04.2026,"1,476,381,468",226299,"174850303109,75"
TI2,28.04.2026,"13,224",22800,"4206159183,11"
TI3,28.04.2026,"123,189",24806,"2475670006,16"
TI4,28.04.2026,"59,599",15910,"2281689463,59"
TI6,28.04.2026,"49,477",4863,"713033488,04"
TI7,28.04.2026,"73,076,799",10652,"1343546989,07"
TIE,28.04.2026,"769,451",17944,"1972161097,06"
TIL,28.04.2026,"1,382,926",1684,"99023718,14"
TIP,28.04.2026,"46,641,721",29,"156678028,07"
TIV,28.04.2026,"47,331,955",112578,"19498397863,95"
TJB,28.04.2026,"9,499,758",1,"776153257,17"
TJF,28.04.2026,"5,194,082",584,"60861998,75"
TJI,28.04.2026,"613,721",920,"723690936,68"
TJL,28.04.2026,"20,481,896",4,"1392585452,65"
TJT,28.04.2026,"63,869,637",1996,"2319414829,90"
TKF,28.04.2026,"65,238,046",4638,"1040068768,93"
TKH,28.04.2026,"2,331,762",1,"476251965,19"
TKK,28.04.2026,"1,705,351",114612,"1817507047,72"
TKM,28.04.2026,"19,067",498566,"61366017837,53"
TLE,28.04.2026,"26,591,694",999,"562892341,09"
TLH,28.04.2026,"30,962,744",444,"144825016,10"
TLK,28.04.2026,"1,567,091",895,"2636498741,57"
TLT,28.04.2026,"65,788,554",1,"372604591,46"
TLU,28.04.2026,"49,769,953",547,"10032218284,83"
TLV,28.04.2026,"1,205,261",8379,"5560512277,29"
TLY,28.04.2026,"5,216,385,597",83519,"120116965195,06"
TLZ,28.04.2026,"17,879,684",806,"58230554,92"
TMC,28.04.2026,"14,875",11062,"100151956,64"
TMG,28.04.2026,"125,834",32907,"4526711817,05"
TMH,28.04.2026,"0,00",12,"0,00"
TMM,28.04.2026,"65,454,384",1200,"822246091,54"
TMR,28.04.2026,"7,074,004",1,"8843212718,99"
TMS,28.04.2026,"1,851,565",88,"330705966,78"
TMU,28.04.2026,"1,297,002",101,"108451324,52"
TMV,28.04.2026,"527,271",1685,"6183243273,91"
TMZ,28.04.2026,"1,838,563",2521,"49714677,50"
TNA,28.04.2026,"1,591,341",1,"5430371953,03"
TNB,28.04.2026,"47,354,224",87,"717782589,40"
TND,28.04.2026,"1,332,829",392,"173642317,58"
TNF,28.04.2026,"3,753,398",3,"4763573756,45"
TNH,28.04.2026,"12,388,901",2,"112677138,51"
TNI,28.04.2026,"10,093,858",3670,"10499154199,92"
TNK,28.04.2026,"30,091,464",75415,"3425113847,18"
TNS,28.04.2026,"11,589,181",30,"431483565,86"
TO8,28.04.2026,"53,376,423",99,"754822848,76"
TOK,28.04.2026,"55,941,906",7359,"23774248456,68"
TOT,28.04.2026,"846,531,391",787,"111599079,83"
TP1,28.04.2026,"63,141,407",1,"356097269,18"
TP2,28.04.2026,"1,872,743",97130,"131044253569,42"
TPC,28.04.2026,"13,559,311",17434,"7964069758,73"
TPE,28.04.2026,"507,779",34,"2306532686,77"
TPF,28.04.2026,"9,864,342",590,"162619706,32"
TPJ,28.04.2026,"72,452,581",1608,"2465269418,41"
TPL,28.04.2026,"19,700,001",1426,"688271640,72"
TPO,28.04.2026,"16,409",3,"96736624,12"
TPP,28.04.2026,"68,253,921",410,"1505476741,87"
TPR,28.04.2026,"502,169",2,"296008715,66"
TPV,28.04.2026,"10,205,945",38,"6419264,09"
TPZ,28.04.2026,"262,964",1549,"136694735,84"
TRJ,28.04.2026,"186,973",3302,"2156492936,15"
TRN,28.04.2026,"1,333,305",1,"2438778971,01"
TRO,28.04.2026,"2,542,863",472,"35093498,89"
TRR,28.04.2026,"5,699,871",501,"2884961104,77"
TRU,28.04.2026,"1,406,857",272,"277585919,55"
TSI,28.04.2026,"184,621",78418,"20268600703,45"
TSP,28.04.2026,"65,310,315",5,"1602503713,31"
TTA,28.04.2026,"63,242",221280,"29219201370,43"
TTE,28.04.2026,"1,472,685",38758,"2970536420,45"
TTL,28.04.2026,"36,167,913",392,"254530243,62"
TTP,28.04.2026,"47,907,132",109,"833015054,53"
TTS,28.04.2026,"65,156,747",1,"2025495617,04"
TTV,28.04.2026,"7,830,273",23,"2439680170,71"
TTZ,28.04.2026,"3,562,609",9,"304220660,35"
TUA,28.04.2026,"1,480,259",34871,"18105992870,67"
TVE,28.04.2026,"1,170,677",273,"148576338,31"
TVN,28.04.2026,"2,503,072",547,"7632421,00"
TYH,28.04.2026,"2,125,736",7027,"1784210979,37"
TZC,28.04.2026,"300,609",1136,"30478245,92"
TZD,28.04.2026,"2,421,351",8040,"949331922,36"
TZH,28.04.2026,"7,786,167",1,"56050588855,16"
TZL,28.04.2026,"122,212",175529,"69046063720,71"
TZP,28.04.2026,"12,486,856",14,"991352834,97"
TZT,28.04.2026,"154,645",6028,"322148097,62"
TZV,28.04.2026,"844,222,855",132868,"21672642612,80"
UAB,28.04.2026,"4,999,365",2,"455681153,37"
UAP,28.04.2026,"65,355,226",1,"429151823,65"
UCN,28.04.2026,"2,115,443",2,"1152768475,10"
UCP,28.04.2026,"1,172,338",28,"22187537406,23"
UFH,28.04.2026,"67,876,644",1,"249534838,24"
UHL,28.04.2026,"68,286,789",1,"2439460876,41"
UHS,28.04.2026,"6,042,975",13,"325184181,75"
ULH,28.04.2026,"6,367,434",270,"1268592482,69"
ULL,28.04.2026,"66,052,033",3,"270614848,29"
UNT,28.04.2026,"1,385,094",226,"99656915,90"
UP1,28.04.2026,"6,268,277",1649,"1313836784,27"
UP2,28.04.2026,"3,725,986",262,"2064697754,36"
UPD,28.04.2026,"20,476,077",294,"2646798469,11"
UPH,28.04.2026,"31,443,215",594,"201333485,92"
UPP,28.04.2026,"6,229,679",1009,"3028078162,84"
UPS,28.04.2026,"4,669,793",1,"539450755,99"
URA,28.04.2026,"2,005,335",11534,"948061982,16"
URC,28.04.2026,"52,365,655",181,"200770025,40"
URD,28.04.2026,"46,137,781",12,"10286085635,91"
URG,28.04.2026,"70,711,232",1,"530528834,99"
URM,28.04.2026,"46,332,398",1,"8800977,91"
URS,28.04.2026,"3,602,112",1,"944074313,52"
URV,28.04.2026,"3,664,622",2,"9840976553,80"
USS,28.04.2026,"339,075",1,"3675690697,60"
UST,28.04.2026,"3,709,437",1,"1739128592,25"
USY,28.04.2026,"237,353",482,"1267007914,51"
UYH,28.04.2026,"4,519,253",12,"869133748,63"
UZY,28.04.2026,"2,515,132",16,"78700,99"
VAY,28.04.2026,"1,612,588",3295,"47838249,27"
VCD,28.04.2026,"5,605,714",12,"61664820,84"
VCG,28.04.2026,"5,072,167",20,"1758155572,48"
VCY,28.04.2026,"3,326,433",12213,"151949560,69"
VFK,28.04.2026,"486,657",5446,"3019103142,62"
VFS,28.04.2026,"1,835,926",1,"5912956,13"
VK6,28.04.2026,"367,522",153464,"66534817976,83"
VKI,28.04.2026,"2,765,473",568,"2066547618,59"
VKT,28.04.2026,"108,331",44765,"4180259601,72"
VMV,28.04.2026,"2,467,573",151,"7013125108,16"
VNK,28.04.2026,"2,349,233",468,"7824875116,73"
VPP,28.04.2026,"48,319,368",444,"1390128061,15"
VPS,28.04.2026,"1,462,904",13536,"5863457400,12"
VRK,28.04.2026,"1,212,866",152,"39555940,74"
VTF,28.04.2026,"2,182,128",1,"417207525,97"
YA1,28.04.2026,"1,261,077",19,"727227989,83"
YAC,28.04.2026,"13,899,199",10413,"5569932147,53"
YAE,28.04.2026,"1,060,711",892,"293710671,48"
YAK,28.04.2026,"4,853,101",109698,"1113431300,50"
YAN,28.04.2026,"13,185,424",3719,"1787250298,13"
YAR,28.04.2026,"26,543,019",1,"743204535,66"
YAS,28.04.2026,"15,252,396",70803,"7471278090,71"
YAY,28.04.2026,"1,537,877,001",37348,"10768826834,41"
YBE,28.04.2026,"1,699,695",14328,"5343537838,44"
YBH,28.04.2026,"496,421",665,"741822306,08"
YBJ,28.04.2026,"54,688,826",1,"1808310328,26"
YBP,28.04.2026,"1,152,647",56,"867865285,82"
YBR,28.04.2026,"51,761,488",2375,"5334925081,05"
YBS,28.04.2026,"128,956",11255,"1767477089,39"
YCG,28.04.2026,"56,887,112",4,"189445745,90"
YCH,28.04.2026,"2,424,718",135,"119472490,27"
YCK,28.04.2026,"413,149",42,"489723569,68"
YCL,28.04.2026,"10,752,889",11,"386486159,22"
YCP,28.04.2026,"9,117,361",2277,"1264615840,78"
YCY,28.04.2026,"3,680,781",271,"249352549,90"
YDI,28.04.2026,"452,411",7504,"1219450432,94"
YDK,28.04.2026,"106,781",48790,"135205109,46"
YDL,28.04.2026,"55,426,507",8,"1155931939,02"
YDM,28.04.2026,"160,285",2,"1111277043,47"
YDP,28.04.2026,"2,068,451",2404,"367386377,72"
YDZ,28.04.2026,"50,918,494",3119,"12488239265,84"
YEF,28.04.2026,"974,778",13819,"2043707538,15"
YFV,28.04.2026,"96,316",7421,"918279305,17"
YGM,28.04.2026,"321,448",2484,"649235327,77"
YHB,28.04.2026,"2,259,685",7686,"305464842,05"
YHI,28.04.2026,"1,477,099",277,"66032472,90"
YHK,28.04.2026,"1,889,202",5681,"1005107392,45"
YHP,28.04.2026,"4,092,086",1,"1718676142,22"
YHS,28.04.2026,"25,751,522",8715,"3751853689,53"
YHT,28.04.2026,"369,784",86425,"2046573501,64"
YHY,28.04.2026,"1,240,084",16,"1561482,75"
YHZ,28.04.2026,"8,202,077",13859,"924700576,90"
YIK,28.04.2026,"1,358,473",1438,"25626641912,23"
YIS,28.04.2026,"1,259,515",1,"932380550,55"
YIT,28.04.2026,"2,392,033",6684,"819295685,56"
YIV,28.04.2026,"3,399,846",2,"4629765717,65"
YJA,28.04.2026,"62,788,124",4,"375908292,16"
YJH,28.04.2026,"3,796,349",3857,"193028931,84"
YJK,28.04.2026,"498,382",9686,"701439761,05"
YJU,28.04.2026,"62,125,917",1,"413609942,68"
YJY,28.04.2026,"53,730,709",8337,"67824972155,15"
YKS,28.04.2026,"319,595",382,"191977426,14"
YKT,28.04.2026,"896,169",94087,"36631977997,82"
YLB,28.04.2026,"1,612,105",334537,"67071250217,41"
YLC,28.04.2026,"3,661,061",1465,"80507880,71"
YLE,28.04.2026,"8,677,031",2489,"324040499,16"
YLO,28.04.2026,"5,009,263",4934,"227168322,69"
YLR,28.04.2026,"12,731,846",4,"62360,58"
YLY,28.04.2026,"2,447,852",577,"39503367,64"
YLZ,28.04.2026,"3,769,456",13,"2174935085,79"
YMD,28.04.2026,"52,587,227",1323,"6036248202,90"
YMH,28.04.2026,"1,435,557",354,"478555070,16"
YMP,28.04.2026,"1,015,056",8,"34186395,00"
YNK,28.04.2026,"45,248,793",1179,"17512357591,57"
YNL,28.04.2026,"52,083,319",1,"207392130,19"
YOA,28.04.2026,"83,223,247",142,"1813329118,60"
YOS,28.04.2026,"53,403,876",227,"977742566,41"
YOT,28.04.2026,"36,388,337",10169,"1979803813,23"
YOZ,28.04.2026,"45,922,613",1267,"25943028367,42"
YP1,28.04.2026,"61,751,562",3,"217822953,86"
YP2,28.04.2026,"68,506,615",1,"1273479599,62"
YP4,28.04.2026,"50,599,533",30347,"138078262707,24"
YPC,28.04.2026,"4,908,448",2359,"42650563,92"
YPD,28.04.2026,"6,394,082",2,"93907389,32"
YPF,28.04.2026,"9,154,141",461,"1152686256,80"
YPI,28.04.2026,"52,693,379",68,"2017174376,55"
YPK,28.04.2026,"13,366,061",273,"219149520,38"
YPL,28.04.2026,"68,414,917",1626,"13029877553,19"
YPN,28.04.2026,"6,315,274",98,"1799055340,46"
YPP,28.04.2026,"24,272,844",1,"4540449177,38"
YPR,28.04.2026,"1,634,609",285,"201995873,19"
YPT,28.04.2026,"3,660,278",18789,"107251038177,50"
YPU,28.04.2026,"62,147,584",1734,"3771550808,03"
YPV,28.04.2026,"7,645,854",3623,"6645633117,61"
YRZ,28.04.2026,"45,519,334",159,"751411999,07"
YSA,28.04.2026,"45,857,635",200,"186480485,13"
YSL,28.04.2026,"41,938,561",423,"713527077,61"
YSO,28.04.2026,"1,239,892",193,"62666061,29"
YSU,28.04.2026,"161,507",6403,"254053121,94"
YTC,28.04.2026,"63,010,244",120,"314025475,79"
YTD,28.04.2026,"810,379",15171,"1606858422,67"
YTJ,28.04.2026,"65,554,101",1,"1151696400,13"
YTO,28.04.2026,"50,679,854",4,"669638126,31"
YTR,28.04.2026,"75,275,112",2,"583035705,73"
YTV,28.04.2026,"2,836,167",2397,"220330336,08"
YTY,28.04.2026,"55,887,674",20547,"101287688416,35"
YUB,28.04.2026,"5,547,668",671,"569792478,14"
YUD,28.04.2026,"70,864,259",2,"242375251,90"
YUI,28.04.2026,"1,887,227",8,"1216120511,31"
YUK,28.04.2026,"47,190,905",149,"1291696278,47"
YUN,28.04.2026,"53,889,167",483,"2756683671,96"
YUY,28.04.2026,"1,031,005",2,"1021066857,41"
YVB,28.04.2026,"1,263,032",718,"108297226,88"
YVD,28.04.2026,"3,921,237",82492,"41858484192,99"
YVF,28.04.2026,"69,418,982",4,"904902186,04"
YVG,28.04.2026,"59,729,289",1224,"5877249855,63"
YVO,28.04.2026,"65,833,882",2,"690112618,76"
YVS,28.04.2026,"70,546,176",6,"407595489,14"
YZC,28.04.2026,"4,310,154",12693,"560662300,95"
YZF,28.04.2026,"90,404,271",1,"452021356,98"
YZG,28.04.2026,"1,440,803",69663,"13546606354,16"
YZH,28.04.2026,"11,748,019",6387,"1156301648,71"
YZK,28.04.2026,"7,377,321",209,"206918922,23"
YZL,28.04.2026,"4,921,181",74,"617513533,10"
ZA2,28.04.2026,"1,777,944",2358,"13308042441,86"
ZAD,28.04.2026,"43,840,692",28,"11170082,31"
ZAV,28.04.2026,"5,439,148",4857,"66898065081,60"
ZAY,28.04.2026,"5,762,497",3733,"1738181058,32"
ZBD,28.04.2026,"657,418,096",2223,"920889179,99"
ZBI,28.04.2026,"2,050,993",1782,"222761569,50"
ZBJ,28.04.2026,"4,572,702",19585,"40377582553,76"
ZBN,28.04.2026,"24,485,772",185,"130932230,79"
ZBO,28.04.2026,"2,915,928",254,"410573639,18"
ZBZ,28.04.2026,"62,862,772",1,"330019178,14"
ZCA,28.04.2026,"7,630,583",1,"57501005,18"
ZCB,28.04.2026,"68,667,141",3,"74018782,96"
ZCC,28.04.2026,"74,194,418",2,"392033880,03"
ZCD,28.04.2026,"4,407,479",626,"1428735419,38"
ZCE,28.04.2026,"4,141,603",1,"11628518443,56"
ZCF,28.04.2026,"3,749,677",1,"1728594270,22"
ZCG,28.04.2026,"5,897,121",163,"559976789,20"
ZCH,28.04.2026,"2,398,277",1,"4935641799,27"
ZCK,28.04.2026,"1,651,124",1972,"384975452,75"
ZCN,28.04.2026,"3,887,711",7758,"645791978,86"
ZDD,28.04.2026,"6,872,585",1470,"483785005,59"
ZDK,28.04.2026,"15,127,674",1,"3169822,57"
ZDZ,28.04.2026,"12,748,748",9440,"1057303875,22"
ZFB,28.04.2026,"6,645,787",16144,"822321282,18"
ZFZ,28.04.2026,"64,708,799",3,"20799162035,01"
ZHH,28.04.2026,"1,409,714",1146,"108219589,72"
ZJB,28.04.2026,"12,001,614",2234,"11500094918,86"
ZJH,28.04.2026,"57,509,175",1,"194726008,62"
ZJI,28.04.2026,"12,510,664",2265,"9008681210,22"
ZJL,28.04.2026,"14,188,596",2941,"413545082,90"
ZJR,28.04.2026,"6,691,324",1,"1299334370,21"
ZJT,28.04.2026,"63,455,709",1,"1262225557,10"
ZJV,28.04.2026,"105,797",1464,"694178552,60"
ZK1,28.04.2026,"47,122,432",121,"2120352871,93"
ZK2,28.04.2026,"55,095,905",74,"1903277355,60"
ZKK,28.04.2026,"2,374,211",1,"2223760840,24"
ZLB,28.04.2026,"47,245,908",62,"570989239,64"
ZLG,28.04.2026,"60,246,606",1,"1014119794,20"
ZLH,28.04.2026,"11,356,977",3701,"453363702,36"
ZMT,28.04.2026,"58,948,501",299,"1365794974,73"
ZMU,28.04.2026,"193,117",13,"20384230,35"
ZMY,28.04.2026,"6,203,441",2896,"186061056,93"
ZNF,28.04.2026,"51,960,005",1,"1904600902,38"
ZOS,28.04.2026,"1,723,108",11,"528169660,05"
ZP1,28.04.2026,"59,086,244",2,"59909788,36"
ZP2,28.04.2026,"5,110,432",1,"547043017,78"
ZP3,28.04.2026,"4,148,963",1,"60521593,44"
ZP6,28.04.2026,"54,483,829",1626,"7113297958,78"
ZP7,28.04.2026,"63,704,323",1,"1592608065,47"
ZP8,28.04.2026,"3,607,428",4947,"55055921858,56"
ZP9,28.04.2026,"57,403,931",843,"1754609244,58"
ZPA,28.04.2026,"6,232,832",888,"4023375059,58"
ZPC,28.04.2026,"1,873,711",2994,"3134931245,19"
ZPE,28.04.2026,"33,298,184",6773,"1227417451,81"
ZPF,28.04.2026,"21,544,148",3384,"796959481,23"
ZPG,28.04.2026,"9,542,932",5714,"1313946003,15"
ZPH,28.04.2026,"1,339,357",65,"284574129,70"
ZPJ,28.04.2026,"1,163,908",406,"147614697,82"
ZPK,28.04.2026,"7,487,728",27273,"16371848984,78"
ZPN,28.04.2026,"6,716,845",1,"1903943100,42"
ZPR,28.04.2026,"1,361,962",903,"25393775669,70"
ZR2,28.04.2026,"1,277,694",1,"2561516981,13"
ZR3,28.04.2026,"696,668",176,"214892678,32"
ZSB,28.04.2026,"9,688,387",18,"2677125971,86"
ZSF,28.04.2026,"52,358,646",1754,"42544436,45"
ZSG,28.04.2026,"4,141,463",1008,"50031356,02"
ZSK,28.04.2026,"54,809,479",1,"578197139,48"
ZSN,28.04.2026,"52,397,449",2,"2857531913,14"
ZTF,28.04.2026,"6,715,815",1,"1845923078,76"
ZTG,28.04.2026,"1,183,647",833,"32367670,16"
ZUD,28.04.2026,"3,925,325",1,"815484636,85"
ZUE,28.04.2026,"4,625,475",1,"5830951076,27"
ZUS,28.04.2026,"47,076,567",3377,"68762247772,14"
ZVB,28.04.2026,"85,294,069",11,"227469645,05"
ZVO,28.04.2026,"3,693,585",401,"886899667,70"
ZYC,28.04.2026,"4,348,189",1,"7973651258,75"
ZYD,28.04.2026,"4,349,487",1,"8021271091,76"
ZZL,28.04.2026,"77,189,466",15,"39314061,49"
AAK,27.04.2026,"35,433,814",762,"35299944,56"
AAL,27.04.2026,"3,172,561",4860,"3101854505,84"
AAS,27.04.2026,"11,333,262",158,"23918837,90"
AAV,27.04.2026,"62,499,869",2308,"302691115,16"
ABG,27.04.2026,"61,931,971",159,"7648086768,86"
ABJ,27.04.2026,"870,807",3,"1164566393,31"
ABU,27.04.2026,"93,854",37,"54445781,05"
AC1,27.04.2026,"2,859,092",165,"302006079,75"
AC2,27.04.2026,"3,496,552",48,"8666966804,53"
AC3,27.04.2026,"66,392,374",14,"138797373,42"
AC4,27.04.2026,"3,510,249",3593,"1580035921,64"
AC5,27.04.2026,"3,417,265",181,"52494299,51"
AC6,27.04.2026,"55,748,454",108,"76062522,29"
AC7,27.04.2026,"11,603,692",45,"6270460726,77"
AC8,27.04.2026,"192,524,679",97,"2375640371,50"
ACC,27.04.2026,"44,583,434",1457,"191474346,27"
ACD,27.04.2026,"5,573,553",1567,"320734682,23"
ACN,27.04.2026,"11,723,002",15,"632897066,29"
ACU,27.04.2026,"52,603,267",158,"1344671546,68"
ADE,27.04.2026,"871,454",27084,"1049285509,24"
ADP,27.04.2026,"1,352,604",22531,"4226812769,12"
AED,27.04.2026,"109,821,323",814,"42609717,95"
AES,27.04.2026,"168,055",36289,"1760002370,48"
AEV,27.04.2026,"1,909,091",401,"10900334,19"
AFA,27.04.2026,"1,091,078",46005,"5375805698,72"
AFO,27.04.2026,"1,340,861",87457,"22966184744,01"
AFS,27.04.2026,"29,846",26921,"758481756,52"
AFT,27.04.2026,"904,328",143639,"25237070609,47"
AFV,27.04.2026,"532,017",15663,"1170065886,10"
AGC,27.04.2026,"8,644,268",2480,"99896647,18"
AHH,27.04.2026,"9,558,673",15,"204274676,02"
AHI,27.04.2026,"37,839,241",2664,"147205013,97"
AHN,27.04.2026,"66,230,623",102,"28665474,78"
AHU,27.04.2026,"10,143,229",605,"214058433,89"
AHV,27.04.2026,"19,679,752",155,"116878148,22"
AHZ,27.04.2026,"26,922,083",12,"630969627,42"
AI1,27.04.2026,"11,065",19,"65192877,19"
AIH,27.04.2026,"18,560,517",4,"178993060,56"
AII,27.04.2026,"89,413,079",3,"365788907,11"
AIM,27.04.2026,"24,422,334",1,"52808095,72"
AIR,27.04.2026,"153,035,528",1,"1340244450,72"
AIS,27.04.2026,"94,972",12679,"13241092905,47"
AJ1,27.04.2026,"1,204,755",102,"31600854,35"
AJE,27.04.2026,"58,620,684",1019,"3653773337,47"
AJK,27.04.2026,"60,010,725",131,"135165696,82"
AJL,27.04.2026,"59,615,718",1482,"5373332218,62"
AJN,27.04.2026,"57,900,231",357,"561697494,22"
AK2,27.04.2026,"508,257",9475,"213031985,61"
AK3,27.04.2026,"52,999,109",21209,"8695904252,60"
AKE,27.04.2026,"490,968",13910,"1052430029,90"
AKU,27.04.2026,"951,873",17223,"1579616174,42"
AL4,27.04.2026,"3,537,315",12,"1126797727,56"
AL5,27.04.2026,"50,291,662",2460,"14981669271,61"
AL6,27.04.2026,"3,458,945",12,"4934506943,13"
AL7,27.04.2026,"3,343,341",108,"7870047215,51"
ALC,27.04.2026,"367,192",26671,"2030766450,72"
ALE,27.04.2026,"11,953,509",133614,"70893513904,29"
AN1,27.04.2026,"96,708,831",2573,"1235125372,90"
ANL,27.04.2026,"33,140,881",4151,"647985875,62"
ANZ,27.04.2026,"20,372,498",183,"267255334,15"
AOJ,27.04.2026,"1,548,216",248,"24593191,29"
AOY,27.04.2026,"363,222",36532,"1018851701,08"
AP2,27.04.2026,"3,627,435",35,"1041169073,37"
AP4,27.04.2026,"1,218,111",11,"303575526,92"
AP5,27.04.2026,"1,033,906",12,"1061400,02"
AP6,27.04.2026,"8,730,078",46,"1052836845,15"
AP7,27.04.2026,"231,167",543,"176260219,96"
APJ,27.04.2026,"6,947,217",3186,"101948598,14"
APP,27.04.2026,"32,558,965",2,"208882107,75"
APT,27.04.2026,"148,202",13555,"311219152,94"
ARE,27.04.2026,"22,019",1665,"35819343,21"
ARF,27.04.2026,"7,881,885",1,"712127516,95"
ARL,27.04.2026,"14,986,935",7880,"4197428237,17"
ARM,27.04.2026,"17,771,309",5621,"3336570480,68"
ARP,27.04.2026,"415,219",1,"3137560701,59"
AS1,27.04.2026,"44,738,791",41,"6538395,36"
AS3,27.04.2026,"739,879",16,"167100221,96"
ASJ,27.04.2026,"3,854,167",852,"72834218,58"
ATJ,27.04.2026,"22,218,565",11,"1063547186,70"
AU1,27.04.2026,"1,180,202",628,"58492921,01"
AUT,27.04.2026,"8,986,082",154,"2642968,51"
AUV,27.04.2026,"4,644,412",619,"773999947,18"
AVC,27.04.2026,"143,252,201",11,"241486680,84"
AVT,27.04.2026,"200,694,792",19633,"3262374322,43"
AVZ,27.04.2026,"96,132,962",1,"221343260,61"
AY6,27.04.2026,"1,312,392",11,"102710671,93"
AY7,27.04.2026,"1,481,867",12,"210030944,74"
AYA,27.04.2026,"19,125,212",10406,"1250094745,29"
AYR,27.04.2026,"124,055",13194,"1608934513,54"
AZF,27.04.2026,"163,474",4,"543575981,73"
AZJ,27.04.2026,"18,154,222",41,"663791886,95"
AZV,27.04.2026,"25,000,719",4,"4206291127,58"
AZZ,27.04.2026,"58,923,455",7,"26957951727,90"
BA1,27.04.2026,"1,387,741",25,"278432021,64"
BAC,27.04.2026,"7,498,648",11,"5659218140,88"
BAG,27.04.2026,"900,802",63,"49123832,07"
BAL,27.04.2026,"46,443,953",1,"1020572899,25"
BAO,27.04.2026,"3,287,962",4,"151313278,11"
BAS,27.04.2026,"50,170,343",1,"1435412860,39"
BBF,27.04.2026,"3,194,246",1121,"178752574,94"
BBI,27.04.2026,"161,796",11,"1100093,08"
BBN,27.04.2026,"666,517",13,"1533364512,54"
BBO,27.04.2026,"2,409,253",12,"798398602,56"
BBP,27.04.2026,"2,047,094",798,"35970051,00"
BBS,27.04.2026,"138,997",777,"1096552804,90"
BCC,27.04.2026,"63,796,386",2,"2566103908,97"
BCK,27.04.2026,"1,805,835",1830,"109878897,89"
BCO,27.04.2026,"1,708,641",458,"47759171,68"
BDA,27.04.2026,"53,081,797",439,"1115280395,44"
BDC,27.04.2026,"9,068,814",40,"396910781,17"
BDI,27.04.2026,"573,319",74,"467482148,38"
BDO,27.04.2026,"2,791,869",11,"4685590333,11"
BDS,27.04.2026,"2,429,315",12420,"531714498,45"
BDY,27.04.2026,"1,586,534",2466,"100817457,37"
BFE,27.04.2026,"1,749,899",63,"9206172,82"
BFO,27.04.2026,"49,850,201",1,"3511932029,95"
BFS,27.04.2026,"1,030,401",48,"6169094,38"
BFT,27.04.2026,"1,201,676",588,"235053538,14"
BGH,27.04.2026,"2,108,766",1,"991181907,32"
BGP,27.04.2026,"5,771,942",31039,"62383380987,60"
BHA,27.04.2026,"1,561,861",891,"102853611,22"
BHE,27.04.2026,"1,926,185",81,"40735187,56"
BHF,27.04.2026,"2,995,652",2558,"361675155,46"
BHH,27.04.2026,"588,147",74,"1043953885,98"
BHI,27.04.2026,"2,077,677",361,"657559035,27"
BHL,27.04.2026,"1,212,501",779,"60021558,02"
BHO,27.04.2026,"1,118,561",1,"1041732329,50"
BI5,27.04.2026,"2,240,584",11,"201755132,95"
BIA,27.04.2026,"23,856",12,"610759,43"
BID,27.04.2026,"3,396,315",2261,"296458174,54"
BIG,27.04.2026,"1,378,357",3781,"577187242,28"
BIH,27.04.2026,"7,510,265",409,"749066678,55"
BIK,27.04.2026,"1,472,827",14,"3421404301,87"
BIO,27.04.2026,"2,482,098",12068,"1116685633,76"
BIP,27.04.2026,"1,443,825",195,"3598322631,78"
BIS,27.04.2026,"1,627,084",74,"807638738,02"
BIY,27.04.2026,"1,268,838",331,"79352187,01"
BJD,27.04.2026,"49,476,226",70,"1594977532,18"
BKO,27.04.2026,"1,132,336",1,"3054370981,33"
BKY,27.04.2026,"45,944,759",569,"2064484727,23"
BLA,27.04.2026,"7,460,045",15,"6970965544,41"
BLD,27.04.2026,"1,475,006",745,"470152838,25"
BLT,27.04.2026,"1,757,679",3081,"384208381,15"
BMU,27.04.2026,"1,212,639",12,"1008958027,90"
BNC,27.04.2026,"1,993,511",256,"713581229,99"
BNH,27.04.2026,"1,304,956",202,"134629547,52"
BOH,27.04.2026,"950,105",11,"238067506,18"
BOL,27.04.2026,"1,558,157",263,"46802854,98"
BON,27.04.2026,"1,246,251",337,"27419958,78"
BOP,27.04.2026,"45,854,027",9,"1123617492,22"
BOS,27.04.2026,"1,451,674",1393,"2427571615,84"
BP5,27.04.2026,"1,548,484",15,"413188352,43"
BPD,27.04.2026,"49,500,995",11,"136049970,12"
BPZ,27.04.2026,"1,384,086",425,"502316225,50"
BRB,27.04.2026,"1,447,357",11,"955025674,53"
BRC,27.04.2026,"121,014",38,"126646628,14"
BRF,27.04.2026,"1,473,714",1103,"108655547,28"
BRG,27.04.2026,"4,523,494",1617,"1792197118,10"
BRH,27.04.2026,"562,998",15,"4539006883,29"
BRR,27.04.2026,"1,466,448",275,"381519026,07"
BRT,27.04.2026,"132,427",490,"37664439,23"
BRZ,27.04.2026,"50,961,074",5,"1595979963,00"
BS1,27.04.2026,"1,147,234",135,"7225317,84"
BSA,27.04.2026,"421,912",1,"860499996,86"
BSD,27.04.2026,"1,106,424",100,"274235831,06"
BSE,27.04.2026,"797,958",66,"558339170,06"
BSF,27.04.2026,"1,349,869",1,"7631489665,48"
BSH,27.04.2026,"1,085,673",163,"8653170,07"
BSM,27.04.2026,"1,458,656",2012,"1474449770,51"
BSN,27.04.2026,"1,465,244",14,"41434020,61"
BST,27.04.2026,"10,094,886",699,"60403656,07"
BTE,27.04.2026,"4,047,776",950,"212426552,19"
BTJ,27.04.2026,"1,243,574",80,"28266141,36"
BTK,27.04.2026,"1,323,867",365,"122294228,50"
BTP,27.04.2026,"510,836",15,"50613313,03"
BTY,27.04.2026,"54,714,052",3,"773547262,92"
BTZ,27.04.2026,"1,264,281",207,"8312188,05"
BUB,27.04.2026,"1,035,217",41,"3487984,86"
BUC,27.04.2026,"966,811",23,"236985097,94"
BUP,27.04.2026,"3,743,752",1,"12559452194,84"
BUT,27.04.2026,"172,027",4,"204294616,76"
BUV,27.04.2026,"1,372,237",475,"64967323,50"
BUY,27.04.2026,"1,816,089",18286,"410342310,40"
BV1,27.04.2026,"1,526,407",802,"146774653,11"
BVB,27.04.2026,"4,056,266",1,"4360498337,27"
BVC,27.04.2026,"3,852,234",1,"6245788912,48"
BVD,27.04.2026,"1,200,891",345,"218724213,99"
BVF,27.04.2026,"1,243,889",546,"1030747423,38"
BVH,27.04.2026,"1,814,727",14,"116989673,81"
BVI,27.04.2026,"3,001,593",31,"318423822,34"
BVK,27.04.2026,"1,026,796",38,"22752936,47"
BVM,27.04.2026,"1,274,239",163,"11102972,52"
BVT,27.04.2026,"5,059,604",10,"19046864,26"
BVV,27.04.2026,"2,853,233",519,"105062764,87"
BVZ,27.04.2026,"3,967,758",755,"2532741357,71"
BYZ,27.04.2026,"232,614",42,"191101325,00"
CAH,27.04.2026,"1,348,668",371,"55096343,49"
CBD,27.04.2026,"2,775,891",15,"264796436,14"
CBN,27.04.2026,"48,652,108",6,"625571622,56"
CBO,27.04.2026,"304,893,354",3,"2205980860,88"
CEY,27.04.2026,"61,879,098",3,"205094247,21"
CFO,27.04.2026,"222,212",503,"2854807507,75"
CGD,27.04.2026,"54,095,903",2,"598816441,89"
CHY,27.04.2026,"613,321",42,"175085824,05"
CIN,27.04.2026,"1,596,025",537,"38003892,13"
CJD,27.04.2026,"47,701,317",29,"48006986,63"
CJF,27.04.2026,"60,910,983",3,"1848309904,72"
CJG,27.04.2026,"61,220,244",1,"1854589799,29"
CJH,27.04.2026,"58,115,383",1812,"3200030441,03"
CKF,27.04.2026,"1,838,762",1699,"529190031,41"
CKL,27.04.2026,"1,406,275",835,"370443572,58"
CKS,27.04.2026,"56,901,373",2442,"5957220272,71"
COT,27.04.2026,"55,626,512",197,"512958766,80"
CPT,27.04.2026,"3,339,959",8707,"519253848,84"
CPU,27.04.2026,"3,137,994",12694,"974071652,74"
CRL,27.04.2026,"45,478,871",3,"977795731,07"
CSD,27.04.2026,"59,986,113",1,"625100226,10"
CSH,27.04.2026,"3,526,684",55,"5245741282,47"
CTF,27.04.2026,"8,679,692",1,"324373617,16"
CTG,27.04.2026,"710,146",1,"15383920,32"
CTM,27.04.2026,"5,958,255",1,"15386432,11"
CTP,27.04.2026,"58,026,637",1,"525249575,07"
CTV,27.04.2026,"10,130,319",4,"191876059,77"
CVA,27.04.2026,"3,699,303",1,"8548984469,12"
CVB,27.04.2026,"3,805,727",5,"1800549986,39"
CVC,27.04.2026,"2,591,848",2,"650879824,39"
CVD,27.04.2026,"59,342,439",2,"1013841352,30"
CVE,27.04.2026,"2,459,959",1,"270650293,06"
CVF,27.04.2026,"4,191,476",1,"866726381,34"
CVK,27.04.2026,"4,661,188",2083,"625782634,11"
CVL,27.04.2026,"1,221,851",100,"28192749,23"
CYD,27.04.2026,"54,221,296",381,"1289636656,73"
DA1,27.04.2026,"46,145,117",47,"30991429,89"
DAC,27.04.2026,"67,714,734",1,"521049983,95"
DAE,27.04.2026,"3,567,229",1,"1792856048,92"
DAH,27.04.2026,"3,745,069",2916,"769333038,39"
DAI,27.04.2026,"89,361,806",4,"342302272,86"
DAL,27.04.2026,"66,473,759",1,"576670631,88"
DAS,27.04.2026,"51,079,463",26772,"132421650279,46"
DAT,27.04.2026,"90,523,656",6,"405344289,98"
DAV,27.04.2026,"5,439,046",136,"1031601820,59"
DAZ,27.04.2026,"12,176,858",4,"322134511,15"
DB2,27.04.2026,"1,851,314",18,"212935914,30"
DBA,27.04.2026,"748,208",27497,"11450950711,37"
DBB,27.04.2026,"102,601",1974,"331508615,87"
DBG,27.04.2026,"575,459",3,"2367398560,94"
DBH,27.04.2026,"353,374",9206,"1007547148,72"
DBK,27.04.2026,"107,421",85960,"675277026,98"
DBP,27.04.2026,"458,156",1109,"159491504,73"
DBZ,27.04.2026,"12,459",3050,"770728585,29"
DCB,27.04.2026,"4,205,208",22540,"133514442237,35"
DCD,27.04.2026,"62,060,658",1,"266570011,44"
DCE,27.04.2026,"67,942,317",3,"1182155490,50"
DCN,27.04.2026,"1,274,091",1099,"149639646,01"
DCP,27.04.2026,"69,742,831",3,"248597065,56"
DDA,27.04.2026,"13,624,549",1234,"251395336,31"
DDC,27.04.2026,"10,596,717",11,"3554781314,16"
DDE,27.04.2026,"71,053,247",1,"391863845,67"
DDF,27.04.2026,"11,030,683",627,"279340942,46"
DDP,27.04.2026,"68,807,345",1,"71975372,38"
DEF,27.04.2026,"2,556,018",96,"68551732,10"
DEI,27.04.2026,"34,819",13,"4136031,04"
DFC,27.04.2026,"3,106,155",1685,"128712547,13"
DFD,27.04.2026,"2,575,347",536,"163146780,30"
DFI,27.04.2026,"3,739,727",39921,"18194630841,90"
DFO,27.04.2026,"3,452,075",2,"1021005042,93"
DGF,27.04.2026,"128,267",222,"26526868,56"
DGH,27.04.2026,"9,484,394",233,"1158185080,15"
DHI,27.04.2026,"5,400,749",46,"811307899,29"
DHJ,27.04.2026,"698,311",3023,"224830824,99"
DHM,27.04.2026,"5,116,221",1292,"29887540,94"
DHP,27.04.2026,"3,924,432",1,"7407337,63"
DHS,27.04.2026,"333,497,006",1,"4403940682,56"
DHT,27.04.2026,"1,053,207",556,"73394507,88"
DHV,27.04.2026,"2,181,817",11,"317454116,08"
DID,27.04.2026,"1,371,549",186,"36747350,35"
DIH,27.04.2026,"1,742,112",11,"130758744,48"
DIM,27.04.2026,"48,865,099",1,"111779303,89"
DIP,27.04.2026,"1,389,636",1259,"50804680770,64"
DK1,27.04.2026,"1,320,314",67,"4216285184,84"
DK8,27.04.2026,"45,125,621",313,"1747007644,69"
DKA,27.04.2026,"45,072,205",239,"2297728311,26"
DKC,27.04.2026,"667,198",13,"209170,73"
DKH,27.04.2026,"3,574,635",1534,"210098924,07"
DKL,27.04.2026,"47,159,887",109,"418791347,16"
DKP,27.04.2026,"4,499,203",644,"3952999795,04"
DKR,27.04.2026,"733,884",560,"56524917,26"
DKS,27.04.2026,"67,293,408",2,"215872543,10"
DKY,27.04.2026,"44,961,702",231,"2554565506,25"
DL2,27.04.2026,"2,191,918",724,"9847011659,93"
DLD,27.04.2026,"7,261,912",625,"79719349,05"
DLG,27.04.2026,"1,168,428",45,"4633223,70"
DLN,27.04.2026,"1,900,547",12,"30449603,21"
DLY,27.04.2026,"5,376,933",314158,"72471055484,87"
DLZ,27.04.2026,"1,319,305",13,"162831,31"
DMG,27.04.2026,"7,437,877",16586,"3696947169,13"
DMR,27.04.2026,"53,975,537",1,"16002080666,70"
DMV,27.04.2026,"65,513,071",2,"314879798,20"
DMZ,27.04.2026,"59,666,529",5,"595215157,99"
DNA,27.04.2026,"896,325",5,"1783896928,13"
DNF,27.04.2026,"1,184,774",100,"23682483,20"
DNH,27.04.2026,"1,168,739",78,"19052171,89"
DNK,27.04.2026,"1,700,314",212,"16337449,43"
DNL,27.04.2026,"51,745,811",1,"206191842,01"
DNM,27.04.2026,"48,343,849",1213,"1695763364,49"
DNP,27.04.2026,"1,268,745",269,"1410586986,89"
DNU,27.04.2026,"44,785,429",16,"36823251,36"
DOC,27.04.2026,"44,928,798",178,"4600660010,68"
DOD,27.04.2026,"63,974,945",24,"15444596081,73"
DOH,27.04.2026,"2,079,902",5505,"984850983,12"
DOL,27.04.2026,"48,889,185",385,"3573237228,31"
DOR,27.04.2026,"66,251,932",1,"477194446,01"
DOS,27.04.2026,"65,244,422",2,"3075056145,48"
DOV,27.04.2026,"56,786,519",17787,"71033565072,23"
DP1,27.04.2026,"17,777,323",7,"5059014431,62"
DP2,27.04.2026,"62,483,822",11,"337268802,36"
DP3,27.04.2026,"64,970,535",4,"264677093,49"
DP4,27.04.2026,"68,012,048",3,"510055745,50"
DP5,27.04.2026,"76,757,345",1,"1662324159,67"
DP6,27.04.2026,"44,912,202",215,"1813164479,54"
DP7,27.04.2026,"56,744,091",3,"510797938,64"
DP8,27.04.2026,"45,240,499",50,"376087841,90"
DP9,27.04.2026,"44,977,067",155,"5684608544,18"
DPB,27.04.2026,"22,759,895",3854,"20763798433,62"
DPC,27.04.2026,"92,228,803",1,"317670582,04"
DPE,27.04.2026,"21,061,264",1,"1378600372,14"
DPG,27.04.2026,"93,449,524",2,"535857605,46"
DPI,27.04.2026,"7,926,851",110,"263284448,85"
DPK,27.04.2026,"7,702,853",1315,"828649526,56"
DPL,27.04.2026,"95,659,371",1,"2472946273,63"
DPN,27.04.2026,"56,285,656",1,"2208649,16"
DPP,27.04.2026,"15,643,494",2,"211176531,38"
DPT,27.04.2026,"17,359,594",5505,"342224077,00"
DPZ,27.04.2026,"76,416,397",1,"115207041,75"
DRA,27.04.2026,"120,479",16,"48838312,45"
DRD,27.04.2026,"52,761,246",153,"1653879718,62"
DRH,27.04.2026,"104,237",69,"144523430,02"
DRS,27.04.2026,"69,735,262",3,"231678322,93"
DRT,27.04.2026,"1,095,208",344,"19221067,10"
DSC,27.04.2026,"62,247,581",1,"925005775,75"
DSD,27.04.2026,"66,990,777",1668,"5731151679,04"
DSH,27.04.2026,"2,012,872",101,"24655726,05"
DSP,27.04.2026,"1,356,715",1091,"139870190,25"
DSV,27.04.2026,"45,818,167",48,"1088412899,23"
DTH,27.04.2026,"1,222,851",126,"170506183,03"
DTL,27.04.2026,"3,881,708",3763,"163729481,84"
DTM,27.04.2026,"137,431",3158,"68046770,45"
DTO,27.04.2026,"44,910,318",159,"111896481,28"
DTP,27.04.2026,"1,834,789",4,"1662263528,96"
DTV,27.04.2026,"63,650,633",4,"3839798783,71"
DTZ,27.04.2026,"4,538,009",6304,"269672366,54"
DUC,27.04.2026,"658,314",12,"228014,45"
DUD,27.04.2026,"48,202,452",264,"325297765,93"
DUH,27.04.2026,"1,206,392",79,"5289736,33"
DUT,27.04.2026,"45,183,412",258,"834532188,90"
DUV,27.04.2026,"1,216,403",216,"71198015,70"
DVC,27.04.2026,"63,674,331",1,"52531323,35"
DVI,27.04.2026,"72,338,581",2,"182502933,48"
DVN,27.04.2026,"60,503,772",1,"289785115,56"
DVO,27.04.2026,"4,728,552",1,"30298607,65"
DVS,27.04.2026,"1,390,608",314,"268948374,38"
DVT,27.04.2026,"8,285,867",10779,"735557419,59"
DVU,27.04.2026,"765,135",5,"1377431324,19"
DVZ,27.04.2026,"61,791,334",1,"1298332067,67"
DXP,27.04.2026,"1,810,331",1179,"53728023,44"
DYJ,27.04.2026,"45,055,435",156,"1061843734,55"
DYN,27.04.2026,"4,303,899",1674,"57799609,73"
DYS,27.04.2026,"1,487,886",13,"17275532,69"
DZ2,27.04.2026,"1,411,468",2,"12203384123,44"
DZE,27.04.2026,"1,002,727",3034,"256806488,50"
DZM,27.04.2026,"80,760,565",4844,"19866484880,01"
DZP,27.04.2026,"56,255,963",2,"438121438,67"
DZS,27.04.2026,"1,404,812",157,"62274270,54"
EBD,27.04.2026,"224,969",393,"41913092,84"
EBI,27.04.2026,"53,026,895",30,"582812351,05"
EBS,27.04.2026,"45,479,653",31,"3311056790,39"
EC2,27.04.2026,"87,649,011",2587,"89967397,94"
ECA,27.04.2026,"1,705,746",388,"111537084,15"
ECB,27.04.2026,"47,324,055",3233,"903781987,09"
ECV,27.04.2026,"435,541",2399,"97309760,41"
EDD,27.04.2026,"1,049,394",13,"10579781,74"
EDP,27.04.2026,"1,027,355",32,"52298322,65"
EDT,27.04.2026,"1,996,408",628,"964510684,42"
EDU,27.04.2026,"3,281,406",666,"438751826,73"
EES,27.04.2026,"55,068,407",1,"460450468,95"
EGP,27.04.2026,"53,881,956",50,"246463716,92"
EHS,27.04.2026,"2,823,554",3,"666186374,08"
EIB,27.04.2026,"580,266",450,"281694893,68"
EID,27.04.2026,"1,840,191",2198,"119566277,74"
EIL,27.04.2026,"4,646,792",1925,"1394781264,06"
EJG,27.04.2026,"9,499,933",1,"649977868,75"
EKF,27.04.2026,"124,908",5403,"1853575893,03"
EKL,27.04.2026,"1,616,792",1450,"22978308189,39"
ELZ,27.04.2026,"13,676,023",787,"561694916,56"
EME,27.04.2026,"1,213,796",26,"41944461,31"
EML,27.04.2026,"1,178,214",773,"43350572,36"
ENA,27.04.2026,"104,916",15,"10879143,24"
ENJ,27.04.2026,"1,346,052",739,"39622356,95"
ENO,27.04.2026,"4,498,403",10,"45025415,71"
ENR,27.04.2026,"1,063,449",35,"12911450,44"
ENS,27.04.2026,"1,079,349",13,"11051348,19"
EPA,27.04.2026,"1,217,547",88,"434524350,46"
EPI,27.04.2026,"1,154,284",185,"272890536,42"
EPK,27.04.2026,"1,434,672",2073,"282371386,27"
EPO,27.04.2026,"57,527,309",1,"425126526,82"
EPP,27.04.2026,"1,302,436",41,"1743699960,06"
EPT,27.04.2026,"1,178,977",54,"907446560,58"
ESG,27.04.2026,"421,116",83,"117631596,00"
ESN,27.04.2026,"1,638,255",12,"63168853,32"
ESP,27.04.2026,"518,801",358,"62725690,73"
EUN,27.04.2026,"59,482,315",3605,"6401410851,62"
EUZ,27.04.2026,"58,910,909",39829,"137199159550,51"
EVM,27.04.2026,"1,081,163",606,"45863040,00"
EYT,27.04.2026,"2,794,748",630,"92927956,44"
EZM,27.04.2026,"42,091,065",1,"4209106,46"
FAK,27.04.2026,"1,386,655",454,"34446294,11"
FAL,27.04.2026,"1,260,521",936,"352232943,22"
FBC,27.04.2026,"2,270,048",5902,"194654811,16"
FBI,27.04.2026,"49,164,733",5452,"19892777262,68"
FBN,27.04.2026,"10,343,871",15,"16003881,86"
FBV,27.04.2026,"7,152,215",2331,"682025278,82"
FBZ,27.04.2026,"4,101,764",380,"186670794,03"
FCK,27.04.2026,"1,934,147",880,"345295090,32"
FCS,27.04.2026,"2,044,355",177,"1504762805,21"
FD1,27.04.2026,"1,811,732",175,"30332738,68"
FDE,27.04.2026,"44,936,571",895,"4171012566,54"
FDG,27.04.2026,"2,670,466",1507,"311354425,37"
FDO,27.04.2026,"57,191,895",1,"270938766,11"
FDV,27.04.2026,"5,213,506",1,"1303376543,46"
FDY,27.04.2026,"45,066,074",890,"3876585835,76"
FDZ,27.04.2026,"297,436",12,"225794482,41"
FFD,27.04.2026,"45,186",249,"131380559,47"
FFF,27.04.2026,"62,452,359",1,"1050594063,28"
FFH,27.04.2026,"7,900,665",1962,"1264073496,26"
FFO,27.04.2026,"58,013,509",7,"104531872,66"
FFP,27.04.2026,"7,343,782",2833,"2542255030,94"
FHI,27.04.2026,"1,506,088",11,"236051734,85"
FHP,27.04.2026,"2,998,276",46,"9859982594,82"
FHZ,27.04.2026,"62,381,594",3,"723034306,73"
FI3,27.04.2026,"730,956,853",9871,"1831398236,01"
FI5,27.04.2026,"656,335,296",52011,"92375852763,01"
FIB,27.04.2026,"511,713",13659,"6208033257,52"
FID,27.04.2026,"1,003,297",1819,"966550175,60"
FIL,27.04.2026,"32,862",19064,"12582864786,74"
FIT,27.04.2026,"216,281",608,"217106997,68"
FJB,27.04.2026,"643,416",841,"392583639,64"
FJC,27.04.2026,"55,531,664",88,"1262566905,09"
FJM,27.04.2026,"53,564,017",1745,"8660862984,71"
FJN,27.04.2026,"53,369,255",1261,"5477435914,16"
FJZ,27.04.2026,"61,671,486",891,"1718213061,42"
FKE,27.04.2026,"55,711,283",12703,"49339019112,66"
FKH,27.04.2026,"45,457,282",2132,"12473023550,25"
FKV,27.04.2026,"45,074,532",488,"2216765482,89"
FLS,27.04.2026,"57,551,802",2072,"3020208932,77"
FLY,27.04.2026,"1,611,295",1618,"118299630,29"
FMG,27.04.2026,"3,662,491",12901,"14322701447,67"
FMS,27.04.2026,"53,622,834",1,"628551953,04"
FMV,27.04.2026,"1,258,406",24,"138361258,70"
FNE,27.04.2026,"273,097",1,"1064641,30"
FNN,27.04.2026,"0,00",1,"0,00"
FNO,27.04.2026,"190,034",8597,"15671933924,27"
FNT,27.04.2026,"2,008,587",2144,"592040768,81"
FP4,27.04.2026,"1,266,498",118,"93677203,62"
FPE,27.04.2026,"70,865,065",1435,"318643632,96"
FPG,27.04.2026,"2,412,342",2562,"1314119805,87"
FPH,27.04.2026,"33,878,828",4851,"1521720873,57"
FPI,27.04.2026,"2,340,784",171,"112166997,64"
FPK,27.04.2026,"87,605",1163,"286389100,35"
FPR,27.04.2026,"1,115,551",21,"172726712,28"
FPZ,27.04.2026,"64,080,114",19543,"132728121012,57"
FR1,27.04.2026,"1,515,847",21,"577001678,02"
FRA,27.04.2026,"32,662,938",2,"533915636,99"
FRC,27.04.2026,"1,711,675",405,"90426236,00"
FRZ,27.04.2026,"15,526,688",2,"277937695,30"
FS1,27.04.2026,"1,742,065",297,"211841904,06"
FS2,27.04.2026,"2,059,773",28,"16198964,47"
FS3,27.04.2026,"1,945,016",22,"1653812487,93"
FS4,27.04.2026,"915,032",21,"4697563091,78"
FS5,27.04.2026,"251,814",9,"22140138,44"
FS6,27.04.2026,"158,609",393,"118346586,79"
FSF,27.04.2026,"6,106,458",7272,"11344652628,51"
FSG,27.04.2026,"3,732,028",850,"1040582136,41"
FSH,27.04.2026,"4,126,981",471,"335444048,47"
FSK,27.04.2026,"5,414,324",2591,"6555284219,80"
FSM,27.04.2026,"8,100,189",21,"1087033369,48"
FSP,27.04.2026,"37,186,067",23,"472411,80"
FSR,27.04.2026,"44,666,874",2537,"8756594789,46"
FSU,27.04.2026,"1,334,038",7263,"928209018,15"
FSV,27.04.2026,"52,627,948",876,"5332789941,40"
FTL,27.04.2026,"1,354,805",217,"360605807,88"
FTM,27.04.2026,"52,233,466",14,"1694656248,34"
FTY,27.04.2026,"44,902,919",1253,"7510911243,99"
FUA,27.04.2026,"5,378,685",5054,"339740771,75"
FUB,27.04.2026,"705,268",2286,"1417667750,27"
FUM,27.04.2026,"58,636,438",2,"421656501,57"
FUN,27.04.2026,"1,472,379",11,"18066947,04"
FUP,27.04.2026,"102,218,904",2,"448503023,80"
FVL,27.04.2026,"4,371,979",54,"1440491598,11"
FYA,27.04.2026,"54,638",159,"1817526076,28"
FYB,27.04.2026,"93,449,056",9,"191147708,75"
FYD,27.04.2026,"11,933,886",5926,"3774810253,24"
FYF,27.04.2026,"99,865",11,"35023355,31"
FYG,27.04.2026,"15,582,229",2,"89632812,49"
FYH,27.04.2026,"81,922,656",26,"960224871,86"
FYI,27.04.2026,"9,061,453",196,"40504387,34"
FYM,27.04.2026,"410,003",15,"321315773,25"
FYO,27.04.2026,"1,050,692",1286,"978560733,72"
FYT,27.04.2026,"325,798",99141,"3091585726,44"
FYZ,27.04.2026,"6,195,073",2,"268969502,23"
FZJ,27.04.2026,"5,231,207",2359,"1271541059,01"
FZP,27.04.2026,"6,036,878",660,"1059616338,56"
GA1,27.04.2026,"180,841",1556,"351705383,48"
GAC,27.04.2026,"70,939,712",1,"392131812,96"
GAE,27.04.2026,"459,678",15197,"1599051252,87"
GAF,27.04.2026,"1,729,791",1797,"220821322,76"
GAG,27.04.2026,"16,758,121",227,"787921250,47"
GAH,27.04.2026,"11,559,975",3054,"436384757,67"
GAJ,27.04.2026,"59,064,637",1,"468681911,87"
GAL,27.04.2026,"363,686,438",57052,"59986916759,45"
GAN,27.04.2026,"8,973,296",11,"24165624,41"
GAS,27.04.2026,"295,559",2337,"3328214178,22"
GAU,27.04.2026,"61,299,993",5,"1984913875,52"
GAV,27.04.2026,"57,445,768",1,"226393769,99"
GBC,27.04.2026,"278,166",1634,"293385904,45"
GBG,27.04.2026,"505,685",3326,"156364571,57"
GBH,27.04.2026,"4,203,368",2749,"2214898787,49"
GBJ,27.04.2026,"1,553,983",2128,"665632233,74"
GBL,27.04.2026,"769,974",1752,"3198267039,76"
GBN,27.04.2026,"6,084,938",462,"5666716648,45"
GBP,27.04.2026,"66,159,667",2,"3628564674,83"
GBV,27.04.2026,"11,530,403",23133,"2416724087,21"
GBZ,27.04.2026,"3,412,135",3553,"1587476131,83"
GCA,27.04.2026,"66,832,728",2,"774163392,85"
GCC,27.04.2026,"5,293,186",2,"1175406871,42"
GCD,27.04.2026,"302,517",13,"422079465,12"
GCI,27.04.2026,"59,999,452",3,"205551883,35"
GCZ,27.04.2026,"57,457,452",1,"11187827,80"
GDJ,27.04.2026,"57,035,003",4,"462064967,48"
GDP,27.04.2026,"6,189,177",1,"1438120257,53"
GEC,27.04.2026,"71,062,588",3,"398773680,57"
GEI,27.04.2026,"106,988,821",11,"3955160387,42"
GEZ,27.04.2026,"56,349,527",1,"373848454,94"
GFB,27.04.2026,"65,108,968",4,"397559071,74"
GFD,27.04.2026,"64,713,268",2,"115212785,28"
GFI,27.04.2026,"49,746,042",3,"1608664579,12"
GFL,27.04.2026,"10,679,076",1,"448232082,55"
GFN,27.04.2026,"73,629,972",3,"852151764,49"
GFY,27.04.2026,"64,329,536",3,"394915228,90"
GGA,27.04.2026,"62,519,307",3,"8150626495,98"
GGC,27.04.2026,"5,197,169",5,"182592117,89"
GGD,27.04.2026,"6,117,921",2,"5837863860,01"
GGK,27.04.2026,"14,002,841",13323,"2849212654,63"
GGM,27.04.2026,"7,478,366",1,"2559776986,36"
GGN,27.04.2026,"63,833,903",4,"444502663,11"
GGP,27.04.2026,"26,286,128",1,"182084,01"
GGR,27.04.2026,"6,322,116",3,"1508894497,68"
GHS,27.04.2026,"39,896,167",14787,"3297401230,60"
GID,27.04.2026,"1,669,304",2291,"55643317,30"
GIE,27.04.2026,"3,659,935",5151,"93804331,92"
GIH,27.04.2026,"2,478,914",699,"18886678,74"
GJA,27.04.2026,"61,321,812",3,"874654835,10"
GJB,27.04.2026,"10,111,227",1066,"77709177,10"
GJD,27.04.2026,"59,111,863",3,"384729502,75"
GJE,27.04.2026,"58,809,592",2,"136244946,79"
GJF,27.04.2026,"59,571,448",2,"226736617,46"
GJH,27.04.2026,"3,478,785",26101,"139934354872,02"
GJM,27.04.2026,"3,861,138",69,"443405834,37"
GJO,27.04.2026,"55,631,584",1,"544046239,55"
GKE,27.04.2026,"0,00",0,"0,01"
GKF,27.04.2026,"4,803,499",794,"45111870,70"
GKG,27.04.2026,"1,378,822",1337,"46230162,61"
GKH,27.04.2026,"3,971,362",1903,"5847698511,44"
GKK,27.04.2026,"60,968,456",2,"1866708220,41"
GKL,27.04.2026,"15,184,879",4,"854137381,17"
GKM,27.04.2026,"45,241,411",14,"122315584,75"
GKO,27.04.2026,"0,00",0,"0,01"
GKV,27.04.2026,"7,653,269",3525,"383804666,10"
GL1,27.04.2026,"143,229,038",998,"1253607857,84"
GLC,27.04.2026,"4,247,046",72,"16410190,39"
GLG,27.04.2026,"8,213,034",626,"66894701,73"
GLM,27.04.2026,"517,992",11,"261104703,80"
GLP,27.04.2026,"63,034,705",4,"517011975,82"
GLS,27.04.2026,"151,811",1399,"554515830,78"
GLV,27.04.2026,"8,312,744",26,"70750196,62"
GMA,27.04.2026,"1,933,256",1558,"2519478417,64"
GMC,27.04.2026,"8,795,635",25040,"5182792630,25"
GMD,27.04.2026,"2,558,402",119,"3099105,17"
GME,27.04.2026,"26,618,876",2,"375570485,63"
GMI,27.04.2026,"1,501,548",6229,"525869551,89"
GMM,27.04.2026,"44,968,747",27,"419086008,26"
GMN,27.04.2026,"1,208,063",33,"94600671,68"
GMO,27.04.2026,"2,919,935",4,"2337265040,68"
GMP,27.04.2026,"57,822,023",1,"1511155444,98"
GMR,27.04.2026,"1,358,212",5117,"205592700,82"
GMV,27.04.2026,"0,00",0,"0,01"
GMZ,27.04.2026,"12,835,269",2,"349409249,00"
GNH,27.04.2026,"1,482,656",198,"7139849,96"
GNK,27.04.2026,"64,211,449",1,"440206212,48"
GNL,27.04.2026,"56,309,212",4,"1674995660,45"
GNP,27.04.2026,"1,306,668",4280,"1101815175,58"
GNS,27.04.2026,"1,536,774",1454,"75639038,99"
GNZ,27.04.2026,"1,438,751",463,"1705456,33"
GO1,27.04.2026,"4,312,217",1080,"157641171,33"
GO2,27.04.2026,"4,593,682",583,"35032068,44"
GO3,27.04.2026,"4,694,369",599,"46709068,38"
GO4,27.04.2026,"507,534",961,"64744438,78"
GO6,27.04.2026,"3,728,419",4292,"4987435794,12"
GO9,27.04.2026,"2,511,573",1798,"394511603,56"
GOF,27.04.2026,"47,761,692",132,"65227951,66"
GOH,27.04.2026,"15,958,436",8970,"670667725,99"
GOL,27.04.2026,"2,828,958",13580,"5292925850,25"
GOP,27.04.2026,"1,070,736",416,"744894862,16"
GP1,27.04.2026,"3,753,329",1,"171594245,61"
GP3,27.04.2026,"57,235,533",295,"383839226,65"
GPA,27.04.2026,"21,545,421",5660,"763543658,19"
GPB,27.04.2026,"11,109,061",9847,"1219436551,37"
GPC,27.04.2026,"66,933,997",3959,"7447626522,45"
GPF,27.04.2026,"8,268,276",2865,"849997545,07"
GPG,27.04.2026,"14,602,091",2752,"867585860,34"
GPH,27.04.2026,"43,216,723",1,"2534098,97"
GPI,27.04.2026,"16,888,726",3032,"748041245,53"
GPJ,27.04.2026,"53,824,781",2,"882333374,89"
GPL,27.04.2026,"49,336,905",39269,"99462290779,67"
GPM,27.04.2026,"57,930,526",2,"1207102887,89"
GPN,27.04.2026,"1,228,856",2126,"2097978599,82"
GPT,27.04.2026,"2,423,352",2659,"87080912,52"
GPU,27.04.2026,"19,716,686",2719,"406044895,18"
GPV,27.04.2026,"62,808,881",1,"542056970,65"
GPZ,27.04.2026,"1,737,768",214,"8912943093,64"
GRL,27.04.2026,"172,424",349,"1008835200,54"
GRO,27.04.2026,"5,023,232",27135,"186281511810,67"
GRT,27.04.2026,"1,547,954",1437,"75611272,04"
GSE,27.04.2026,"59,890,141",105,"1453788371,05"
GSG,27.04.2026,"66,375,764",1,"82126467,64"
GSL,27.04.2026,"3,038,681",1,"293971249,32"
GSO,27.04.2026,"13,496,888",5,"309138037,55"
GSP,27.04.2026,"546,569",13951,"2906667056,85"
GSR,27.04.2026,"52,974,424",2,"245968728,80"
GSU,27.04.2026,"0,00",0,"0,01"
GTA,27.04.2026,"1,614,559",81634,"28003669830,57"
GTF,27.04.2026,"13,655,197",576,"202259795,13"
GTH,27.04.2026,"1,329,094",395,"10228089,05"
GTK,27.04.2026,"634,983",1,"25586431714,80"
GTL,27.04.2026,"119,268",323911,"142100282448,53"
GTM,27.04.2026,"7,824,097",14454,"1192543035,18"
GTN,27.04.2026,"48,701,443",2,"1364250888,84"
GTY,27.04.2026,"5,779,485",660,"477346597,63"
GTZ,27.04.2026,"12,994,306",70773,"16011359262,78"
GUA,27.04.2026,"5,458,243",1,"1865959226,16"
GUB,27.04.2026,"2,273,183",3458,"2177022369,49"
GUC,27.04.2026,"1,292,581",1,"2808588783,67"
GUH,27.04.2026,"367,384",26992,"2624213808,93"
GUK,27.04.2026,"1,572,512",3372,"1309100928,90"
GUM,27.04.2026,"13,797,442",58747,"8097991272,90"
GUV,27.04.2026,"1,611,167",2105,"630476762,44"
GVA,27.04.2026,"4,145,178",3444,"97248122,60"
GVB,27.04.2026,"63,183,584",3,"3317115428,23"
GVC,27.04.2026,"59,932,418",1,"284035790,25"
GVD,27.04.2026,"19,848,984",1,"438960,29"
GVI,27.04.2026,"546,235",5406,"1412877279,91"
GVL,27.04.2026,"61,963,044",3,"487780142,37"
GVZ,27.04.2026,"68,301,106",2,"377934195,64"
GYC,27.04.2026,"3,676,289",1,"15090026276,29"
GYG,27.04.2026,"66,513,613",4,"495398779,08"
GYK,27.04.2026,"101,939",279,"73693816,63"
GYL,27.04.2026,"12,922,703",7730,"1057389898,87"
GYN,27.04.2026,"6,284,653",1,"1295491021,72"
GYR,27.04.2026,"58,691,358",5,"564616147,27"
GZB,27.04.2026,"6,642,282",1,"1262033492,12"
GZD,27.04.2026,"57,653,344",3,"50544571,13"
GZE,27.04.2026,"7,283,179",5308,"1902996725,58"
GZG,27.04.2026,"5,774,382",1619,"421040232,81"
GZH,27.04.2026,"5,069,205",6377,"418527246,38"
GZJ,27.04.2026,"8,234,925",6060,"1984097003,69"
GZL,27.04.2026,"522,743",6213,"345571225,36"
GZM,27.04.2026,"8,206,004",317,"117313650,71"
GZN,27.04.2026,"45,022,957",1697,"449531354,91"
GZO,27.04.2026,"65,376,225",1,"107525454,78"
GZP,27.04.2026,"7,052,816",9786,"4252576612,60"
GZR,27.04.2026,"11,762,915",2187,"1076558019,99"
GZU,27.04.2026,"63,043,502",2,"430564987,07"
GZV,27.04.2026,"7,920,441",1377,"94483974,73"
GZY,27.04.2026,"720,492",2341,"64807446,41"
GZZ,27.04.2026,"6,517,438",1297,"61046811,44"
HAE,27.04.2026,"5,208,218",1067,"2351044621,94"
HAG,27.04.2026,"57,603,043",47,"408148433,84"
HAM,27.04.2026,"3,132,164",9021,"1835768486,70"
HAR,27.04.2026,"1,057,859",63,"40364093,28"
HAT,27.04.2026,"1,797,595",119,"8835546,16"
HB1,27.04.2026,"46,873,683",330,"21191331319,52"
HB2,27.04.2026,"5,415,998",189,"10727975282,33"
HBF,27.04.2026,"5,137,717",12774,"7270894527,30"
HBJ,27.04.2026,"2,403,656",1,"240365,61"
HBN,27.04.2026,"4,055,624",1124,"524710068,91"
HBU,27.04.2026,"1,464,999",2858,"463906539,14"
HBV,27.04.2026,"15,762,042",18,"907088643,75"
HCV,27.04.2026,"1,042,725",221,"62348022,83"
HDA,27.04.2026,"283,082",775,"413268301,91"
HDE,27.04.2026,"54,022,281",4379,"7890477757,92"
HDH,27.04.2026,"8,701,979,009",18,"32273342821,74"
HDJ,27.04.2026,"5,679,943",11,"14084021,09"
HDK,27.04.2026,"280,009",151,"12806037,03"
HDS,27.04.2026,"15,318,855",13,"1538294934,87"
HDV,27.04.2026,"61,550,154",2209,"4284144109,83"
HEH,27.04.2026,"290,616",1874,"730414101,63"
HFA,27.04.2026,"2,935,887",2,"4150848192,42"
HFI,27.04.2026,"1,629,208",159,"46394471,75"
HFR,27.04.2026,"1,498,063",784,"93083498,06"
HFV,27.04.2026,"59,338,339",3371,"8939873572,18"
HFY,27.04.2026,"1,163,938",28,"792346075,71"
HGC,27.04.2026,"49,278,303",194,"310324301,05"
HGH,27.04.2026,"1,766,313",21,"78398566,79"
HGJ,27.04.2026,"13,291,571",11,"5940388,73"
HGM,27.04.2026,"3,955,824",2080,"153270186,35"
HGR,27.04.2026,"1,172,344",344,"55686011,91"
HGT,27.04.2026,"88,475,521",14,"3624254081,81"
HGU,27.04.2026,"439,552",2,"2465968164,91"
HGV,27.04.2026,"5,286,083",554,"64411298,26"
HIA,27.04.2026,"137,895",349,"484699670,18"
HIF,27.04.2026,"631,694",21,"1096292,04"
HIH,27.04.2026,"1,427,431",6308,"364935180,57"
HII,27.04.2026,"3,087,346",1,"1016870675,84"
HIM,27.04.2026,"357,343",298,"415881511,46"
HIP,27.04.2026,"1,913,975",882,"1373481577,27"
HIS,27.04.2026,"3,491,235",12,"1421774,00"
HIZ,27.04.2026,"1,915,955",1118,"181068369,66"
HJA,27.04.2026,"28,185,633",13,"3270091808,17"
HJB,27.04.2026,"4,343,748",1833,"138534878,03"
HKG,27.04.2026,"1,406,195",991,"36805141,50"
HKH,27.04.2026,"8,501,338",16052,"1775734590,38"
HKJ,27.04.2026,"122,289",2683,"13582190085,87"
HKM,27.04.2026,"4,938,463",1583,"169110300,11"
HKP,27.04.2026,"5,462,838",127,"416598018,52"
HKR,27.04.2026,"3,946,596",1856,"1699659971,88"
HKV,27.04.2026,"524,321,204",37371,"3852105042,79"
HLA,27.04.2026,"2,389,787",11,"53346003,07"
HLL,27.04.2026,"337,549",1037838,"44523591662,93"
HLR,27.04.2026,"242,290,861",14,"5720324157,84"
HMC,27.04.2026,"7,560,009",123,"6906363,23"
HME,27.04.2026,"50,481,806",8306,"24870283124,66"
HMG,27.04.2026,"60,694",4753,"1853825167,64"
HMK,27.04.2026,"300,387,274",112,"289157295,82"
HML,27.04.2026,"45,835,617",45,"20140307,51"
HMS,27.04.2026,"103,778",4517,"436098723,25"
HMT,27.04.2026,"6,777,347",22,"566795337,34"
HMV,27.04.2026,"18,688,594",13,"15278800715,91"
HNC,27.04.2026,"1,365,519",110,"14349619,54"
HNS,27.04.2026,"46,571,026",109,"488920325,56"
HOA,27.04.2026,"217,651",3356,"1498544165,25"
HOY,27.04.2026,"327,879",2613,"1220465905,58"
HP3,27.04.2026,"54,016,106",136,"301492624,82"
HPC,27.04.2026,"11,870,096",7,"34283723696,51"
HPD,27.04.2026,"212,437",1566,"342157026,05"
HPF,27.04.2026,"39,186,973",12,"1690883408,88"
HPH,27.04.2026,"2,112,856",10668,"12565104824,71"
HPI,27.04.2026,"7,993,783",14,"275098677,11"
HPJ,27.04.2026,"3,718,843",1,"72960200,27"
HPL,27.04.2026,"2,645,595",24,"1199969700,66"
HPO,27.04.2026,"153,047",3043,"1281971954,00"
HPT,27.04.2026,"100,923",10385,"2476924078,10"
HPV,27.04.2026,"6,916,485",341996,"8239533629,07"
HPZ,27.04.2026,"58,716,439",16,"1187833,56"
HRZ,27.04.2026,"2,265,446",7689,"580290841,17"
HSA,27.04.2026,"1,540,367,579",2722,"4141940592,98"
HSL,27.04.2026,"364,970,426",24319,"22566582025,73"
HSP,27.04.2026,"45,131,575",1072,"1940967253,34"
HST,27.04.2026,"922,525",3900,"456764871,21"
HTF,27.04.2026,"127,908",530,"7666616078,32"
HTJ,27.04.2026,"1,635,886",150,"8828813,06"
HTS,27.04.2026,"52,142,224",1794,"3145310155,74"
HTZ,27.04.2026,"15,552,608",13,"735986306,07"
HUI,27.04.2026,"86,910,122",1,"2051048976,79"
HUS,27.04.2026,"3,632",12,"2066661,76"
HVA,27.04.2026,"493,853,397",17,"136627011,48"
HVB,27.04.2026,"1,722,026",13,"1977600681,49"
HVC,27.04.2026,"25,905,686",17,"70663741,89"
HVI,27.04.2026,"1,263,347",493,"50135149,51"
HVK,27.04.2026,"5,070,765",2142,"1133713398,67"
HVL,27.04.2026,"20,421,798",11,"2867220,44"
HVN,27.04.2026,"5,397,052",12,"6125497,49"
HVS,27.04.2026,"1,574,525",10928,"2951154368,89"
HVT,27.04.2026,"4,151,748",2113,"841848935,74"
HVU,27.04.2026,"5,374,279",908,"21822313,40"
HVV,27.04.2026,"64,700,588",1,"3280700329,53"
HVZ,27.04.2026,"6,895,662",2075,"104934464,30"
HYK,27.04.2026,"10,112,739",24,"195728011,16"
HYP,27.04.2026,"9,038,977",59,"17046507,92"
HYU,27.04.2026,"1,593,559",298,"1014613190,65"
HYV,27.04.2026,"5,604,321",7675,"7195261133,69"
HYY,27.04.2026,"12,525,638",1,"6181248043,71"
HZV,27.04.2026,"5,768,314",3,"944818208,56"
IAC,27.04.2026,"4,144,607",1,"2873949529,14"
IAE,27.04.2026,"1,961,397",518,"240211220,40"
IAF,27.04.2026,"865,036",11,"54971198,94"
IAI,27.04.2026,"6,597,211",1,"75177400,54"
IAM,27.04.2026,"1,610,637",3147,"91351949,88"
IAR,27.04.2026,"72,685,137",28,"164042505,07"
IAS,27.04.2026,"2,198,261",17,"3557537888,54"
IAT,27.04.2026,"177,319",8440,"1623930340,62"
IAU,27.04.2026,"238,404",300,"42984916,85"
IAY,27.04.2026,"1,521,252",222,"49289791,58"
IBB,27.04.2026,"1,419,349",8767,"1125535049,60"
IBC,27.04.2026,"1,733,855",5,"371545933,15"
IBE,27.04.2026,"22,826,214",12,"756182137,07"
IBG,27.04.2026,"145,218",11,"484656521,62"
IBJ,27.04.2026,"60,700,276",23,"737410810,41"
IBK,27.04.2026,"121,104",122347,"210559427,48"
IBM,27.04.2026,"3,561,784",17,"245636936,33"
IBP,27.04.2026,"64,316,264",4,"4302280009,48"
IBR,27.04.2026,"263,129",71,"1503240934,17"
ICA,27.04.2026,"557,903",3448,"721330615,69"
ICC,27.04.2026,"1,266,412",287,"30701455,38"
ICD,27.04.2026,"1,215,288",212,"41356493,66"
ICE,27.04.2026,"113,164,903",5591,"2045429601,80"
ICF,27.04.2026,"185,839,952",553,"19811096,45"
ICG,27.04.2026,"6,551,432",1,"838133538,35"
ICH,27.04.2026,"2,018,793",1537,"169141005,83"
ICN,27.04.2026,"3,735,889",15,"163437591,23"
ICS,27.04.2026,"47,684,719",68,"44261289,81"
ICV,27.04.2026,"5,519,831",50,"6678217,12"
ICZ,27.04.2026,"7,968,106",22217,"951407102,96"
IDD,27.04.2026,"149,777",25,"31360522,65"
IDF,27.04.2026,"71,702,502",4576,"13374419772,10"
IDH,27.04.2026,"12,567,433",22498,"1065188887,65"
IDI,27.04.2026,"147,406",365,"19954739,51"
IDL,27.04.2026,"5,332,632",3922,"3186854959,55"
IDO,27.04.2026,"54,656,129",14980,"74019466768,74"
IDP,27.04.2026,"1,937,927",29,"191696410,97"
IDV,27.04.2026,"66,097,926",2,"519304702,95"
IDY,27.04.2026,"213,737",3129,"619839122,32"
IED,27.04.2026,"992,732",835,"18006273,27"
IEN,27.04.2026,"1,285,123",136,"52596849,93"
IEV,27.04.2026,"4,837,631",3131,"57266854,58"
IEZ,27.04.2026,"5,897,995",3,"118578726,90"
IFD,27.04.2026,"56,057,189",9,"1121143786,50"
IFN,27.04.2026,"9,593,791",481,"5183295,18"
IFV,27.04.2026,"4,145,431",214,"18542001,65"
IFY,27.04.2026,"6,795,657",1,"135913136,48"
IGF,27.04.2026,"63,166,972",2,"1334857456,46"
IGL,27.04.2026,"51,243,597",17799,"4861816720,03"
IGM,27.04.2026,"61,692,077",3,"1178293810,99"
IGZ,27.04.2026,"10,584,875",3,"2129026381,16"
IHA,27.04.2026,"3,191,143",395,"9538167,82"
IHC,27.04.2026,"6,743,565",322,"268002962,11"
IHK,27.04.2026,"17,323,914",33291,"2041641920,45"
IHP,27.04.2026,"1,737,892",341,"192711059,93"
IHT,27.04.2026,"3,793,995",3724,"87929250,50"
IHV,27.04.2026,"1,898,375",32,"331518900,41"
IHY,27.04.2026,"7,098,751",1,"143426081,39"
IHZ,27.04.2026,"1,058,777",57,"1605987,67"
IIA,27.04.2026,"6,732,952",11,"2577583952,73"
IIC,27.04.2026,"3,255,964",12,"184287089,31"
IIE,27.04.2026,"8,677,987",5366,"1168430185,92"
IIF,27.04.2026,"1,308,647",14,"435796199,68"
IIH,27.04.2026,"33,211,043",24540,"2315095712,11"
IIN,27.04.2026,"1,235,062",87,"2400207669,63"
IIP,27.04.2026,"326,207",16,"39296473,90"
IIS,27.04.2026,"94,599,092",202,"3514953222,82"
IJA,27.04.2026,"13,260,099",1350,"214195003,89"
IJB,27.04.2026,"5,831,923",7357,"194728882,26"
IJC,27.04.2026,"14,313,094",22767,"2331115516,83"
IJE,27.04.2026,"63,267,376",4,"33890498,82"
IJF,27.04.2026,"9,761,382",2,"895916560,41"
IJH,27.04.2026,"6,673,007",470,"51499081,55"
IJI,27.04.2026,"953,437",26,"66045919,18"
IJK,27.04.2026,"59,570,509",3,"273491187,15"
IJL,27.04.2026,"50,681,105",12,"335366554,69"
IJP,27.04.2026,"7,874,933",13031,"561470550,81"
IJT,27.04.2026,"6,505,276",1497,"425698716,77"
IJV,27.04.2026,"4,978,183",3121,"3273386103,26"
IJZ,27.04.2026,"10,428,455",11512,"497761440,40"
IK2,27.04.2026,"44,638,768",96,"199959629,54"
IKL,27.04.2026,"8,705,132",5399,"203175999,29"
IKP,27.04.2026,"8,756,551",13132,"965154611,90"
IKV,27.04.2026,"1,360,882",1101,"185454299,21"
ILC,27.04.2026,"47,464,891",223,"1327967315,10"
ILE,27.04.2026,"4,574,229",1,"10183025721,13"
ILH,27.04.2026,"352,943",11082,"121867677808,43"
ILI,27.04.2026,"5,168,578",16,"452666267,41"
ILM,27.04.2026,"7,036,753",13,"306453704,12"
ILP,27.04.2026,"58,044,001",6,"2904673445,78"
ILU,27.04.2026,"1,062,573",1,"1683713544,34"
ILZ,27.04.2026,"7,568,515",7352,"1056943627,89"
IMB,27.04.2026,"1,234,246",230,"32568967,79"
IMF,27.04.2026,"5,304",19,"359450946,08"
IMG,27.04.2026,"46,361,498",144,"926077133,18"
IMH,27.04.2026,"6,244,739",1,"2203189500,51"
IML,27.04.2026,"1,688,423",6469,"1097884627,22"
IMO,27.04.2026,"5,288,142",2,"4541445069,01"
IMS,27.04.2026,"1,459,557",4,"542569138,32"
IMT,27.04.2026,"66,210,763",4,"669223894,70"
IMY,27.04.2026,"69,188,266",6,"1485406133,36"
IMZ,27.04.2026,"68,947,333",4,"285962302,90"
INH,27.04.2026,"13,820,329",507,"358595284,23"
INV,27.04.2026,"4,256,006",1,"1813693831,70"
INZ,27.04.2026,"3,046,242",14,"6093589,83"
IOG,27.04.2026,"14,984,705",23378,"17012828781,06"
IOH,27.04.2026,"48,792,484",30,"124938966,41"
IOJ,27.04.2026,"48,099,987",40,"172503630,87"
IOL,27.04.2026,"6,215,606",1,"889155609,47"
IOM,27.04.2026,"3,960,985",15,"597319237,52"
ION,27.04.2026,"2,759,872",15,"176247623,05"
IOO,27.04.2026,"4,071,225",6531,"29911929899,75"
IOP,27.04.2026,"5,580,211",7394,"7416027335,79"
IOT,27.04.2026,"54,557,845",6,"245648881,33"
IOV,27.04.2026,"53,500,352",1,"530050940,81"
IPA,27.04.2026,"789,039",16,"803394833,12"
IPB,27.04.2026,"848,719",17380,"1252521531,82"
IPC,27.04.2026,"23,430,668",1,"13472634,05"
IPE,27.04.2026,"9,186,006",3,"3827035067,42"
IPF,27.04.2026,"112,583",22,"141347455,20"
IPG,27.04.2026,"9,041,659",1946,"350728713,91"
IPJ,27.04.2026,"18,984,222",17948,"1251482677,43"
IPK,27.04.2026,"49,297,273",1,"2947879797,62"
IPO,27.04.2026,"44,471,105",1,"534829916,77"
IPP,27.04.2026,"167,655",187,"6450270755,73"
IPR,27.04.2026,"31,591,242",1,"19428613,58"
IPU,27.04.2026,"44,374,875",1,"5176933562,72"
IPV,27.04.2026,"7,290,662",12331,"1972471620,17"
IRB,27.04.2026,"1,161,601",874,"873013142,19"
IRE,27.04.2026,"44,738,777",65,"113067775,36"
IRF,27.04.2026,"6,334,644",1617,"351072770,68"
IRL,27.04.2026,"16,223,928",15,"246047188,10"
IRO,27.04.2026,"1,820,156",46,"21667617,04"
IRT,27.04.2026,"6,663,136",1495,"113724455,55"
IRV,27.04.2026,"6,264,989",39,"279419539,24"
IRY,27.04.2026,"3,520,944",2426,"2114325162,05"
ISR,27.04.2026,"18,174,397",8,"942390265,70"
ISS,27.04.2026,"276,119",7,"214189589,83"
IST,27.04.2026,"171,662",3211,"2049990864,66"
ITA,27.04.2026,"67,603,004",1,"758595824,17"
ITC,27.04.2026,"1,248,424",347,"24687636,91"
ITD,27.04.2026,"63,270,286",1,"2341017796,93"
ITJ,27.04.2026,"10,428,979",11,"412489660,74"
ITL,27.04.2026,"3,988,131",1,"4092891421,23"
ITP,27.04.2026,"11,086,089",10645,"924960153,26"
ITR,27.04.2026,"3,926,075",1,"1030076807,44"
ITV,27.04.2026,"45,054,043",25,"164319934,61"
ITZ,27.04.2026,"56,086,934",3,"1743430216,95"
IUA,27.04.2026,"63,470,811",57,"433538709,69"
IUB,27.04.2026,"66,540,621",3,"320373792,90"
IUC,27.04.2026,"1,917,098",1,"930470285,90"
IUF,27.04.2026,"63,392,722",8265,"22838824560,68"
IUH,27.04.2026,"5,301,872",653,"8796646,51"
IUM,27.04.2026,"6,238,527",1,"379025326,17"
IUN,27.04.2026,"70,901,405",4,"278069353,81"
IUV,27.04.2026,"62,679,235",7057,"23137503395,13"
IUZ,27.04.2026,"4,207,257",1136,"1201183410,14"
IV2,27.04.2026,"18,068,977",14,"1106525872,75"
IV6,27.04.2026,"60,328,607",1,"1509306512,94"
IV7,27.04.2026,"4,483,653",1,"490084292,51"
IV8,27.04.2026,"20,661",130,"29494392,27"
IVA,27.04.2026,"2,538,678",3,"126933897,78"
IVF,27.04.2026,"6,276,882",1344,"178686446,27"
IVS,27.04.2026,"5,365,179",30,"445593354,76"
IVY,27.04.2026,"5,346,459",14929,"818115585,17"
IYB,27.04.2026,"5,766,226",520,"112625064,94"
IYP,27.04.2026,"3,054,636",2,"2341785506,81"
IYR,27.04.2026,"130,428",32,"216763190,88"
IYS,27.04.2026,"1,299,435",16,"5679874436,76"
IYV,27.04.2026,"1,142,655",74,"217022590,24"
IZA,27.04.2026,"1,993,805",1,"496187678,18"
IZB,27.04.2026,"9,031,487",30,"54099312,08"
IZE,27.04.2026,"60,430,176",1,"252206123,33"
IZL,27.04.2026,"48,606,508",21,"88964156,19"
IZS,27.04.2026,"837,661",13,"54699260,15"
IZV,27.04.2026,"9,151,877",2,"100209904,93"
IZY,27.04.2026,"44,958,589",32,"50639152,47"
JET,27.04.2026,"2,156,412",19980,"860443797,59"
JOT,27.04.2026,"54,175,129",1,"1067770616,24"
JUP,27.04.2026,"502,406",57,"53645621,29"
KAC,27.04.2026,"3,465,391",2075,"17164405975,49"
KAN,27.04.2026,"68,398,595",36,"4992481847,94"
KAV,27.04.2026,"5,425,848",5911,"19274713067,85"
KBJ,27.04.2026,"4,065,148",119,"760866418,45"
KBP,27.04.2026,"1,573,248",6,"371793338,47"
KBZ,27.04.2026,"48,551,713",1,"150242886,90"
KCL,27.04.2026,"1,678,275",202,"15624383,12"
KCV,27.04.2026,"4,706,324",11680,"2134339948,31"
KDE,27.04.2026,"1,561,978",2009,"569433192,10"
KDI,27.04.2026,"53,021,485",10,"352809942,83"
KDK,27.04.2026,"14,448,608",1,"722430,40"
KDL,27.04.2026,"48,980,144",7292,"25613661182,96"
KDO,27.04.2026,"53,051,145",421,"1687555644,31"
KDS,27.04.2026,"50,637,393",1370,"32668168540,67"
KDT,27.04.2026,"50,543,171",1135,"3200452831,48"
KDV,27.04.2026,"45,169,173",166,"11735849214,65"
KDZ,27.04.2026,"45,780,213",819,"5412474956,36"
KEI,27.04.2026,"1,703,596",1,"305997084,49"
KEO,27.04.2026,"1,606,761",1,"63374522,61"
KEU,27.04.2026,"4,987,768",34,"3965805980,31"
KFZ,27.04.2026,"3,955,205",1,"326731274,69"
KGM,27.04.2026,"3,207,743",30900,"3751562541,09"
KH1,27.04.2026,"1,263,191",830,"81851267,00"
KHA,27.04.2026,"3,374,252",18966,"1882441985,28"
KHB,27.04.2026,"1,506,752",216,"17639396,12"
KHC,27.04.2026,"210,727",1635,"117030146,05"
KHD,27.04.2026,"130,125",14,"652892223,15"
KHF,27.04.2026,"148,377",13,"1111980,44"
KHJ,27.04.2026,"119,606",527,"17441929,69"
KHP,27.04.2026,"1,018,024",173,"4760159866,36"
KHT,27.04.2026,"2,752,181",355,"21085159,00"
KHU,27.04.2026,"35,303,646",1,"3372133,69"
KIA,27.04.2026,"4,450,554",424,"9348149,23"
KIB,27.04.2026,"3,914,162",1004,"11376362,64"
KIE,27.04.2026,"4,070,799",924,"200476305,11"
KIH,27.04.2026,"1,375,344",34,"53381232,36"
KIK,27.04.2026,"136,735",1164,"167399481,87"
KIS,27.04.2026,"208,373",836,"92831019,06"
KJK,27.04.2026,"2,108",1,"45125237,78"
KKB,27.04.2026,"59,687,674",1,"14625927,21"
KKC,27.04.2026,"54,062,499",61,"166326628,68"
KKE,27.04.2026,"4,825,293",2,"83322193,66"
KKH,27.04.2026,"6,359,749",5524,"538788617,43"
KKL,27.04.2026,"2,165,068",1270,"2751936282,66"
KKO,27.04.2026,"45,655,613",262,"2127476494,42"
KKP,27.04.2026,"46,220,855",319,"3755164617,18"
KKT,27.04.2026,"2,757,656",35,"1901585275,95"
KLH,27.04.2026,"2,510,998",2390,"120656549,40"
KLI,27.04.2026,"1,156,998",96,"481422691,16"
KLL,27.04.2026,"54,315,536",1,"10665941,75"
KLM,27.04.2026,"62,181,025",1,"925071837,48"
KLS,27.04.2026,"41,024,816",2,"1007897,68"
KLU,27.04.2026,"4,284,733",87667,"66391830097,78"
KMA,27.04.2026,"158,603,855",1,"11866423,20"
KME,27.04.2026,"1,481,003",1062,"182212534,94"
KMF,27.04.2026,"3,484,477",2693,"2195862547,55"
KMN,27.04.2026,"990,224",4951,"753241584,41"
KMT,27.04.2026,"3,615,853",1,"89620240,28"
KNC,27.04.2026,"62,664,647",16,"344708635,07"
KNI,27.04.2026,"1,221,786",397,"12100612547,48"
KNJ,27.04.2026,"1,884,119",12776,"899444746,07"
KNN,27.04.2026,"1,324,061",18,"568513041,46"
KNP,27.04.2026,"76,308,371",2,"222464847,59"
KNS,27.04.2026,"3,949,572",1,"4451924238,27"
KNT,27.04.2026,"56,153,203",4,"160943053,92"
KNV,27.04.2026,"66,360,345",5,"297980512,23"
KNZ,27.04.2026,"66,137,866",1,"974661228,80"
KO4,27.04.2026,"52,601,139",880,"4433750041,34"
KOB,27.04.2026,"1,250,232",16,"421572919,48"
KOP,27.04.2026,"7,419,266",14,"15216915,32"
KOT,27.04.2026,"1,429,565",4656,"199415005,64"
KOZ,27.04.2026,"601,602",4,"67285393,46"
KP3,27.04.2026,"50,756,651",15,"14579492,67"
KPA,27.04.2026,"1,502,552",11884,"335469412,68"
KPB,27.04.2026,"6,249,254",1,"5008327,00"
KPC,27.04.2026,"19,535,842",20547,"3541272319,78"
KPD,27.04.2026,"46,139,642",575,"247733382,22"
KPF,27.04.2026,"1,553,633",196,"93541824,75"
KPH,27.04.2026,"135,784",13269,"680341927,75"
KPI,27.04.2026,"1,303,058",3753,"3313083037,90"
KPK,27.04.2026,"9,384,824",1,"434073219,14"
KPP,27.04.2026,"2,792,184",762,"691573355,38"
KPR,27.04.2026,"1,658,171",1189,"50249852524,64"
KPU,27.04.2026,"3,744,683",6096,"563271194,37"
KRC,27.04.2026,"132,763",155,"28811509,07"
KRF,27.04.2026,"19,440,913",723,"128302598,45"
KRH,27.04.2026,"1,358,811",42,"1770707269,98"
KRO,27.04.2026,"45,111,459",60,"288695386,33"
KRR,27.04.2026,"1,106,123",572,"22692357,70"
KRS,27.04.2026,"485,492",1404,"1634166638,57"
KRT,27.04.2026,"69,199,074",173,"787503106,80"
KRV,27.04.2026,"45,033,858",1048,"5340565181,22"
KSA,27.04.2026,"3,605,827",2762,"11708497843,27"
KSC,27.04.2026,"4,600,729",1,"45213893,90"
KSK,27.04.2026,"2,585,227",621,"5907790292,28"
KSL,27.04.2026,"53,218,042",120,"262037391,54"
KSM,27.04.2026,"47,924,967",756,"15302835604,80"
KSP,27.04.2026,"60,561,465",278,"1133105014,37"
KSR,27.04.2026,"4,734,793",3750,"170218774,47"
KST,27.04.2026,"1,966,347",560,"13639413,57"
KSV,27.04.2026,"5,113,169",11223,"30787354462,19"
KSY,27.04.2026,"9,725,591",83,"3107129159,66"
KTE,27.04.2026,"41,561,567",1,"100329871,36"
KTI,27.04.2026,"1,909,264",542,"225693364,59"
KTJ,27.04.2026,"2,144,661",12423,"748078438,29"
KTM,27.04.2026,"20,031,338",5837,"705315714,19"
KTN,27.04.2026,"740,486",3914,"478339305,15"
KTR,27.04.2026,"944,977",719,"21967924114,14"
KTS,27.04.2026,"13,563,829",696,"100635008,03"
KTT,27.04.2026,"65,640,451",1407,"5425035287,97"
KTU,27.04.2026,"26,577,632",1,"698621878,82"
KTV,27.04.2026,"6,863,237",45574,"26642893435,64"
KU3,27.04.2026,"1,012,932",779,"54014693,65"
KUA,27.04.2026,"1,398,867",2207,"159203928,00"
KUB,27.04.2026,"694,003",4122,"328785142,35"
KUD,27.04.2026,"1,526,304",996,"71441744,43"
KUP,27.04.2026,"46,525,916",132,"1634016653,39"
KUT,27.04.2026,"12,529,218",46409,"9612068793,62"
KVA,27.04.2026,"1,563,261",1,"573827554,56"
KVK,27.04.2026,"1,149,087",149,"488710223,58"
KVR,27.04.2026,"1,144,988",43,"143375236,06"
KVS,27.04.2026,"3,348,301",2389,"17693546199,87"
KVT,27.04.2026,"138,588",2993,"126007339,35"
KYA,27.04.2026,"126,792",1940,"82330273,26"
KYR,27.04.2026,"814,722",11,"518932371,89"
KYS,27.04.2026,"49,909,291",4,"10226413,73"
KZL,27.04.2026,"28,208,461",69111,"85890360934,41"
KZO,27.04.2026,"2,014,252",3,"1043491645,17"
KZU,27.04.2026,"2,383,373",6516,"500502752,41"
LAI,27.04.2026,"1,845,002",11,"95375,53"
LET,27.04.2026,"52,034,168",2,"705705603,52"
LFD,27.04.2026,"8,310,943",1,"2365525302,21"
LGK,27.04.2026,"1,266,327",1,"1476591939,98"
LGO,27.04.2026,"6,136,013",12,"335171812,46"
LHM,27.04.2026,"76,983,291",4,"725678451,86"
LHP,27.04.2026,"53,328,883",103,"92690025,50"
LKT,27.04.2026,"1,668,414",219,"96512619,90"
LLA,27.04.2026,"1,345,606",1027,"53334878,19"
LPH,27.04.2026,"126,439",855,"666849095,21"
LRT,27.04.2026,"3,264,899",11,"756415742,37"
LTC,27.04.2026,"1,447,046",395,"190086408,86"
LTS,27.04.2026,"4,093,045",14,"1695491555,32"
LZV,27.04.2026,"9,626,844",2,"109486824,47"
MAC,27.04.2026,"769,266",38742,"4855957707,56"
MAD,27.04.2026,"1,025,638",400,"23821518,39"
MAS,27.04.2026,"13,404,269",89,"931070783,46"
MAV,27.04.2026,"55,298,316",1,"873636807,05"
MBL,27.04.2026,"255,528",223,"21280890,01"
MBR,27.04.2026,"1,507,002",222,"123083387,66"
MCU,27.04.2026,"1,240,519",154,"25000755,33"
MD1,27.04.2026,"1,981,851",623,"66074414,67"
MD2,27.04.2026,"1,890,295",726,"171467008,63"
MDF,27.04.2026,"1,277,258",1402,"830554834,79"
MET,27.04.2026,"5,393,225",6900,"714071790,59"
MGB,27.04.2026,"1,390,947",563,"71810933,32"
MGD,27.04.2026,"864,321",1,"580911036,05"
MGE,27.04.2026,"865,046",69,"4929966608,18"
MGH,27.04.2026,"2,020,541",864,"635953498,97"
MHF,27.04.2026,"1,955,609",1393,"75324803,64"
MIK,27.04.2026,"3,301,788",12,"1056674,59"
MJB,27.04.2026,"7,240,235",832,"64243982,86"
MJE,27.04.2026,"54,401,363",941,"6517427493,42"
MJG,27.04.2026,"1,194,012",8647,"1182527067,92"
MJH,27.04.2026,"4,517,327",21,"41634189,89"
MJK,27.04.2026,"35,753,731",490,"2260089561,28"
MJL,27.04.2026,"57,558,537",633,"898097249,67"
MKA,27.04.2026,"1,333,153",1874,"101821415,74"
MKG,27.04.2026,"17,681,698",9289,"1635859136,46"
MKL,27.04.2026,"58,209,053",1,"751223746,41"
MLS,27.04.2026,"16,582,998",4,"1239775355,01"
MLT,27.04.2026,"1,344,976",147,"39800368,43"
MMH,27.04.2026,"16,782,842",1606,"182219237,72"
MOD,27.04.2026,"56,407,935",2,"703930750,32"
MOZ,27.04.2026,"117,192",141,"270428504,20"
MP2,27.04.2026,"1,766,943",13,"4684703168,58"
MP4,27.04.2026,"2,689,061",15,"5277744828,42"
MPD,27.04.2026,"56,389,462",787,"3977251659,23"
MPE,27.04.2026,"1,279,594",87,"91163223,14"
MPF,27.04.2026,"7,400,195",1957,"1498002863,13"
MPI,27.04.2026,"2,750,527",22,"80324002,98"
MPK,27.04.2026,"8,799,819",1475,"280218559,54"
MPL,27.04.2026,"1,824,517",1431,"2131715459,61"
MPN,27.04.2026,"57,594,352",329,"365017852,60"
MPP,27.04.2026,"22,124,139",1791,"615265633,18"
MPS,27.04.2026,"23,978,223",2663,"163237157,18"
MRI,27.04.2026,"1,270,917",142,"14290602,20"
MSK,27.04.2026,"3,491,089",1,"1047044804,38"
MSO,27.04.2026,"54,479,889",1,"530927216,77"
MSR,27.04.2026,"2,013,871",16,"37081696,00"
MT1,27.04.2026,"42,551,327",20,"35178884,16"
MT2,27.04.2026,"1,223,538",4789,"10993910598,52"
MT5,27.04.2026,"1,383,541",18,"511568938,92"
MT6,27.04.2026,"2,003,666",13,"961174457,22"
MT7,27.04.2026,"750,768",15,"97986440,14"
MT8,27.04.2026,"194,057",16,"2948317713,96"
MT9,27.04.2026,"602,809",17,"6756707632,42"
MTD,27.04.2026,"1,331,228",1967,"183123749,32"
MTE,27.04.2026,"4,663,845",17,"571419023,41"
MTF,27.04.2026,"1,279,809",41,"63495932,97"
MTG,27.04.2026,"1,458,336",144,"37858506,44"
MTH,27.04.2026,"1,895,639",4969,"751516871,16"
MTI,27.04.2026,"17,267",2,"2065078,71"
MTK,27.04.2026,"1,505,881",492,"49816554,22"
MTL,27.04.2026,"309,261",14,"8099934704,99"
MTS,27.04.2026,"268,326",758,"92968426,63"
MTU,27.04.2026,"1,214,138",18,"1199665,41"
MTV,27.04.2026,"4,889,078",12976,"129435319,09"
MTX,27.04.2026,"4,695,955",2269,"103519525,44"
MUL,27.04.2026,"1,779,878",13,"9189790,06"
MUT,27.04.2026,"1,743,725",1768,"927107689,53"
NAK,27.04.2026,"1,081,246",180,"139692838,74"
NAL,27.04.2026,"1,841,221",23,"1386391409,75"
NAU,27.04.2026,"3,168,002",12493,"3016838097,54"
NBE,27.04.2026,"1,589,902",11,"1003359372,50"
NBH,27.04.2026,"587,543",145,"1024307968,39"
NBO,27.04.2026,"133,186",413,"1632416840,61"
NBZ,27.04.2026,"67,178,464",285,"1353109297,30"
NCS,27.04.2026,"53,270,224",1852,"7791359589,01"
NCU,27.04.2026,"56,188,451",12,"136076348,30"
NDL,27.04.2026,"2,065,538",1,"11647802,60"
NDS,27.04.2026,"856,292",12,"515443380,45"
NES,27.04.2026,"2,024,668",2,"2022651971,25"
NFF,27.04.2026,"1,210,346",51,"1808528296,54"
NFH,27.04.2026,"2,066,716",51,"124984052,90"
NFK,27.04.2026,"4,665,253",97,"1531567793,43"
NHP,27.04.2026,"5,311,115",170,"11934425,93"
NHT,27.04.2026,"5,951,413",2,"590093077,37"
NHV,27.04.2026,"4,109,235",2,"7573135238,77"
NHY,27.04.2026,"5,527,966",2488,"169762948,34"
NIG,27.04.2026,"995,438",12,"271515677,83"
NIS,27.04.2026,"1,518,008",25,"950012315,01"
NJF,27.04.2026,"12,438,542",1752,"1306661382,54"
NJG,27.04.2026,"270,228",15,"66233435,64"
NJR,27.04.2026,"5,088,945",2826,"1260946070,26"
NJY,27.04.2026,"6,656,675",1350,"295530541,66"
NKA,27.04.2026,"46,077,947",15,"157007841,20"
NKC,27.04.2026,"1,259,409",1305,"479146635,65"
NKH,27.04.2026,"1,560,938",12,"144954896,88"
NKJ,27.04.2026,"14,943,238",1,"1533750630,34"
NKK,27.04.2026,"779,288",11,"1487703427,70"
NKL,27.04.2026,"3,128,577",2645,"16783115648,80"
NKM,27.04.2026,"1,008,322",572,"52373641,91"
NKP,27.04.2026,"1,164,281",3150,"167933742,33"
NKS,27.04.2026,"1,798,917",11,"24285561,19"
NKT,27.04.2026,"1,351,572",415,"55221759,83"
NKV,27.04.2026,"2,041,013",1,"13231307612,23"
NLC,27.04.2026,"47,412,913",14,"141286782,78"
NLD,27.04.2026,"50,547,528",1,"1324437875,66"
NLE,27.04.2026,"1,441,382",11583,"414004189,85"
NLK,27.04.2026,"165,816",1154,"5149958100,29"
NLL,27.04.2026,"3,765,781",26,"1525943530,41"
NME,27.04.2026,"5,433,078",64,"71554941,51"
NMG,27.04.2026,"119,995,357",10,"2709638797,27"
NMU,27.04.2026,"1,097,205",49,"28006337,91"
NNF,27.04.2026,"22,388,037",22340,"3127672201,23"
NOA,27.04.2026,"1,433,249",11,"545527556,27"
NOI,27.04.2026,"1,298,082",13,"906662460,62"
NOV,27.04.2026,"58,647,845",1,"828220706,09"
NP1,27.04.2026,"4,710,477",164,"1409161803,56"
NPH,27.04.2026,"1,726,908",1009,"291916565,51"
NPK,27.04.2026,"1,475,497",1,"875016689,77"
NRC,27.04.2026,"11,313,427",4169,"242093714,85"
NRG,27.04.2026,"4,925,583",3808,"6463632551,93"
NRM,27.04.2026,"135,755,024",11,"351451702,32"
NSA,27.04.2026,"225,064",301,"1446309772,52"
NSD,27.04.2026,"59,914,495",136,"13454625146,39"
NSH,27.04.2026,"1,942,827",1459,"1409400746,85"
NSK,27.04.2026,"5,946,778",105,"377134095,01"
NSP,27.04.2026,"162,986",2647,"1568285724,38"
NSS,27.04.2026,"59,267,912",1,"1019544873,49"
NST,27.04.2026,"1,216,754",4457,"85255337,71"
NSY,27.04.2026,"1,303,681",76,"1109035035,14"
NTB,27.04.2026,"5,730,408",1,"3157250137,17"
NTD,27.04.2026,"440,526",1,"597099144,19"
NTF,27.04.2026,"2,792,914",10,"229199768,40"
NTI,27.04.2026,"1,340,223",575,"139439180,42"
NTO,27.04.2026,"60,768,625",1,"3290284746,05"
NTS,27.04.2026,"2,722,808",33,"200578283,84"
NUB,27.04.2026,"56,172,598",875,"1985356541,94"
NUG,27.04.2026,"45,783,906",11,"3051797133,75"
NUH,27.04.2026,"1,245,618",883,"90000199,38"
NVB,27.04.2026,"4,267,482",5244,"5780915233,37"
NVC,27.04.2026,"4,537,413",103,"11836861,75"
NVK,27.04.2026,"43,429,235",17,"40128178,73"
NVP,27.04.2026,"63,670,876",1,"57055089,95"
NVT,27.04.2026,"4,126,926",71,"597870486,44"
NVZ,27.04.2026,"5,435,494",312,"670560040,82"
NYH,27.04.2026,"57,645,013",1,"990908196,65"
NZH,27.04.2026,"320,536",294,"241646793,06"
NZT,27.04.2026,"5,367,314",456,"6258711469,00"
NZU,27.04.2026,"47,309,723",39,"57804769,77"
OAB,27.04.2026,"71,320,828",3,"626456053,73"
OBI,27.04.2026,"2,830,414",509,"274200284,32"
OBN,27.04.2026,"54,244,753",137,"156743250,85"
OBP,27.04.2026,"188,491",866,"35166914,15"
OBR,27.04.2026,"50,059,612",11474,"47907139517,28"
OCM,27.04.2026,"64,112,319",2,"468053718,55"
OCN,27.04.2026,"46,967,381",4,"109936783,26"
OCT,27.04.2026,"6,832,641",5,"440336654,21"
ODD,27.04.2026,"10,044,541",33,"428254565,48"
ODG,27.04.2026,"1,039,208",27,"29612787,48"
ODN,27.04.2026,"52,567,244",172,"165686223,21"
ODP,27.04.2026,"6,099,033",121,"219794829,56"
ODS,27.04.2026,"65,762,569",131,"123184339,68"
ODV,27.04.2026,"19,478,121",4300,"1702158886,63"
OFA,27.04.2026,"54,211,016",144,"242716814,60"
OFB,27.04.2026,"10,042,959",13,"908236264,25"
OFI,27.04.2026,"3,808,648",728,"150863764,00"
OFK,27.04.2026,"48,437,525",290,"1116440184,98"
OFO,27.04.2026,"64,232,721",1,"2017794117,65"
OFS,27.04.2026,"7,811,432",510,"182828745,33"
OGD,27.04.2026,"11,715,515",3401,"822392677,35"
OGF,27.04.2026,"8,334,545",445,"124986108,69"
OGV,27.04.2026,"66,845,604",1,"305661550,95"
OHB,27.04.2026,"23,671,712",1159,"1499649351,71"
OHI,27.04.2026,"22,778",46,"58789668,17"
OHK,27.04.2026,"2,591,059",1166,"27829565,21"
OIL,27.04.2026,"3,908,708",686,"45737505,16"
OIR,27.04.2026,"4,672,433",270,"26446312,10"
OIS,27.04.2026,"3,137,518",2,"598148722,28"
OJB,27.04.2026,"49,459,061",7471,"28830202955,51"
OJH,27.04.2026,"9,922,486",30,"28185734,29"
OJK,27.04.2026,"13,395,608",30613,"50547033865,10"
OJT,27.04.2026,"10,867,226",11130,"3277189563,61"
OJU,27.04.2026,"63,530,348",2,"53826277,96"
OJY,27.04.2026,"73,835,318",6,"2708893115,81"
OKD,27.04.2026,"572,375",1069,"88685944,78"
OKF,27.04.2026,"4,192,059",12,"7432412402,71"
OKP,27.04.2026,"5,738,025",451,"73479000,65"
OKT,27.04.2026,"144,931",866,"109527910,36"
OLA,27.04.2026,"51,390,856",33,"19647700,00"
OLD,27.04.2026,"3,115,653",6010,"162314424,95"
OLE,27.04.2026,"4,469,387",507,"304942908,85"
OMB,27.04.2026,"59,278,904",3,"182380203,07"
OMC,27.04.2026,"67,006,556",2,"390600244,75"
OME,27.04.2026,"2,273,137",69,"77650700,88"
OMG,27.04.2026,"1,733,113",698,"1247550227,07"
ONB,27.04.2026,"48,622,812",585,"5736333017,47"
OND,27.04.2026,"44,929,507",636,"3319841271,13"
ONE,27.04.2026,"1,490,398",784,"40376661,55"
ONF,27.04.2026,"61,088,377",620,"2535701516,30"
ONK,27.04.2026,"56,542,193",22336,"74584942910,04"
ONN,27.04.2026,"5,736,138",821,"1660962762,83"
ONS,27.04.2026,"50,174,848",23171,"153845778101,11"
ONT,27.04.2026,"4,907,304",421,"5641628924,28"
ONY,27.04.2026,"61,748,825",746,"2205600093,80"
OPB,27.04.2026,"12,373,356",436,"46757590,20"
OPD,27.04.2026,"7,571,106",22,"60238181,71"
OPF,27.04.2026,"2,817,955",952,"308982578,19"
OPH,27.04.2026,"24,471,011",2723,"817714375,44"
OPI,27.04.2026,"23,626,245",1493,"232091185,79"
OPJ,27.04.2026,"1,493,363",2330,"304974500,77"
OPL,27.04.2026,"9,266,674",973,"102230911,58"
OPZ,27.04.2026,"5,219,714",1,"653283689,88"
ORC,27.04.2026,"1,444,052",47,"1153621045,50"
ORI,27.04.2026,"56,468,012",5,"1551493069,38"
OSD,27.04.2026,"12,542,195",947,"599879147,52"
OSF,27.04.2026,"98,366,104",17,"5791382250,05"
OSH,27.04.2026,"520,431",17,"58703734,18"
OSL,27.04.2026,"138,074",4376,"1141102315,05"
OSN,27.04.2026,"14,163",122,"41079240,66"
OTE,27.04.2026,"62,592,563",2,"189376552,18"
OTF,27.04.2026,"6,175,385",1828,"713722566,10"
OTJ,27.04.2026,"7,544,505",27278,"3921616187,13"
OTK,27.04.2026,"7,505",63,"3933430,38"
OTM,27.04.2026,"1,320,569",102,"14062834,19"
OTZ,27.04.2026,"65,413,451",4,"292542493,65"
OUB,27.04.2026,"6,224,876",14,"777865112,31"
OUD,27.04.2026,"62,148,728",127,"125807669,28"
OUN,27.04.2026,"50,193,233",209,"177233158,77"
OUR,27.04.2026,"78,482,284",11,"29623687,63"
OUY,27.04.2026,"61,522,609",2,"1565884837,50"
OVD,27.04.2026,"3,206,222",3207,"822990794,86"
OVR,27.04.2026,"65,358,187",1,"466196872,79"
OVT,27.04.2026,"76,553,192",1,"720264864,79"
OYL,27.04.2026,"143,276",9074,"3561846894,81"
OYS,27.04.2026,"9,053,422",11,"16474745774,35"
OYT,27.04.2026,"121,633",75,"1855964389,00"
OZC,27.04.2026,"2,826,225",1,"1023433275,88"
P1A,27.04.2026,"1,332,739",289,"954861351,30"
PAB,27.04.2026,"1,237,389",422,"87986260,14"
PAC,27.04.2026,"3,284,806",1,"841788070,91"
PAF,27.04.2026,"3,580,345",4069,"361483769,65"
PAI,27.04.2026,"6,276,567",713,"878074964,08"
PAL,27.04.2026,"52,875,072",33102,"168306998565,04"
PAO,27.04.2026,"1,383,602",358,"13865837,70"
PAU,27.04.2026,"62,774,035",3845,"10528033845,58"
PBE,27.04.2026,"3,885,522",11,"35836082,94"
PBF,27.04.2026,"1,854,115",2,"2525735497,18"
PBH,27.04.2026,"1,424,372",12,"3401014469,18"
PBI,27.04.2026,"2,038,186",316,"98029378,63"
PBK,27.04.2026,"54,917,407",139,"134571480,89"
PBN,27.04.2026,"1,364,017",960,"491745058,43"
PBR,27.04.2026,"3,821,028",32823,"13159158518,59"
PBS,27.04.2026,"64,533,874",22,"355605523,09"
PBY,27.04.2026,"2,922,269",56,"223564567,99"
PCE,27.04.2026,"115,797",210,"223635734,87"
PCH,27.04.2026,"3,596,548",57,"879201025,25"
PCN,27.04.2026,"60,534,117",13,"521389370,91"
PCS,27.04.2026,"4,288,333",39,"35805607224,02"
PDC,27.04.2026,"696,397",13,"1022424793,72"
PDD,27.04.2026,"536,884",197,"969214810,39"
PDE,27.04.2026,"1,192,616",13,"12272958719,52"
PDF,27.04.2026,"55,957,919",61,"460678824,95"
PDG,27.04.2026,"169,084",12,"835446970,79"
PDH,27.04.2026,"16,086,595",79,"5400712714,47"
PDS,27.04.2026,"288,948",43,"706343696,91"
PEA,27.04.2026,"1,477,236",97,"73294864,26"
PFO,27.04.2026,"2,243,088",325,"76827944,49"
PFS,27.04.2026,"2,663,503",105,"20672162,52"
PGD,27.04.2026,"1,576,253",101,"140493461,74"
PGE,27.04.2026,"13,306,906",46,"5373759903,99"
PGH,27.04.2026,"7,208,501",12,"9562767397,40"
PGS,27.04.2026,"1,233,361",537,"197720830,41"
PHB,27.04.2026,"1,550,223",13,"543901907,39"
PHE,27.04.2026,"2,828,884",89020,"37206764736,82"
PHF,27.04.2026,"923,589",12,"271550368,23"
PHI,27.04.2026,"150,193",120,"68607445,78"
PHK,27.04.2026,"145,487",213,"73485071,52"
PHN,27.04.2026,"575,545,919",15,"14150953853,13"
PHS,27.04.2026,"4,182,586",20,"376884773,42"
PHY,27.04.2026,"8,372,514",46,"1152999509,84"
PID,27.04.2026,"1,681,704",90,"52021856,14"
PIL,27.04.2026,"3,966,444",8209,"530182674,59"
PIP,27.04.2026,"1,487,335",473,"43993377352,05"
PIR,27.04.2026,"1,700,408",1297,"211674666,88"
PIS,27.04.2026,"1,271,822",291,"1598718184,07"
PJL,27.04.2026,"4,601,885",3421,"1440479768,81"
PJP,27.04.2026,"462,787",15,"369936844,29"
PKD,27.04.2026,"858,246",55,"13956948,52"
PKF,27.04.2026,"476,602",1748,"616883527,05"
PKH,27.04.2026,"886,143",11,"96901127,22"
PKL,27.04.2026,"2,226,046",15,"7648358592,10"
PKN,27.04.2026,"1,905,879",15,"251736565,80"
PKP,27.04.2026,"1,109,922",67,"428390362,05"
PKR,27.04.2026,"1,383,428",160,"620145741,15"
PKT,27.04.2026,"1,406,607",692,"9169603069,47"
PKU,27.04.2026,"7,040,466",46,"5941333862,12"
PKV,27.04.2026,"1,787,081",3704,"17766482172,96"
PKZ,27.04.2026,"776,554",13,"47418614383,70"
PLA,27.04.2026,"1,119,065",114,"2674642,87"
PLR,27.04.2026,"1,473,246",754,"602996025,91"
PLS,27.04.2026,"25,465,977",8,"900950787,24"
PMG,27.04.2026,"1,582,391",1,"1384087945,11"
PMH,27.04.2026,"16,094",44,"15403519,95"
PMP,27.04.2026,"1,225,849",809,"49675776,39"
PNU,27.04.2026,"1,061,919",1298,"6872410605,77"
PO7,27.04.2026,"940,838",44,"2688599323,58"
PO8,27.04.2026,"3,623,879",51,"425000011,39"
PO9,27.04.2026,"863,205",154,"13465921,60"
POB,27.04.2026,"4,942,194",46,"5100691750,04"
POD,27.04.2026,"63,728,674",1425,"4656745814,68"
POF,27.04.2026,"7,310,339",46,"6691982892,73"
POH,27.04.2026,"1,113,617",4,"1905822268,70"
POI,27.04.2026,"103,649",43,"259559162,37"
POS,27.04.2026,"1,186,498",563,"58755338,24"
POU,27.04.2026,"2,399,846",75,"6777016815,88"
PP1,27.04.2026,"1,682,058",376,"46598812,87"
PPB,27.04.2026,"10,226,658",1857,"411360112,93"
PPD,27.04.2026,"3,360,906",104,"2090618134,61"
PPE,27.04.2026,"5,825,276",76,"772037171,50"
PPF,27.04.2026,"4,583,303",22,"492986190,72"
PPG,27.04.2026,"1,289,006",998,"882398223,84"
PPH,27.04.2026,"1,667,546",3546,"110531169,13"
PPI,27.04.2026,"2,025,832",3141,"7716450330,37"
PPJ,27.04.2026,"1,630,199",6546,"57294554535,43"
PPK,27.04.2026,"1,991,034",2757,"5453271356,88"
PPM,27.04.2026,"1,940,456",211,"292145602,35"
PPN,27.04.2026,"5,081,908",15064,"12487870957,71"
PPO,27.04.2026,"1,538,975",45,"94167929,69"
PPP,27.04.2026,"2,762,145",392,"4386571395,19"
PPS,27.04.2026,"4,118,278",6060,"2064454459,35"
PPT,27.04.2026,"2,859,382",3666,"2005208562,84"
PPU,27.04.2026,"2,244,152",45,"299878441,31"
PPV,27.04.2026,"1,015,037",31,"110173491,88"
PPZ,27.04.2026,"5,821,083",8023,"13116052026,59"
PRD,27.04.2026,"2,054,858",639,"414520219,21"
PRF,27.04.2026,"59,029,417",2,"162038997,21"
PRH,27.04.2026,"1,935,027",384,"627262401,03"
PRR,27.04.2026,"1,180,512",118,"467012823,57"
PRU,27.04.2026,"3,160,533",1549,"3020283054,45"
PRV,27.04.2026,"1,187,841",83,"2514209481,30"
PRY,27.04.2026,"2,730,206",37908,"77836472701,58"
PRZ,27.04.2026,"0,00",0,"12707,20"
PSD,27.04.2026,"49,997,823",1,"2547997328,09"
PSE,27.04.2026,"1,619,429",6471,"19143983034,75"
PSG,27.04.2026,"8,724,366",15,"144170495,49"
PSH,27.04.2026,"1,020,896",108,"15301638,67"
PSL,27.04.2026,"7,757,212",53,"703085790,66"
PSO,27.04.2026,"414,221",1,"847607268,44"
PSR,27.04.2026,"6,386,451",46,"161012666,98"
PSS,27.04.2026,"5,326,284",11,"356780365,20"
PST,27.04.2026,"2,921",51,"359041371,61"
PTC,27.04.2026,"61,172,484",16,"975379170,62"
PTE,27.04.2026,"1,500,825",4646,"42928084328,64"
PTF,27.04.2026,"131,214",386,"1100423593,65"
PTG,27.04.2026,"59,630,181",1,"116219223,13"
PTL,27.04.2026,"1,649,872",754,"540816859,38"
PTN,27.04.2026,"1,632,351",1081,"759167269,15"
PTO,27.04.2026,"1,442,211",509,"288725305,01"
PTP,27.04.2026,"1,058,166",166,"21002000,13"
PTS,27.04.2026,"1,413,324",629,"8141265448,21"
PUA,27.04.2026,"9,020,182",1,"4485480934,38"
PUC,27.04.2026,"6,508,368",797,"1255501166,62"
PUH,27.04.2026,"1,528,079",26,"354887937,77"
PUR,27.04.2026,"922,177",41452,"125581895798,40"
PUT,27.04.2026,"7,363,777",1,"6463829995,74"
PUV,27.04.2026,"53,044,799",1,"1132497608,27"
PUZ,27.04.2026,"9,145,786",2,"147436031,17"
PVK,27.04.2026,"5,136,529",8605,"37772753029,27"
PYB,27.04.2026,"1,652,007",337,"944082206,00"
PYD,27.04.2026,"76,881",45,"140335314,23"
PYF,27.04.2026,"9,372,767",10,"779788490,19"
PYH,27.04.2026,"7,372,487",11,"5386007276,89"
PYI,27.04.2026,"4,148,133",45,"1563528989,01"
PYL,27.04.2026,"8,693,919",33,"399305385,95"
PYR,27.04.2026,"2,132,479",1788,"158941082,11"
PYS,27.04.2026,"55,328,473",49,"1326312133,14"
RAF,27.04.2026,"3,561,993",12,"188548837,05"
RAI,27.04.2026,"1,959,035",1,"5113802426,67"
RAN,27.04.2026,"54,092,723",1,"1005137663,19"
RAV,27.04.2026,"1,341,734",12,"986821110,31"
RAY,27.04.2026,"3,654,482",1,"1596253846,26"
RBA,27.04.2026,"21,997,857",6531,"2354838707,84"
RBB,27.04.2026,"1,478,153",45,"41536842,90"
RBE,27.04.2026,"3,773,942",16,"2648882866,96"
RBF,27.04.2026,"164,694",90,"24223124,57"
RBH,27.04.2026,"31,356,352",5212,"996626147,27"
RBI,27.04.2026,"53,771,095",128,"196110066,16"
RBK,27.04.2026,"8,044,281",1100,"46767419,73"
RBL,27.04.2026,"1,608,015",854,"387571796,23"
RBN,27.04.2026,"1,488,114",200,"42534310,98"
RBP,27.04.2026,"1,982,711",714,"2380443126,63"
RBR,27.04.2026,"2,862,465",114,"31805834,66"
RBT,27.04.2026,"5,797,494",1791,"610449152,00"
RBV,27.04.2026,"6,143,425",15591,"5784432794,75"
RCL,27.04.2026,"57,110,394",1,"153342037,15"
RCS,27.04.2026,"5,634,068",1,"2586933,23"
RCV,27.04.2026,"1,582,521",89,"116789938,72"
RD1,27.04.2026,"1,748,574",168,"61993468,41"
RDF,27.04.2026,"1,554,976",1177,"205676740,50"
RDH,27.04.2026,"4,301,833",18,"1841581835,73"
RDK,27.04.2026,"1,311,617",2,"608635,07"
RDS,27.04.2026,"0,00",0,"43,85"
RDT,27.04.2026,"980,886",55,"72730183,74"
RDZ,27.04.2026,"46,608,253",108,"615127750,30"
RE7,27.04.2026,"1,083,488",12,"183297185,10"
RE8,27.04.2026,"3,157,098",12,"1198153120,69"
RGD,27.04.2026,"1,032,667",157,"31417857,07"
RGH,27.04.2026,"1,060,185",29,"39027633,34"
RHD,27.04.2026,"182,001",12,"141287772,05"
RHI,27.04.2026,"1,571,868",576,"100441626,16"
RHS,27.04.2026,"7,369,779",1799,"804761970,94"
RIA,27.04.2026,"1,251,674",80,"161552730,17"
RIH,27.04.2026,"6,969,342",658,"219072931,86"
RIK,27.04.2026,"5,398,968",6839,"1467465719,43"
RJG,27.04.2026,"3,474,743",652,"133699294,96"
RKC,27.04.2026,"1,574,115",440,"99564217,17"
RKH,27.04.2026,"991,906",88,"8620544,21"
RKL,27.04.2026,"3,004,636",1,"2351434837,97"
RKS,27.04.2026,"1,889,191",132,"125447961,09"
RKV,27.04.2026,"2,307,045",255,"528519369,29"
RLH,27.04.2026,"1,535,746",26,"251407339,45"
RO1,27.04.2026,"1,142,043",24,"180813786,77"
ROD,27.04.2026,"51,886,035",849,"3034552092,23"
ROF,27.04.2026,"3,214,107",1185,"561012886,13"
ROS,27.04.2026,"0,00",0,"0,39"
ROY,27.04.2026,"1,243,594",11,"138553516,99"
RPC,27.04.2026,"483,274",564,"27227513,19"
RPD,27.04.2026,"13,201,499",2247,"303217444,74"
RPE,27.04.2026,"0,00",0,"0,03"
RPG,27.04.2026,"621,108",1682,"1425154495,56"
RPI,27.04.2026,"1,352,471",335,"16266038,50"
RPK,27.04.2026,"59,683,296",5,"116067656,95"
RPL,27.04.2026,"1,541,718",12,"112219315,52"
RPM,27.04.2026,"3,760,298",2884,"63339865,05"
RPN,27.04.2026,"5,065,612",23,"805731755,99"
RPO,27.04.2026,"6,737,885",3,"1637192654,42"
RPP,27.04.2026,"4,382,216",8562,"5966294746,53"
RPS,27.04.2026,"59,950,847",112,"205768994,07"
RPT,27.04.2026,"457,008",204,"1118670333,86"
RPU,27.04.2026,"3,263,298",12,"2353279567,58"
RPX,27.04.2026,"58,575,557",146,"1542181600,84"
RRA,27.04.2026,"1,327,321",235,"3098452521,88"
RRP,27.04.2026,"1,458,962",75,"164629939,81"
RS1,27.04.2026,"1,422,588",124,"554725713,89"
RSF,27.04.2026,"3,894,073",13,"990754834,89"
RSK,27.04.2026,"1,601,956",167,"182529300,42"
RSY,27.04.2026,"982,294",11,"144833077,79"
RSZ,27.04.2026,"5,921,774",25,"1308924905,20"
RTA,27.04.2026,"171,713",15,"3153541739,80"
RTB,27.04.2026,"2,384,344",11,"350886280,55"
RTD,27.04.2026,"1,738,919",226,"21259419,68"
RTG,27.04.2026,"4,970,725",4110,"180918131,29"
RTH,27.04.2026,"6,233,305",324,"29669909,52"
RTI,27.04.2026,"2,994,727",51,"32447700535,13"
RTP,27.04.2026,"12,183,033",2318,"480979415,23"
RUH,27.04.2026,"2,577,779",17,"88915697,85"
RUT,27.04.2026,"2,144,718",3805,"120096847,61"
RVI,27.04.2026,"1,308,066",11,"19645895,65"
RVS,27.04.2026,"2,735,949",20,"4251838820,26"
RYA,27.04.2026,"1,184,774",1,"356174550,80"
RYB,27.04.2026,"46,373,192",11,"4638942,27"
RYD,27.04.2026,"149,101",13,"329476081,06"
RYF,27.04.2026,"15,540,973",32,"491717730,43"
RYU,27.04.2026,"45,525,504",47,"253960106,09"
RZR,27.04.2026,"4,682,746",2,"16568670,60"
SAP,27.04.2026,"1,636,676",343,"207690028,00"
SAR,27.04.2026,"49,160,095",9,"833942165,52"
SAS,27.04.2026,"1,709,862",47177,"1520229052,59"
SAT,27.04.2026,"297,160,365",4,"2363204654,00"
SBH,27.04.2026,"1,951,393",1194,"339013678,12"
SBI,27.04.2026,"4,259,798",15,"40239531,21"
SBR,27.04.2026,"1,334,562",25,"15386144,13"
SBS,27.04.2026,"66,825,386",1,"228849881,87"
SCZ,27.04.2026,"1,392,258",189,"82179821,38"
SDA,27.04.2026,"46,738,315",1074,"5951534427,30"
SEH,27.04.2026,"1,144,464",46,"54853713,72"
SER,27.04.2026,"54,076,176",795,"6586490740,31"
SFA,27.04.2026,"17,836,184",16,"891400222,91"
SFS,27.04.2026,"1,308,322",82,"29845141,29"
SGT,27.04.2026,"1,438,652",830,"229701223,52"
SHE,27.04.2026,"369,896",724,"58196658,07"
SHI,27.04.2026,"2,719,004",47,"1800615486,61"
SHU,27.04.2026,"1,429,656",18,"223720078,00"
SIS,27.04.2026,"1,651,607",11,"55021569,07"
SJP,27.04.2026,"57,947,743",29,"299609592,32"
SKL,27.04.2026,"1,799,055",825,"208736170,49"
SKO,27.04.2026,"1,684,018",5313,"317811105,83"
SKS,27.04.2026,"47,217,635",3,"1180440882,09"
SKT,27.04.2026,"104,109",2050,"41159844,22"
SKZ,27.04.2026,"91,183",1680,"248987440,87"
SLF,27.04.2026,"10,006,996",7001,"1203723035,84"
SLG,27.04.2026,"1,343,444",946,"434443975,63"
SLR,27.04.2026,"317,533",5,"1205577008,94"
SLS,27.04.2026,"990,866",12,"597172,87"
SMP,27.04.2026,"1,028,886",1,"1440440824,70"
SNY,27.04.2026,"2,558,966",686,"932814632,05"
SOS,27.04.2026,"1,339,781",159,"9849455,94"
SPA,27.04.2026,"63,099,781",207,"2899682488,49"
SPD,27.04.2026,"76,188,231",1,"322603825,64"
SPE,27.04.2026,"9,911,599",1161,"3609302217,97"
SPN,27.04.2026,"8,994,488",499,"2539843844,72"
SPP,27.04.2026,"1,400,027",148,"230436112,26"
SPR,27.04.2026,"1,220,949",168,"15335798,72"
SPT,27.04.2026,"1,983,583",923,"99346311,77"
SRA,27.04.2026,"20,104,144",1,"4005886113,57"
SRE,27.04.2026,"59,466,321",1,"930719101,63"
SRL,27.04.2026,"1,453,155",310,"19006730,36"
SRO,27.04.2026,"24,546,143",6,"6842357059,74"
SSD,27.04.2026,"51,724,094",1,"534445767,80"
SSE,27.04.2026,"4,066",11,"127553788,68"
SSF,27.04.2026,"1,007,356",15,"1303163,20"
SSK,27.04.2026,"1,469,659",499,"35816035,66"
SSN,27.04.2026,"54,919,386",4,"716613902,67"
SSO,27.04.2026,"13,118,004",1,"6688582216,00"
SSS,27.04.2026,"1,424,505",4913,"276543739,58"
SST,27.04.2026,"1,463,233",22,"8633824,02"
ST1,27.04.2026,"193,910,058",3157,"707714440,94"
STI,27.04.2026,"1,225,267",91,"130291119,78"
STM,27.04.2026,"4,713,922",12,"562611,25"
STS,27.04.2026,"8,014,895",27,"403872159,72"
STZ,27.04.2026,"2,473,445",85,"566522465,05"
SUA,27.04.2026,"53,383",1375,"2584394076,00"
SUB,27.04.2026,"393,722",841,"113560208,87"
SUC,27.04.2026,"20,182,376",518,"443873387,19"
SUR,27.04.2026,"1,198,173",105,"191734983,25"
SVB,27.04.2026,"9,163,914",1606,"289661911,56"
SVS,27.04.2026,"2,542,037",1,"1652905859,36"
SVY,27.04.2026,"1,606,503",2,"3405528099,32"
SYF,27.04.2026,"306,526,189",6,"2400648741,33"
SYL,27.04.2026,"4,072,623,166",1,"1127326528,01"
SYR,27.04.2026,"48,296,522",22,"309872370,83"
SYS,27.04.2026,"45,951,901",123,"1658294528,25"
T3B,27.04.2026,"141,699",25,"10862453535,13"
TAL,27.04.2026,"283,169",824,"38870609,11"
TAO,27.04.2026,"19,376,858",1,"1024191634,25"
TAR,27.04.2026,"2,279,731",6726,"116818515,12"
TAU,27.04.2026,"687,652",38696,"2628873197,61"
TAZ,27.04.2026,"2,341,186",2,"1103913788,43"
TB9,27.04.2026,"49,541,614",11352,"41117182194,73"
TBP,27.04.2026,"259,979",209,"443366604,67"
TBT,27.04.2026,"50,339,601",2794,"417462560,51"
TBV,27.04.2026,"36,501",8345,"1321456002,30"
TCA,27.04.2026,"818,451",51161,"15979853306,71"
TCB,27.04.2026,"207,401",4945,"3836832548,23"
TCC,27.04.2026,"77,172",326,"353751295,03"
TCD,27.04.2026,"45,908,373",12608,"1466336631,87"
TCF,27.04.2026,"4,064,923",3365,"5396734636,81"
TCG,27.04.2026,"1,342,471",1,"190170537,15"
TCH,27.04.2026,"2,048,956",74,"280666159,62"
TCI,27.04.2026,"10,185,228",17,"1318447066,24"
TCS,27.04.2026,"41,578,207",45,"1442483867,17"
TDG,27.04.2026,"496,659",2143,"660153166,01"
TDP,27.04.2026,"55,642,499",44,"303792851,89"
TE3,27.04.2026,"38,494,909",3320,"1298810610,90"
TE4,27.04.2026,"5,844,894",1731,"2384819828,12"
TEJ,27.04.2026,"2,242,132",1121,"552440671,57"
TFE,27.04.2026,"2,519,368",108,"31688541,60"
TFF,27.04.2026,"35,431,842",8605,"1179827057,08"
TFU,27.04.2026,"1,166,035",3027,"781276556,13"
TGA,27.04.2026,"4,574",6825,"841497398,60"
TGE,27.04.2026,"277,784",41819,"3470090588,64"
TGN,27.04.2026,"1,280,237",1993,"2479182185,89"
TGR,27.04.2026,"642,211",5981,"117997412,32"
TGT,27.04.2026,"106,894",62250,"3291495599,95"
TGV,27.04.2026,"17,673,601",13,"11244946002,38"
TGZ,27.04.2026,"5,434,485",11,"989658765,67"
THD,27.04.2026,"2,725,636",214,"9145817,58"
THF,27.04.2026,"2,180,864",8194,"1189944781,04"
THG,27.04.2026,"6,356,477",189,"165783705,44"
THH,27.04.2026,"139,624,275",1,"1781396590,02"
THO,27.04.2026,"46,956,248",12,"2243210241,13"
THS,27.04.2026,"59,029,274",1,"387300157,73"
THT,27.04.2026,"233,403",360,"8558445,78"
THV,27.04.2026,"80,298,985",21,"3621045491,82"
TI1,27.04.2026,"1,474,711,832",228085,"176967270030,83"
TI2,27.04.2026,"132,154",22813,"4243442970,15"
TI3,27.04.2026,"124,493",24830,"2504649996,61"
TI4,27.04.2026,"5,951",15958,"2280669534,27"
TI6,27.04.2026,"49,577",4866,"721172125,48"
TI7,27.04.2026,"72,826,071",10652,"1345060543,62"
TIE,27.04.2026,"758,477",17917,"1994954939,44"
TIL,27.04.2026,"1,369,141",1681,"97264745,89"
TIP,27.04.2026,"46,555,407",29,"156388085,47"
TIV,27.04.2026,"47,279,824",112925,"19708399530,68"
TJB,27.04.2026,"9,454,379",1,"772445749,94"
TJF,27.04.2026,"5,165,441",584,"60607375,40"
TJI,27.04.2026,"6,128,961",916,"722972504,07"
TJL,27.04.2026,"20,549,909",4,"1397209736,64"
TJT,27.04.2026,"63,558,819",2001,"2366246137,85"
TKF,27.04.2026,"64,943,674",4640,"1036166973,81"
TKH,27.04.2026,"2,198,322",1,"448997570,16"
TKK,27.04.2026,"1,706,398",114640,"1819168280,32"
TKM,27.04.2026,"190,466",499087,"61485067518,45"
TLE,27.04.2026,"26,525,642",998,"561573735,27"
TLH,27.04.2026,"31,102,067",443,"145458022,62"
TLK,27.04.2026,"1,565,504",931,"2667024539,31"
TLT,27.04.2026,"65,706,321",1,"372138851,13"
TLU,27.04.2026,"49,671,458",547,"10012364470,29"
TLV,27.04.2026,"1,203,665",8392,"5756914446,95"
TLY,27.04.2026,"5,118,660,651",83626,"119830394925,62"
TLZ,27.04.2026,"17,621,058",806,"57411485,92"
TMC,27.04.2026,"149,286",11068,"100478973,74"
TMG,27.04.2026,"124,541",32817,"4471454749,07"
TMH,27.04.2026,"0,00",12,"0,00"
TMM,27.04.2026,"65,350,023",1198,"823932500,07"
TMR,27.04.2026,"7,060,556",1,"8996031357,85"
TMS,27.04.2026,"1,842,048",88,"329006171,06"
TMU,27.04.2026,"1,294,461",101,"108307328,87"
TMV,27.04.2026,"5,177,313",1600,"5998105660,52"
TMZ,27.04.2026,"1,835,549",2519,"48814514,67"
TNA,27.04.2026,"1,590,442",1,"5427307209,94"
TNB,27.04.2026,"47,288,839",87,"716791506,52"
TND,27.04.2026,"133,141",391,"173503048,38"
TNF,27.04.2026,"3,749,341",3,"4758424777,29"
TNH,27.04.2026,"1,227,336",2,"111626291,44"
TNI,27.04.2026,"10,085,952",3662,"10457666104,37"
TNK,27.04.2026,"30,056,328",75512,"3426457141,39"
TNS,27.04.2026,"10,771,853",30,"401053146,73"
TO8,27.04.2026,"53,053,171",99,"750251575,73"
TOK,27.04.2026,"55,604,761",7352,"23606744748,35"
TOT,27.04.2026,"845,477,486",792,"112665793,29"
TP1,27.04.2026,"63,095,986",1,"355841109,32"
TP2,27.04.2026,"1,870,506",97411,"131857558122,52"
TPC,27.04.2026,"13,613,332",17503,"8008256276,87"
TPE,27.04.2026,"506,817",34,"2302162122,84"
TPF,27.04.2026,"9,860,593",594,"164049435,00"
TPJ,27.04.2026,"72,346,581",1612,"2461953941,78"
TPL,27.04.2026,"1,967,408",1426,"687518489,01"
TPO,27.04.2026,"163,905",3,"96627756,71"
TPP,27.04.2026,"68,026,436",407,"1502703964,27"
TPR,27.04.2026,"496,907",2,"303058483,35"
TPV,27.04.2026,"10,261,347",39,"6453083,89"
TPZ,27.04.2026,"26,253,061",1545,"138038727,84"
TRJ,27.04.2026,"1,867,957",3253,"2166894349,89"
TRN,27.04.2026,"1,270,885",1,"2324605101,63"
TRO,27.04.2026,"2,533,056",474,"35028614,97"
TRR,27.04.2026,"569,326",503,"2882804046,10"
TRU,27.04.2026,"1,406,228",271,"278054129,67"
TSI,27.04.2026,"184,395",78308,"20277575352,58"
TSP,27.04.2026,"65,262,038",5,"1601319159,21"
TTA,27.04.2026,"631,965",221477,"29227040753,85"
TTE,27.04.2026,"1,432,733",38706,"2894386260,09"
TTL,27.04.2026,"35,834,736",392,"252044654,65"
TTP,27.04.2026,"47,816,919",109,"838414342,43"
TTS,27.04.2026,"65,055,167",1,"2022337847,55"
TTV,27.04.2026,"7,816,757",23,"2435468852,06"
TTZ,27.04.2026,"3,555,722",9,"303632491,47"
TUA,27.04.2026,"1,476,307",34929,"18109678378,33"
TVE,27.04.2026,"1,162,773",272,"147591190,79"
TVN,27.04.2026,"2,487,258",548,"7576146,96"
TYH,27.04.2026,"2,126,995",7031,"1900654071,07"
TZC,27.04.2026,"297,527",1136,"30304750,94"
TZD,27.04.2026,"2,406,579",8009,"938912738,07"
TZH,27.04.2026,"7,775,279",1,"55972209608,02"
TZL,27.04.2026,"122,071",176202,"70843036835,58"
TZP,27.04.2026,"12,453,566",14,"988709952,08"
TZT,27.04.2026,"154,962",6043,"323854253,72"
TZV,27.04.2026,"843,207,246",132982,"21908277271,24"
UAB,27.04.2026,"4,996,491",2,"455419198,62"
UAP,27.04.2026,"65,238,469",1,"428385143,67"
UCN,27.04.2026,"211,187",2,"1150821212,97"
UCP,27.04.2026,"1,171,087",28,"13663856209,38"
UFH,27.04.2026,"67,823,709",1,"249340232,28"
UHL,27.04.2026,"68,174,032",1,"2435432759,90"
UHS,27.04.2026,"6,704,009",13,"360755714,24"
ULH,27.04.2026,"634,662",269,"1264215547,80"
ULL,27.04.2026,"65,867,135",3,"269857322,25"
UNT,27.04.2026,"1,383,631",228,"99557748,90"
UP1,27.04.2026,"6,269,081",1652,"1313965392,35"
UP2,27.04.2026,"3,722,003",264,"2072449686,57"
UPD,27.04.2026,"20,449,402",293,"2643275020,93"
UPH,27.04.2026,"31,219,792",592,"199891620,35"
UPP,27.04.2026,"6,223,915",1018,"3024553388,43"
UPS,27.04.2026,"4,677,899",1,"540387131,52"
URA,27.04.2026,"1,988,746",11553,"944016161,83"
URC,27.04.2026,"52,267,203",181,"200428886,89"
URD,27.04.2026,"46,043,839",12,"10265141933,96"
URG,27.04.2026,"70,565,812",1,"529437788,92"
URM,27.04.2026,"46,245,777",1,"8784524,13"
URS,27.04.2026,"3,576,707",1,"937416056,98"
URV,27.04.2026,"3,678,172",2,"9877361355,98"
USS,27.04.2026,"3,387,527",1,"3672196601,41"
UST,27.04.2026,"3,705,391",1,"1737232018,19"
USY,27.04.2026,"237,057",481,"1265569964,22"
UYH,27.04.2026,"4,514,161",12,"874954395,85"
UZY,27.04.2026,"2,516,821",16,"78753,85"
VAY,27.04.2026,"1,611,319",3292,"47131481,21"
VCD,27.04.2026,"5,599,659",12,"61598217,12"
VCG,27.04.2026,"5,063,069",20,"1755263991,79"
VCY,27.04.2026,"329,639",12206,"150589570,66"
VFK,27.04.2026,"486,189",5471,"3065298800,03"
VFS,27.04.2026,"1,833,665",1,"5905674,99"
VK6,27.04.2026,"3,670,931",154528,"66418401748,86"
VKI,27.04.2026,"2,762,676",581,"2090402368,75"
VKT,27.04.2026,"108,195",45131,"4275949175,62"
VMV,27.04.2026,"2,463,386",150,"6937427499,75"
VNK,27.04.2026,"2,340,859",468,"7797003939,73"
VPP,27.04.2026,"48,206,747",442,"1378093172,94"
VPS,27.04.2026,"1,457,972",13299,"5744207358,94"
VRK,27.04.2026,"1,210,258",151,"24629227,84"
VTF,27.04.2026,"2,158,514",1,"412692860,24"
YA1,27.04.2026,"1,259,699",19,"726433603,29"
YAC,27.04.2026,"13,872,008",10415,"5564441134,40"
YAE,27.04.2026,"1,059,869",897,"296280719,33"
YAK,27.04.2026,"483,963",109708,"1110216366,14"
YAN,27.04.2026,"13,177,505",3713,"1786572632,55"
YAR,27.04.2026,"26,618,659",1,"745322462,39"
YAS,27.04.2026,"15,243,818",70865,"7544903515,12"
YAY,27.04.2026,"1,523,195,748",37237,"10628884299,43"
YBE,27.04.2026,"1,697,498",14320,"5337652945,73"
YBH,27.04.2026,"49,611,551",664,"750405372,32"
YBJ,27.04.2026,"5,459,095",1,"1805073996,86"
YBP,27.04.2026,"11,529,422",56,"868087535,15"
YBR,27.04.2026,"51,697,217",2362,"5303396368,56"
YBS,27.04.2026,"128,819",11248,"1766012351,79"
YCG,27.04.2026,"5,676,373",4,"189034857,93"
YCH,27.04.2026,"2,421,336",135,"119305846,05"
YCK,27.04.2026,"4,093,227",41,"485177559,63"
YCL,27.04.2026,"10,747,699",12,"386299623,71"
YCP,27.04.2026,"9,165,405",2279,"1264900840,31"
YCY,27.04.2026,"36,756",268,"249010666,33"
YDI,27.04.2026,"452,036",7510,"1219324457,07"
YDK,27.04.2026,"10,666",48795,"135064012,34"
YDL,27.04.2026,"5,532,874",8,"1153892979,85"
YDM,27.04.2026,"1,598,337",2,"1108148499,87"
YDP,27.04.2026,"2,057,869",2400,"365574166,04"
YDZ,27.04.2026,"5,081,916",3117,"12462421487,81"
YEF,27.04.2026,"961,833",13803,"2024356681,45"
YFV,27.04.2026,"9,623",7417,"914726285,47"
YGM,27.04.2026,"3,209,382",2492,"646840986,84"
YHB,27.04.2026,"2,236,339",7689,"302686447,87"
YHI,27.04.2026,"147,239",277,"65881594,48"
YHK,27.04.2026,"1,863,441",5651,"990455253,78"
YHP,27.04.2026,"409,153",1,"1718442662,28"
YHS,27.04.2026,"25,602,159",8713,"3843080914,41"
YHT,27.04.2026,"369,755",86470,"2084366092,57"
YHY,27.04.2026,"1,245,129",16,"1567835,01"
YHZ,27.04.2026,"7,999,754",13856,"910137707,52"
YIK,27.04.2026,"1,357,023",1449,"26067990363,83"
YIS,27.04.2026,"1,258,214",1,"931417312,81"
YIT,27.04.2026,"2,386,798",6393,"791253267,66"
YIV,27.04.2026,"3,399,662",2,"4629514217,22"
YJA,27.04.2026,"62,673,449",4,"375221740,00"
YJH,27.04.2026,"3,758,119",3831,"190436903,02"
YJK,27.04.2026,"4,922,323",9588,"686466749,50"
YJU,27.04.2026,"61,995,905",1,"412744369,77"
YJY,27.04.2026,"53,623,807",8336,"67517069455,65"
YKS,27.04.2026,"319,567",380,"192674183,32"
YKT,27.04.2026,"893,941",94200,"36565446820,84"
YLB,27.04.2026,"1,610,544",334644,"67539060440,00"
YLC,27.04.2026,"3,672,009",1469,"80620543,87"
YLE,27.04.2026,"8,632,291",2489,"322393249,45"
YLO,27.04.2026,"4,972,281",4911,"223990751,95"
YLR,27.04.2026,"12,716,094",4,"62283,43"
YLY,27.04.2026,"2,444,951",577,"39457375,32"
YLZ,27.04.2026,"3,737,434",13,"2101158330,41"
YMD,27.04.2026,"52,483,364",1323,"6025089902,16"
YMH,27.04.2026,"1,435,674",356,"478499168,88"
YMP,27.04.2026,"1,013,809",7,"32277454,27"
YNK,27.04.2026,"45,168,135",1173,"17434977587,91"
YNL,27.04.2026,"51,981,073",1,"206984993,49"
YOA,27.04.2026,"83,111,295",142,"1810889810,01"
YOS,27.04.2026,"53,079,707",228,"999451768,75"
YOT,27.04.2026,"36,426,751",10175,"1997175918,89"
YOZ,27.04.2026,"45,829,756",1259,"25571623362,54"
YP1,27.04.2026,"61,652,467",3,"217473407,07"
YP2,27.04.2026,"68,413,632",1,"1271751131,62"
YP4,27.04.2026,"50,498,783",30373,"137879340408,76"
YPC,27.04.2026,"4,857,184",2355,"42226200,58"
YPD,27.04.2026,"63,828,769",2,"93742823,08"
YPF,27.04.2026,"9,115,743",457,"1147133845,24"
YPI,27.04.2026,"52,548,902",68,"2003659557,36"
YPK,27.04.2026,"13,398,476",272,"219975273,29"
YPL,27.04.2026,"68,301,596",1626,"13015418121,16"
YPN,27.04.2026,"62,705,158",97,"1787513038,49"
YPP,27.04.2026,"24,229,621",1,"4532364027,05"
YPR,27.04.2026,"1,622,836",284,"200542875,45"
YPT,27.04.2026,"3,656,326",18824,"106109055294,80"
YPU,27.04.2026,"61,705,932",1732,"3752311304,37"
YPV,27.04.2026,"7,613,833",3624,"6618953209,76"
YRZ,27.04.2026,"45,422,904",159,"749820176,34"
YSA,27.04.2026,"456,903",198,"185370571,07"
YSL,27.04.2026,"41,872,237",422,"711576046,47"
YSO,27.04.2026,"1,229,585",192,"62145607,00"
YSU,27.04.2026,"161,229",6400,"250065411,59"
YTC,27.04.2026,"62,563,321",120,"311798137,61"
YTD,27.04.2026,"806,171",15175,"1596489684,01"
YTJ,27.04.2026,"65,441,428",1,"1149716893,27"
YTO,27.04.2026,"50,562,919",4,"668093052,88"
YTR,27.04.2026,"74,906,042",2,"580177104,29"
YTV,27.04.2026,"2,836,221",2399,"218808459,58"
YTY,27.04.2026,"55,549,636",20560,"100607987644,58"
YUB,27.04.2026,"5,514,204",673,"566505272,11"
YUD,27.04.2026,"7,074,446",2,"242710445,84"
YUI,27.04.2026,"1,872,895",8,"1206884927,04"
YUK,27.04.2026,"47,091,732",149,"1288981752,86"
YUN,27.04.2026,"5,377,927",480,"2755410958,92"
YUY,27.04.2026,"1,029,909",2,"1019982109,45"
YVB,27.04.2026,"1,266,869",722,"108749338,58"
YVD,27.04.2026,"3,917,586",82752,"42320124335,06"
YVF,27.04.2026,"69,293,254",4,"903263275,94"
YVG,27.04.2026,"59,369,314",1222,"5855675404,10"
YVO,27.04.2026,"65,734,181",2,"689067489,32"
YVS,27.04.2026,"70,432,569",6,"406939098,22"
YZC,27.04.2026,"4,227,958",12691,"550020797,00"
YZF,27.04.2026,"90,203,189",1,"451015946,59"
YZG,27.04.2026,"14,431,765",69777,"13578942656,68"
YZH,27.04.2026,"11,818,379",6394,"1162428607,41"
YZK,27.04.2026,"7,369,698",209,"206706322,78"
YZL,27.04.2026,"4,920,187",74,"617388834,22"
ZA2,27.04.2026,"1,775,591",2397,"13789850049,84"
ZAD,27.04.2026,"43,755,781",28,"11148447,86"
ZAV,27.04.2026,"5,406,419",4862,"66573131454,81"
ZAY,27.04.2026,"5,757,196",3745,"1743639151,65"
ZBD,27.04.2026,"656,829,969",2219,"920064694,52"
ZBI,27.04.2026,"2,046,632",1785,"229025737,29"
ZBJ,27.04.2026,"4,567,244",19650,"38226740340,83"
ZBN,27.04.2026,"23,949,803",184,"128051238,64"
ZBO,27.04.2026,"2,943,313",256,"414928692,13"
ZBZ,27.04.2026,"62,749,362",1,"329423794,88"
ZCA,27.04.2026,"7,607,993",1,"57330776,37"
ZCB,27.04.2026,"68,495,927",3,"73834225,25"
ZCC,27.04.2026,"74,109,386",2,"391584584,89"
ZCD,27.04.2026,"4,415,646",626,"1431531885,41"
ZCE,27.04.2026,"4,137,277",1,"11616373085,13"
ZCF,27.04.2026,"3,732,758",1,"1720794862,65"
ZCG,27.04.2026,"5,889,065",162,"559209759,95"
ZCH,27.04.2026,"2,410,509",1,"4960815649,76"
ZCK,27.04.2026,"1,627,166",1963,"379374697,49"
ZCN,27.04.2026,"3,872,234",7769,"643259025,42"
ZDD,27.04.2026,"6,868,591",1463,"482748918,86"
ZDK,27.04.2026,"15,099,004",1,"3163815,10"
ZDZ,27.04.2026,"12,487,575",9436,"1069318885,69"
ZFB,27.04.2026,"6,542,576",16142,"816488552,09"
ZFZ,27.04.2026,"64,555,061",3,"20749746305,69"
ZHH,27.04.2026,"1,409,651",1144,"108334984,60"
ZJB,27.04.2026,"11,876,919",2241,"11382328451,46"
ZJH,27.04.2026,"57,394,624",1,"194338138,59"
ZJI,27.04.2026,"12,398,597",2270,"8929915022,74"
ZJL,27.04.2026,"13,996,719",2945,"409005116,03"
ZJR,27.04.2026,"6,685,253",1,"1298155466,64"
ZJT,27.04.2026,"6,330,578",1,"1259243259,03"
ZJV,27.04.2026,"10,440,551",1465,"684994138,13"
ZK1,27.04.2026,"47,029,867",121,"2121003673,12"
ZK2,27.04.2026,"54,763,301",74,"1891787625,83"
ZKK,27.04.2026,"23,598,308",1,"2210291927,02"
ZLB,27.04.2026,"47,162,174",62,"569977268,79"
ZLG,27.04.2026,"60,068,458",1,"1011121059,50"
ZLH,27.04.2026,"11,294,112",3705,"454835364,68"
ZMT,27.04.2026,"58,606,366",301,"1357815551,92"
ZMU,27.04.2026,"192,489",13,"20318034,87"
ZMY,27.04.2026,"6,103,879",2893,"182869774,75"
ZNF,27.04.2026,"51,644,763",1,"1893045669,03"
ZOS,27.04.2026,"17,179",11,"526573273,21"
ZP1,27.04.2026,"58,967,623",2,"59789513,59"
ZP2,27.04.2026,"5,097,789",1,"545689715,53"
ZP3,27.04.2026,"4,134,973",1,"60317522,67"
ZP6,27.04.2026,"54,371,797",1626,"7102862448,32"
ZP7,27.04.2026,"63,318,347",1,"1582958663,58"
ZP8,27.04.2026,"3,603,619",5001,"55525870735,94"
ZP9,27.04.2026,"57,059,246",842,"1751775926,42"
ZPA,27.04.2026,"62,205,947",885,"4002773290,73"
ZPC,27.04.2026,"18,635,449",2990,"3117722522,34"
ZPE,27.04.2026,"32,928,519",6763,"1216761394,76"
ZPF,27.04.2026,"21,502,984",3386,"795136317,14"
ZPG,27.04.2026,"9,534,366",5715,"1320865199,92"
ZPH,27.04.2026,"1,337,965",63,"184580342,53"
ZPJ,27.04.2026,"11,348,576",406,"144691092,06"
ZPK,27.04.2026,"7,480,516",27401,"16567125056,88"
ZPN,27.04.2026,"6,702,798",1,"1899961390,81"
ZPR,27.04.2026,"1,360,503",912,"25474319482,12"
ZR2,27.04.2026,"1,265,572",1,"2537214490,82"
ZR3,27.04.2026,"74,533",187,"231220017,94"
ZSB,27.04.2026,"9,632,105",18,"2661573990,58"
ZSF,27.04.2026,"51,576,716",1756,"43047268,39"
ZSG,27.04.2026,"4,116,862",1009,"50330692,35"
ZSK,27.04.2026,"547,676",1,"577755349,19"
ZSN,27.04.2026,"52,293,084",2,"2851840300,94"
ZTF,27.04.2026,"6,696,239",1,"1840542230,37"
ZTG,27.04.2026,"1,180,152",832,"32266187,37"
ZUD,27.04.2026,"3,916,086",1,"813565278,29"
ZUE,27.04.2026,"4,623,871",1,"5828929942,25"
ZUS,27.04.2026,"46,984,365",3369,"68306112677,26"
ZVB,27.04.2026,"85,012,261",11,"226718095,00"
ZVO,27.04.2026,"364,048",406,"874143088,07"
ZYC,27.04.2026,"4,343,653",1,"7965332798,64"
ZYD,27.04.2026,"4,345,032",1,"8013056137,55"
ZZL,27.04.2026,"76,801,562",15,"39116494,73"
AAK,24.04.2026,"3,546,418",769,"35461839,75"
AAL,24.04.2026,"3,163,587",4845,"3037309510,91"
AAS,24.04.2026,"11,304,688",158,"23858735,43"
AAV,24.04.2026,"62,641,428",2312,"304374822,33"
ABG,24.04.2026,"61,013,064",159,"7534005398,46"
ABJ,24.04.2026,"865,476",3,"1157437113,25"
ABU,24.04.2026,"93,662",37,"54334041,23"
AC1,24.04.2026,"2,850,502",162,"287078211,60"
AC2,24.04.2026,"3,547,098",48,"8792256273,75"
AC3,24.04.2026,"66,538,101",14,"139102024,90"
AC4,24.04.2026,"3,498,726",3596,"1587839764,06"
AC5,24.04.2026,"341,169",185,"52412177,29"
AC6,24.04.2026,"55,818,382",109,"76157930,30"
AC7,24.04.2026,"10,832,908",45,"5853940650,71"
AC8,24.04.2026,"193,433,338",97,"2386852684,05"
ACC,24.04.2026,"44,554,248",1460,"190885323,94"
ACD,24.04.2026,"5,566,091",1568,"320406630,07"
ACN,24.04.2026,"11,722,688",16,"632880124,59"
ACU,24.04.2026,"52,543,634",165,"1343147166,16"
ADE,24.04.2026,"869,842",27112,"1049934060,00"
ADP,24.04.2026,"1,369,433",22546,"4281497435,99"
AED,24.04.2026,"109,243,258",816,"42555853,16"
AES,24.04.2026,"162,964",36678,"1742081829,93"
AEV,24.04.2026,"1,911,029",398,"10896844,11"
AFA,24.04.2026,"1,089,195",46006,"5367318056,32"
AFO,24.04.2026,"1,359,602",87558,"23309904019,69"
AFS,24.04.2026,"304,136",26970,"774731759,83"
AFT,24.04.2026,"908,831",143645,"25384897292,83"
AFV,24.04.2026,"536,876",15701,"1182453161,99"
AGC,24.04.2026,"8,635,818",2490,"100834337,30"
AHH,24.04.2026,"9,536,789",15,"203806996,32"
AHI,24.04.2026,"3,787,796",2666,"147276441,89"
AHN,24.04.2026,"66,294,058",100,"28561204,04"
AHU,24.04.2026,"101,155",604,"213469177,77"
AHV,24.04.2026,"19,657,857",154,"116547406,60"
AHZ,24.04.2026,"26,880,522",12,"629995559,09"
AI1,24.04.2026,"1,104,338",19,"65065542,58"
AIH,24.04.2026,"18,272,803",4,"176218413,84"
AII,24.04.2026,"89,385,301",3,"365675265,97"
AIM,24.04.2026,"2,455,513",1,"53095239,12"
AIR,24.04.2026,"153,017,931",1,"1340090337,26"
AIS,24.04.2026,"94,706",12612,"13059929386,81"
AJ1,24.04.2026,"1,207,265",106,"31742331,77"
AJE,24.04.2026,"5,854,399",1019,"4407648926,28"
AJK,24.04.2026,"59,948,809",132,"135026238,67"
AJL,24.04.2026,"59,549,884",1487,"5396107596,95"
AJN,24.04.2026,"5,784,898",358,"565357969,56"
AK2,24.04.2026,"513,419",9479,"213649712,99"
AK3,24.04.2026,"52,683,091",21152,"8611881967,60"
AKE,24.04.2026,"492,366",13920,"1057998796,53"
AKU,24.04.2026,"948,086",17198,"1573580897,68"
AL4,24.04.2026,"3,527,138",12,"1123555849,15"
AL5,24.04.2026,"50,240,396",2461,"14992362763,27"
AL6,24.04.2026,"3,448,595",12,"4919741573,26"
AL7,24.04.2026,"3,333,197",110,"7822603324,80"
ALC,24.04.2026,"366,771",26689,"2030068721,40"
ALE,24.04.2026,"11,917,813",133891,"68197565912,77"
AN1,24.04.2026,"96,719,348",2573,"1236107046,70"
ANL,24.04.2026,"33,040,806",4147,"627447650,94"
ANZ,24.04.2026,"20,377,289",182,"267337073,82"
AOJ,24.04.2026,"1,540,194",250,"24465776,07"
AOY,24.04.2026,"355,912",36671,"1002929955,77"
AP2,24.04.2026,"3,563,653",36,"1026690031,23"
AP4,24.04.2026,"1,201,863",11,"299526329,98"
AP5,24.04.2026,"1,029,731",12,"1057113,50"
AP6,24.04.2026,"834,767",46,"1006718942,99"
AP7,24.04.2026,"2,308,457",547,"177090661,10"
APJ,24.04.2026,"6,951,912",3191,"102029815,52"
APP,24.04.2026,"32,845,493",2,"210720328,43"
APT,24.04.2026,"149,281",13563,"312245130,05"
ARE,24.04.2026,"220,891",1669,"35835608,66"
ARF,24.04.2026,"7,896,397",1,"713438599,57"
ARL,24.04.2026,"14,981,587",7888,"4195522169,96"
ARM,24.04.2026,"1,778,444",5626,"3334141405,86"
ARP,24.04.2026,"41,692,201",1,"3150429278,00"
AS1,24.04.2026,"44,694,591",41,"6531935,71"
AS3,24.04.2026,"741,771",16,"167527593,38"
ASJ,24.04.2026,"3,864,075",855,"72998352,35"
ATJ,24.04.2026,"22,282,445",11,"1066605002,95"
AU1,24.04.2026,"119,818",630,"59479385,42"
AUT,24.04.2026,"9,019,635",155,"2651772,83"
AUV,24.04.2026,"46,706,428",618,"783297292,58"
AVC,24.04.2026,"143,411,834",11,"241755781,92"
AVT,24.04.2026,"200,136,185",19594,"3308906585,80"
AVZ,24.04.2026,"96,202,471",1,"221503303,89"
AY6,24.04.2026,"131,097",11,"102599411,86"
AY7,24.04.2026,"1,480,867",12,"209889174,93"
AYA,24.04.2026,"19,080,596",10425,"1251498875,60"
AYR,24.04.2026,"123,668",13208,"1604341250,15"
AZF,24.04.2026,"162,932",4,"541774440,28"
AZJ,24.04.2026,"18,122,964",41,"662648979,67"
AZV,24.04.2026,"24,987,746",4,"4204108487,48"
AZZ,24.04.2026,"58,854,831",7,"26926555589,15"
BA1,24.04.2026,"1,389,822",25,"278849572,25"
BAC,24.04.2026,"7,746,679",11,"5846406767,73"
BAG,24.04.2026,"896,412",59,"49686453,42"
BAL,24.04.2026,"46,392,843",1,"1019449778,16"
BAO,24.04.2026,"3,281,185",4,"151001402,27"
BAS,24.04.2026,"50,151,372",1,"1434870064,60"
BBF,24.04.2026,"3,184,743",1126,"178567282,65"
BBI,24.04.2026,"1,627,875",11,"1106834,36"
BBN,24.04.2026,"637,654",13,"1466961775,83"
BBO,24.04.2026,"2,087,305",12,"691708735,18"
BBP,24.04.2026,"2,058,934",797,"36153941,64"
BBS,24.04.2026,"1,384,526",775,"1092301447,74"
BCC,24.04.2026,"63,788,126",2,"2565771678,77"
BCK,24.04.2026,"1,778,653",1814,"104988703,96"
BCO,24.04.2026,"1,704,858",459,"47701247,45"
BDA,24.04.2026,"53,266,649",435,"1117871571,07"
BDC,24.04.2026,"9,111,173",40,"398764670,52"
BDI,24.04.2026,"528,781",74,"431165842,31"
BDO,24.04.2026,"2,790,593",11,"4683450119,90"
BDS,24.04.2026,"2,417,175",12541,"530399241,43"
BDY,24.04.2026,"158,974",2475,"100903818,86"
BFE,24.04.2026,"1,753,381",61,"9223990,71"
BFO,24.04.2026,"49,819,677",1,"3509781572,27"
BFS,24.04.2026,"1,043,566",43,"6231170,32"
BFT,24.04.2026,"1,207,178",575,"230394002,42"
BGH,24.04.2026,"2,123,661",1,"998183003,82"
BGP,24.04.2026,"575,405",31098,"61455415360,84"
BHA,24.04.2026,"1,559,506",902,"103998859,87"
BHE,24.04.2026,"1,909,059",81,"40571178,87"
BHF,24.04.2026,"3,001,991",2570,"365907998,75"
BHH,24.04.2026,"5,699",74,"1011565893,81"
BHI,24.04.2026,"2,071,434",360,"655692842,18"
BHL,24.04.2026,"1,207,403",781,"59543498,44"
BHO,24.04.2026,"1,116,182",1,"1039516790,53"
BI5,24.04.2026,"2,233,515",11,"1118466,37"
BIA,24.04.2026,"244,081",12,"624894,25"
BID,24.04.2026,"3,379,286",2269,"295087404,73"
BIG,24.04.2026,"1,376,432",3787,"576071993,79"
BIH,24.04.2026,"7,508,186",406,"748830455,28"
BIK,24.04.2026,"1,474,651",14,"3425641946,79"
BIO,24.04.2026,"2,483,047",12092,"1118444717,07"
BIP,24.04.2026,"1,438,942",195,"3585989185,07"
BIS,24.04.2026,"1,622,178",74,"801828356,40"
BIY,24.04.2026,"1,271,331",329,"79510079,87"
BJD,24.04.2026,"49,419,353",69,"1592573497,55"
BKO,24.04.2026,"1,128,808",1,"3044853835,71"
BKY,24.04.2026,"45,883,502",565,"2131493764,72"
BLA,24.04.2026,"7,439,341",15,"6951619773,61"
BLD,24.04.2026,"1,470,305",737,"465829629,85"
BLT,24.04.2026,"1,787,085",3099,"392622977,66"
BMU,24.04.2026,"1,204,809",12,"1002442987,32"
BNC,24.04.2026,"2,004,657",254,"717542950,14"
BNH,24.04.2026,"1,322,119",201,"136234211,20"
BOH,24.04.2026,"953,728",11,"238975378,32"
BOL,24.04.2026,"1,563,612",261,"46960400,90"
BON,24.04.2026,"1,252,602",340,"27742630,61"
BOP,24.04.2026,"45,838,243",9,"1123230716,89"
BOS,24.04.2026,"1,489,417",1401,"2491756426,13"
BP5,24.04.2026,"1,571,333",15,"419285265,90"
BPD,24.04.2026,"49,399,487",11,"135770982,23"
BPZ,24.04.2026,"1,379,791",433,"497296753,63"
BRB,24.04.2026,"1,467,764",11,"968491051,82"
BRC,24.04.2026,"1,208,897",39,"126516579,17"
BRF,24.04.2026,"1,472,119",1099,"107312103,56"
BRG,24.04.2026,"450,972",1621,"1787392108,54"
BRH,24.04.2026,"5,581,129",15,"4499622395,80"
BRR,24.04.2026,"1,462,649",272,"358883432,79"
BRT,24.04.2026,"1,295,625",492,"36975916,32"
BRZ,24.04.2026,"51,044,234",5,"1598584346,69"
BS1,24.04.2026,"1,134,882",136,"12798931,14"
BSA,24.04.2026,"421,827",1,"860326676,76"
BSD,24.04.2026,"1,105,272",102,"270920847,74"
BSE,24.04.2026,"789,716",66,"552572676,69"
BSF,24.04.2026,"1,354,124",1,"7655545692,99"
BSH,24.04.2026,"1,101,388",164,"8862377,88"
BSM,24.04.2026,"14,553",1982,"1399065827,07"
BSN,24.04.2026,"1,443,742",14,"40825993,44"
BST,24.04.2026,"10,090,842",699,"60344780,65"
BTE,24.04.2026,"4,003,248",954,"210104035,90"
BTJ,24.04.2026,"1,245,643",82,"28465072,68"
BTK,24.04.2026,"1,290,818",345,"117344188,37"
BTP,24.04.2026,"508,904",15,"60821843,41"
BTY,24.04.2026,"54,705,299",3,"773423523,50"
BTZ,24.04.2026,"1,260,052",206,"8280918,95"
BUB,24.04.2026,"1,035,081",40,"3467425,57"
BUC,24.04.2026,"955,352",23,"234176330,97"
BUP,24.04.2026,"3,734,377",1,"12528002082,83"
BUT,24.04.2026,"1,722,827",4,"204598276,85"
BUV,24.04.2026,"1,375,735",477,"65324552,31"
BUY,24.04.2026,"1,817,433",18297,"411910253,44"
BV1,24.04.2026,"1,528,234",807,"147109831,14"
BVB,24.04.2026,"4,044,619",1,"4347977428,78"
BVC,24.04.2026,"3,841,383",1,"6228196153,81"
BVD,24.04.2026,"1,199,708",349,"218613552,35"
BVF,24.04.2026,"1,240,038",541,"1022475363,65"
BVH,24.04.2026,"180,879",14,"116606991,94"
BVI,24.04.2026,"3,006,658",31,"318961115,66"
BVK,24.04.2026,"1,000,022",36,"2335205,19"
BVM,24.04.2026,"1,271,924",164,"11081414,12"
BVT,24.04.2026,"5,042,825",10,"18983700,78"
BVV,24.04.2026,"2,772,945",515,"102124329,74"
BVZ,24.04.2026,"3,953,026",758,"2523284662,65"
BYZ,24.04.2026,"2,452,645",42,"201494155,73"
CAH,24.04.2026,"1,350,798",375,"55080751,02"
CBD,24.04.2026,"2,920,374",15,"278578826,43"
CBN,24.04.2026,"48,728,826",6,"626558073,08"
CBO,24.04.2026,"310,580,324",3,"2247127529,91"
CEY,24.04.2026,"61,902,336",3,"205171269,48"
CFO,24.04.2026,"2,215,479",501,"2846966454,80"
CGD,24.04.2026,"5,409,019",2,"598753195,91"
CHY,24.04.2026,"626,977",42,"178984245,57"
CIN,24.04.2026,"1,593,066",538,"37633883,02"
CJD,24.04.2026,"4,765,697",29,"47962355,65"
CJF,24.04.2026,"60,905,206",3,"1848134621,85"
CJG,24.04.2026,"61,444,297",1,"1861377185,02"
CJH,24.04.2026,"5,832,368",1814,"3213543544,57"
CKF,24.04.2026,"1,835,132",1684,"526805872,03"
CKL,24.04.2026,"1,383,531",828,"363801733,90"
CKS,24.04.2026,"56,831,729",2444,"5952084691,20"
COT,24.04.2026,"56,005,336",199,"516456961,76"
CPT,24.04.2026,"3,222,178",8574,"486255584,47"
CPU,24.04.2026,"3,071,098",12659,"929131743,67"
CRL,24.04.2026,"45,459,577",3,"977380908,10"
CSD,24.04.2026,"60,000,195",1,"625246966,89"
CSH,24.04.2026,"3,463,632",55,"5151954686,78"
CTF,24.04.2026,"8,684,554",1,"324555318,73"
CTG,24.04.2026,"7,105,961",1,"15393671,58"
CTM,24.04.2026,"5,962,029",1,"15396177,96"
CTP,24.04.2026,"58,057,508",1,"525529012,48"
CTV,24.04.2026,"10,141,783",4,"192093200,29"
CVA,24.04.2026,"369,838",1,"8546851555,30"
CVB,24.04.2026,"3,797,783",5,"1796791676,82"
CVC,24.04.2026,"2,589,193",2,"650213116,17"
CVD,24.04.2026,"59,333,326",2,"1013685670,98"
CVE,24.04.2026,"246,597",1,"271311607,49"
CVF,24.04.2026,"4,178,074",1,"863955132,86"
CVK,24.04.2026,"465,548",2086,"644844881,40"
CVL,24.04.2026,"1,224,047",99,"28266819,84"
CYD,24.04.2026,"54,412,481",381,"1294183949,20"
DA1,24.04.2026,"46,154,482",47,"30998088,47"
DAC,24.04.2026,"67,725,892",1,"521135841,77"
DAE,24.04.2026,"3,502,225",1,"1760185613,42"
DAH,24.04.2026,"3,747,557",2919,"769686833,03"
DAI,24.04.2026,"89,395,353",4,"342430778,08"
DAL,24.04.2026,"66,887,386",1,"580258913,28"
DAS,24.04.2026,"5,101,886",26756,"130561839448,23"
DAT,24.04.2026,"90,441,479",6,"404976324,06"
DAV,24.04.2026,"54,583,372",136,"1035243405,51"
DAZ,24.04.2026,"12,149,851",4,"321420066,41"
DB2,24.04.2026,"1,845,392",18,"122317131,86"
DBA,24.04.2026,"758,127",27511,"11606558590,41"
DBB,24.04.2026,"103,011",1965,"330027019,80"
DBG,24.04.2026,"575,721",3,"2368478457,55"
DBH,24.04.2026,"353,694",9226,"1010012859,64"
DBK,24.04.2026,"107,108",85990,"683617403,29"
DBP,24.04.2026,"457,333",1108,"159235266,23"
DBZ,24.04.2026,"124,203",3056,"769545556,07"
DCB,24.04.2026,"4,191,638",22537,"137262885349,69"
DCD,24.04.2026,"62,029,057",1,"266434277,79"
DCE,24.04.2026,"67,953,522",3,"1182350449,07"
DCN,24.04.2026,"1,270,399",1102,"149560212,40"
DCP,24.04.2026,"69,725,256",3,"248534419,12"
DDA,24.04.2026,"13,810,045",1236,"256111767,44"
DDC,24.04.2026,"10,374,432",11,"3480213560,56"
DDE,24.04.2026,"71,040,787",1,"391795125,56"
DDF,24.04.2026,"10,980,958",593,"273707615,46"
DDP,24.04.2026,"68,964,648",1,"72139918,68"
DEF,24.04.2026,"2,555,159",94,"68520106,43"
DEI,24.04.2026,"34,785",13,"4132064,92"
DFC,24.04.2026,"3,127,265",1686,"129831211,79"
DFD,24.04.2026,"2,566,851",538,"162815716,51"
DFI,24.04.2026,"3,732,128",39784,"18067001865,14"
DFO,24.04.2026,"3,448,928",2,"1020074431,67"
DGF,24.04.2026,"128,441",224,"26731911,19"
DGH,24.04.2026,"9,452,744",231,"1178460475,49"
DHI,24.04.2026,"5,628,349",46,"845498220,40"
DHJ,24.04.2026,"7,004,107",3021,"225530572,83"
DHM,24.04.2026,"5,116,287",1291,"29885850,65"
DHP,24.04.2026,"3,826,253",1,"7222026,20"
DHS,24.04.2026,"329,385,779",1,"4349650537,96"
DHT,24.04.2026,"1,074,525",557,"75108027,33"
DHV,24.04.2026,"2,174,662",11,"316413137,92"
DID,24.04.2026,"1,377,958",182,"35985129,10"
DIH,24.04.2026,"172,828",11,"129720535,31"
DIM,24.04.2026,"48,910,384",1,"111882894,91"
DIP,24.04.2026,"1,385,092",1240,"46754598199,00"
DK1,24.04.2026,"1,316,429",68,"4226546335,80"
DK8,24.04.2026,"45,099,292",313,"1745988341,68"
DKA,24.04.2026,"45,058,742",239,"2297042007,61"
DKC,24.04.2026,"66,561",13,"208672,79"
DKH,24.04.2026,"3,553,798",1535,"208869719,67"
DKL,24.04.2026,"47,115,942",105,"408721562,07"
DKP,24.04.2026,"44,939,633",644,"3948396130,15"
DKR,24.04.2026,"733,453",564,"57617818,18"
DKS,24.04.2026,"67,284,926",2,"215845331,20"
DKY,24.04.2026,"44,929,453",231,"2552733211,01"
DL2,24.04.2026,"218,559",734,"9989139764,74"
DLD,24.04.2026,"7,273,349",626,"79826151,92"
DLG,24.04.2026,"1,160,869",45,"4603246,68"
DLN,24.04.2026,"1,897,405",12,"30399257,05"
DLY,24.04.2026,"5,361,274",314551,"72436141578,77"
DLZ,24.04.2026,"1,365,536",13,"168537,13"
DMG,24.04.2026,"7,650,061",16645,"3815022581,72"
DMR,24.04.2026,"53,894,664",1,"15978104396,66"
DMV,24.04.2026,"6,556,295",2,"315119532,40"
DMZ,24.04.2026,"59,649,448",5,"595044755,16"
DNA,24.04.2026,"8,689,611",5,"1729436272,72"
DNF,24.04.2026,"1,183,283",99,"23651572,02"
DNH,24.04.2026,"1,166,856",79,"18924875,22"
DNK,24.04.2026,"1,700,747",214,"16381769,54"
DNL,24.04.2026,"51,721,492",1,"206094940,43"
DNM,24.04.2026,"48,417,574",1223,"1701159069,20"
DNP,24.04.2026,"1,265,107",267,"1418479916,85"
DNU,24.04.2026,"44,730,137",16,"36777789,87"
DOC,24.04.2026,"44,915,778",178,"4599326732,10"
DOD,24.04.2026,"63,918,484",11,"13190305082,13"
DOH,24.04.2026,"2,092,759",5462,"992265384,22"
DOL,24.04.2026,"48,831,451",384,"3596309653,07"
DOR,24.04.2026,"66,372,144",1,"478060299,08"
DOS,24.04.2026,"65,199,564",2,"3072941908,20"
DOV,24.04.2026,"56,989,176",17763,"70925920997,71"
DP1,24.04.2026,"17,847,997",7,"5079126606,37"
DP2,24.04.2026,"62,457,767",11,"337128164,57"
DP3,24.04.2026,"6,507,899",4,"265118921,64"
DP4,24.04.2026,"67,940,306",3,"509517714,24"
DP5,24.04.2026,"77,708,731",1,"1682928200,41"
DP6,24.04.2026,"44,888,263",215,"1812198037,21"
DP7,24.04.2026,"56,628,408",3,"509756586,87"
DP8,24.04.2026,"45,183,165",50,"375611218,06"
DP9,24.04.2026,"4,495,176",155,"5681410104,84"
DPB,24.04.2026,"22,766,376",3860,"20764222539,85"
DPC,24.04.2026,"92,216,489",1,"317628169,37"
DPE,24.04.2026,"21,078,419",1,"1379723314,40"
DPG,24.04.2026,"9,354,767",2,"536420392,19"
DPI,24.04.2026,"7,920,862",110,"263085507,93"
DPK,24.04.2026,"7,681,508",1313,"831639200,86"
DPL,24.04.2026,"95,926,921",1,"2479862866,67"
DPN,24.04.2026,"56,290,712",1,"2208847,52"
DPP,24.04.2026,"156,490,858",2,"211252017,01"
DPT,24.04.2026,"17,322,766",5510,"341213498,69"
DPZ,24.04.2026,"76,346,021",1,"115100940,67"
DRA,24.04.2026,"1,215,205",16,"49260514,71"
DRD,24.04.2026,"52,948,005",153,"1659733962,54"
DRH,24.04.2026,"1,053,642",69,"146086273,28"
DRS,24.04.2026,"70,003,419",3,"232569209,94"
DRT,24.04.2026,"1,091,858",346,"18834261,94"
DSC,24.04.2026,"62,278,947",1,"925471881,43"
DSD,24.04.2026,"67,592,982",1672,"5783127928,68"
DSH,24.04.2026,"2,020,055",102,"24974151,99"
DSP,24.04.2026,"13,599,637",1089,"141998123,11"
DSV,24.04.2026,"45,847,681",48,"1436180930,10"
DTH,24.04.2026,"120,949",125,"168925651,51"
DTL,24.04.2026,"3,861,308",3772,"164255373,45"
DTM,24.04.2026,"1,369,805",3155,"67511944,52"
DTO,24.04.2026,"44,855,034",159,"111758738,37"
DTP,24.04.2026,"182,941",4,"1657391015,62"
DTV,24.04.2026,"63,630,606",4,"3838590604,25"
DTZ,24.04.2026,"4,525,184",6287,"268109731,08"
DUC,24.04.2026,"670,557",12,"232254,70"
DUD,24.04.2026,"48,446,514",266,"327385456,06"
DUH,24.04.2026,"120,511",81,"5276795,40"
DUT,24.04.2026,"4,517,428",258,"834363539,87"
DUV,24.04.2026,"1,229,881",216,"72047964,32"
DVC,24.04.2026,"63,608,693",1,"52477172,00"
DVI,24.04.2026,"724,874",2,"182878387,87"
DVN,24.04.2026,"60,419,655",1,"289382235,73"
DVO,24.04.2026,"4,719,207",1,"30238727,99"
DVS,24.04.2026,"1,386,506",313,"261593171,03"
DVT,24.04.2026,"8,091,798",10767,"716587346,58"
DVU,24.04.2026,"7,643,823",5,"1376076237,45"
DVZ,24.04.2026,"61,772,694",1,"1297940411,38"
DXP,24.04.2026,"1,804,641",1181,"53552687,01"
DYJ,24.04.2026,"44,998,469",156,"1060501182,77"
DYN,24.04.2026,"4,256,945",1671,"57154924,76"
DYS,24.04.2026,"148,517",13,"17243995,87"
DZ2,24.04.2026,"1,422,754",2,"12300961751,62"
DZE,24.04.2026,"1,000,926",3038,"256402784,54"
DZM,24.04.2026,"80,796,423",4847,"19888651514,07"
DZP,24.04.2026,"56,251,341",2,"438085441,96"
DZS,24.04.2026,"1,401,535",157,"62112240,34"
EBD,24.04.2026,"223,831",394,"41383749,50"
EBI,24.04.2026,"53,378,807",30,"586680170,65"
EBS,24.04.2026,"45,466,829",31,"3224977973,96"
EC2,24.04.2026,"8,757,616",2599,"90144664,18"
ECA,24.04.2026,"1,700,371",386,"111008550,17"
ECB,24.04.2026,"47,189,977",3231,"918140554,10"
ECV,24.04.2026,"43,436",2405,"98907013,17"
EDD,24.04.2026,"1,048,236",13,"10567802,82"
EDP,24.04.2026,"1,024,015",31,"52127926,17"
EDT,24.04.2026,"1,990,083",624,"959188759,06"
EDU,24.04.2026,"3,265,575",666,"436414417,24"
EES,24.04.2026,"55,113,159",1,"460824657,93"
EGP,24.04.2026,"53,859,651",50,"246361692,23"
EHS,24.04.2026,"2,829,483",3,"667585370,76"
EIB,24.04.2026,"579,293",451,"281228607,21"
EID,24.04.2026,"1,840,096",2203,"119696010,12"
EIL,24.04.2026,"4,632,865",1927,"1594464086,50"
EJG,24.04.2026,"9,439,102",1,"645815864,13"
EKF,24.04.2026,"12,451",5398,"1840546646,08"
EKL,24.04.2026,"1,611,829",1454,"22905234591,95"
ELZ,24.04.2026,"13,631,787",786,"560654895,95"
EME,24.04.2026,"1,217,195",26,"42061905,75"
EML,24.04.2026,"1,167,514",772,"42844150,27"
ENA,24.04.2026,"1,049,727",17,"10885781,27"
ENJ,24.04.2026,"1,333,543",740,"39271567,26"
ENO,24.04.2026,"44,937,136",10,"44978478,07"
ENR,24.04.2026,"1,060,371",37,"13393006,73"
ENS,24.04.2026,"1,073,987",11,"10781508,50"
EPA,24.04.2026,"1,213,618",88,"433170381,14"
EPI,24.04.2026,"1,153,972",186,"272817262,79"
EPK,24.04.2026,"146,234",2086,"288710625,12"
EPO,24.04.2026,"57,498,145",1,"424911002,64"
EPP,24.04.2026,"129,812",41,"1706107972,37"
EPT,24.04.2026,"1,175,334",54,"904641106,67"
ESG,24.04.2026,"422,184",83,"117929931,49"
ESN,24.04.2026,"1,640,202",12,"65243916,04"
ESP,24.04.2026,"521,957",340,"57013485,02"
EUN,24.04.2026,"59,847,345",3604,"6391850987,36"
EUZ,24.04.2026,"59,126,952",39823,"138063484743,15"
EVM,24.04.2026,"1,082,257",599,"45661696,03"
EYT,24.04.2026,"2,790,852",632,"93247170,62"
EZM,24.04.2026,"42,062,691",1,"4206269,05"
FAK,24.04.2026,"1,391,961",455,"34556654,72"
FAL,24.04.2026,"1,275,502",941,"360257691,07"
FBC,24.04.2026,"2,264,924",5911,"194119584,36"
FBI,24.04.2026,"49,106,652",5445,"19709413306,66"
FBN,24.04.2026,"1,041,644",15,"16116160,36"
FBV,24.04.2026,"7,254,046",2330,"695278313,75"
FBZ,24.04.2026,"4,104,356",378,"186005617,60"
FCK,24.04.2026,"1,927,706",889,"344946393,95"
FCS,24.04.2026,"2,037,393",177,"1499638356,58"
FD1,24.04.2026,"1,812,298",177,"30342204,10"
FDE,24.04.2026,"44,881,469",895,"4165897977,94"
FDG,24.04.2026,"2,651,477",1510,"312202732,96"
FDO,24.04.2026,"5,717,706",1,"270868488,00"
FDV,24.04.2026,"5,206,905",1,"1301726336,79"
FDY,24.04.2026,"45,008,266",890,"3871613213,37"
FDZ,24.04.2026,"298,177",12,"226357054,43"
FFD,24.04.2026,"45,079",287,"170195046,08"
FFF,24.04.2026,"62,458,393",1,"1050695567,23"
FFH,24.04.2026,"7,893,535",1962,"1262107990,42"
FFO,24.04.2026,"58,007,866",7,"104521706,09"
FFP,24.04.2026,"7,376,359",2842,"2558720353,99"
FHI,24.04.2026,"1,463,971",11,"229450570,18"
FHP,24.04.2026,"2,988,516",47,"9883811079,04"
FHZ,24.04.2026,"62,541,135",3,"724883467,65"
FI3,24.04.2026,"735,100,711",9871,"1841385107,39"
FI5,24.04.2026,"654,411,107",52098,"92140822053,73"
FIB,24.04.2026,"517,493",13687,"6285424835,25"
FID,24.04.2026,"1,004,632",1818,"967823751,60"
FIL,24.04.2026,"327,686",19080,"12474039742,56"
FIT,24.04.2026,"218,382",607,"217893352,33"
FJB,24.04.2026,"6,359,063",841,"397441128,31"
FJC,24.04.2026,"55,457,747",88,"1260886331,05"
FJM,24.04.2026,"53,505,262",1745,"8651362838,55"
FJN,24.04.2026,"53,311,115",1261,"5471468873,21"
FJZ,24.04.2026,"61,662,415",893,"1714344639,54"
FKE,24.04.2026,"55,912,528",12695,"49278484447,12"
FKH,24.04.2026,"45,398,408",2132,"12456869141,29"
FKV,24.04.2026,"45,022,433",488,"2214203272,97"
FLS,24.04.2026,"57,941,461",2062,"3052549121,37"
FLY,24.04.2026,"1,652,713",1625,"121067806,81"
FMG,24.04.2026,"3,799,102",12959,"14868341975,95"
FMS,24.04.2026,"53,660,611",1,"628994767,12"
FMV,24.04.2026,"1,254,412",24,"137922117,42"
FNE,24.04.2026,"2,728,848",1,"1063814,02"
FNN,24.04.2026,"0,00",1,"0,00"
FNO,24.04.2026,"191,129",8636,"15801638142,17"
FNT,24.04.2026,"199,591",2148,"588794144,23"
FP4,24.04.2026,"126,598",116,"93536222,14"
FPE,24.04.2026,"70,985,158",1438,"319171845,70"
FPG,24.04.2026,"2,491,586",2581,"1361365697,16"
FPH,24.04.2026,"3,390,611",4859,"1522551216,66"
FPI,24.04.2026,"2,334,482",172,"111939317,91"
FPK,24.04.2026,"87,425",1170,"278821841,38"
FPR,24.04.2026,"11,181,602",21,"173130697,47"
FPZ,24.04.2026,"64,003,752",19539,"132459358954,15"
FR1,24.04.2026,"1,547,563",21,"589074217,09"
FRA,24.04.2026,"32,481,929",2,"530956829,81"
FRC,24.04.2026,"1,696,157",410,"89896301,92"
FRZ,24.04.2026,"15,496,518",2,"277397636,89"
FS1,24.04.2026,"1,706,712",297,"208828387,92"
FS2,24.04.2026,"2,056,528",28,"16173437,35"
FS3,24.04.2026,"1,959,479",22,"1666110307,48"
FS4,24.04.2026,"9,454,493",21,"4853718400,48"
FS5,24.04.2026,"2,515,006",9,"22112584,50"
FS6,24.04.2026,"1,586,698",403,"119077523,94"
FSF,24.04.2026,"6,086,852",7289,"11098563042,84"
FSG,24.04.2026,"373,655",852,"1044545314,07"
FSH,24.04.2026,"4,071,074",470,"333781505,35"
FSK,24.04.2026,"5,400,244",2601,"6692041727,47"
FSM,24.04.2026,"8,049,756",21,"1080265277,64"
FSP,24.04.2026,"3,718,345",23,"472192,63"
FSR,24.04.2026,"44,832,408",2538,"9185023777,40"
FSU,24.04.2026,"1,334,841",7228,"920872864,35"
FSV,24.04.2026,"52,813,172",876,"5351558714,56"
FTL,24.04.2026,"1,350,623",215,"352340956,66"
FTM,24.04.2026,"52,170,927",14,"1692627234,89"
FTY,24.04.2026,"44,847,321",1253,"7501611368,38"
FUA,24.04.2026,"5,339,119",5057,"337287262,83"
FUB,24.04.2026,"708,019",2279,"1429138101,49"
FUM,24.04.2026,"5,871,483",2,"422220220,94"
FUN,24.04.2026,"1,472,274",11,"18065657,48"
FUP,24.04.2026,"102,864,468",2,"451335544,27"
FVL,24.04.2026,"4,357,874",55,"1435844384,31"
FYA,24.04.2026,"54,697",159,"1819466796,63"
FYB,24.04.2026,"93,591,116",9,"191438288,76"
FYD,24.04.2026,"11,951,346",5928,"3791633546,32"
FYF,24.04.2026,"99,707",11,"34968095,21"
FYG,24.04.2026,"15,578,708",2,"89612560,45"
FYH,24.04.2026,"82,458,482",26,"966505352,75"
FYI,24.04.2026,"9,098,046",193,"40582751,55"
FYM,24.04.2026,"409,908",15,"321241286,42"
FYO,24.04.2026,"1,047,409",1289,"974867586,10"
FYT,24.04.2026,"32,511",99167,"3087008211,24"
FYZ,24.04.2026,"6,169,832",2,"267873636,66"
FZJ,24.04.2026,"5,230,855",2349,"1254657447,64"
FZP,24.04.2026,"6,026,446",659,"1051697374,57"
GA1,24.04.2026,"1,814,745",1561,"352942250,05"
GAC,24.04.2026,"70,929,682",1,"392076369,52"
GAE,24.04.2026,"457,686",15185,"1590641186,77"
GAF,24.04.2026,"173,347",1797,"216731621,20"
GAG,24.04.2026,"16,737,587",228,"786375474,75"
GAH,24.04.2026,"11,548,875",3069,"435094261,46"
GAJ,24.04.2026,"59,100,404",1,"468965724,45"
GAL,24.04.2026,"362,705,632",57107,"61154284840,93"
GAN,24.04.2026,"9,272,624",11,"24971734,03"
GAS,24.04.2026,"295,441",2331,"3325332186,97"
GAU,24.04.2026,"61,270,414",5,"1983956102,82"
GAV,24.04.2026,"57,636,355",1,"227144873,82"
GBC,24.04.2026,"275,822",1630,"292475160,44"
GBG,24.04.2026,"501,522",3325,"154335339,96"
GBH,24.04.2026,"4,199,244",2746,"2213439464,51"
GBJ,24.04.2026,"1,571,829",2129,"674721702,30"
GBL,24.04.2026,"767,678",1758,"3161556633,47"
GBN,24.04.2026,"606,584",463,"5649023954,32"
GBP,24.04.2026,"66,712,593",2,"3658890178,46"
GBV,24.04.2026,"11,424,555",23118,"2386059228,18"
GBZ,24.04.2026,"3,411,651",3562,"1585424198,24"
GCA,24.04.2026,"67,163,785",2,"777998213,36"
GCC,24.04.2026,"5,341,942",2,"1186233667,41"
GCD,24.04.2026,"3,206,748",13,"447413663,63"
GCI,24.04.2026,"60,000,567",3,"205555703,92"
GCZ,24.04.2026,"57,400,338",1,"11176706,73"
GDJ,24.04.2026,"56,996,829",4,"461755708,18"
GDP,24.04.2026,"61,891,388",1,"1438111386,46"
GEC,24.04.2026,"71,126,589",3,"399132826,85"
GEI,24.04.2026,"110,559,216",11,"4087150658,61"
GEZ,24.04.2026,"5,627,068",1,"373325349,67"
GFB,24.04.2026,"65,108,523",4,"397556354,71"
GFD,24.04.2026,"64,811,912",2,"115388406,90"
GFI,24.04.2026,"49,714,387",3,"1607640928,37"
GFL,24.04.2026,"10,612,316",1,"445429957,73"
GFN,24.04.2026,"7,404,877",3,"856998703,40"
GFY,24.04.2026,"64,459,563",3,"395713453,97"
GGA,24.04.2026,"62,524,084",3,"8151249341,65"
GGC,24.04.2026,"5,171,244",5,"181681308,37"
GGD,24.04.2026,"61,174,344",2,"5837399518,36"
GGK,24.04.2026,"14,217,943",13333,"2892480887,90"
GGM,24.04.2026,"7,454,236",1,"2551517250,50"
GGN,24.04.2026,"63,800,678",4,"444271298,34"
GGP,24.04.2026,"26,316,306",1,"182293,05"
GGR,24.04.2026,"63,215,682",3,"1508763749,92"
GHS,24.04.2026,"39,895,933",14778,"3298081033,48"
GID,24.04.2026,"1,661,247",2297,"55615202,69"
GIE,24.04.2026,"366,114",5153,"94130233,53"
GIH,24.04.2026,"2,463,683",674,"17501963,29"
GJA,24.04.2026,"61,334,885",3,"874841297,30"
GJB,24.04.2026,"10,088,586",1066,"77542011,72"
GJD,24.04.2026,"59,099,932",3,"384651849,05"
GJE,24.04.2026,"58,949,357",2,"136568741,10"
GJF,24.04.2026,"59,667,951",2,"227103917,60"
GJH,24.04.2026,"3,467,788",26197,"135381173059,24"
GJM,24.04.2026,"39,329,264",69,"451645701,46"
GJO,24.04.2026,"55,645,028",1,"544177714,70"
GKE,24.04.2026,"0,00",0,"0,01"
GKF,24.04.2026,"4,798,298",797,"45181341,07"
GKG,24.04.2026,"1,378,396",1330,"46037182,63"
GKH,24.04.2026,"3,960,324",1882,"5779633899,99"
GKK,24.04.2026,"61,079,243",2,"1870100268,61"
GKL,24.04.2026,"15,195,382",4,"854728198,99"
GKM,24.04.2026,"45,183,105",14,"122157945,21"
GKO,24.04.2026,"0,00",0,"0,01"
GKV,24.04.2026,"7,618,545",3507,"387991457,60"
GL1,24.04.2026,"1,436,341,996",999,"1257146840,86"
GLC,24.04.2026,"4,261,896",71,"16467473,65"
GLG,24.04.2026,"8,214,499",632,"69504156,56"
GLM,24.04.2026,"518,843",11,"261533945,11"
GLP,24.04.2026,"62,989,086",4,"516637802,08"
GLS,24.04.2026,"151,421",1396,"553089949,78"
GLV,24.04.2026,"8,281,966",22,"20007664,96"
GMA,24.04.2026,"1,935,988",1555,"2521909682,55"
GMC,24.04.2026,"9,041,844",25113,"5305823245,85"
GMD,24.04.2026,"2,553,803",119,"3093447,38"
GME,24.04.2026,"26,369,529",2,"372052405,00"
GMI,24.04.2026,"157,222",6281,"551959402,21"
GMM,24.04.2026,"44,910,527",27,"418543432,95"
GMN,24.04.2026,"1,204,282",32,"94303878,35"
GMO,24.04.2026,"2,919,618",4,"2337011120,61"
GMP,24.04.2026,"58,211,243",1,"1521327548,18"
GMR,24.04.2026,"1,360,066",5137,"206157958,94"
GMV,24.04.2026,"0,00",0,"0,01"
GMZ,24.04.2026,"12,825,079",2,"349131834,23"
GNH,24.04.2026,"1,475,778",200,"7055733,85"
GNK,24.04.2026,"64,185,522",1,"440028469,62"
GNL,24.04.2026,"56,273,102",4,"1673921515,41"
GNP,24.04.2026,"1,302,727",4359,"1236746718,97"
GNS,24.04.2026,"1,515,704",1459,"75556285,95"
GNZ,24.04.2026,"14,294",463,"1694372,48"
GO1,24.04.2026,"4,308,574",1085,"157951017,32"
GO2,24.04.2026,"4,591,532",588,"35026138,03"
GO3,24.04.2026,"4,700,548",601,"46767730,71"
GO4,24.04.2026,"5,083,897",968,"64884382,39"
GO6,24.04.2026,"3,715,637",4294,"4941992809,73"
GO9,24.04.2026,"2,501,429",1799,"393846479,08"
GOF,24.04.2026,"47,093,543",131,"64618227,50"
GOH,24.04.2026,"15,957,011",8982,"670919987,09"
GOL,24.04.2026,"2,874,641",13601,"5387069686,34"
GOP,24.04.2026,"1,067,268",421,"758932117,00"
GP1,24.04.2026,"370,829",1,"169535135,61"
GP3,24.04.2026,"57,746,544",294,"387144438,94"
GPA,24.04.2026,"21,595,763",5664,"764949746,67"
GPB,24.04.2026,"11,080,289",9864,"1219912398,70"
GPC,24.04.2026,"67,024,982",3962,"7416318585,42"
GPF,24.04.2026,"8,255,251",2870,"847440263,78"
GPG,24.04.2026,"14,872,217",2734,"883325118,36"
GPH,24.04.2026,"43,178,636",1,"2531865,70"
GPI,24.04.2026,"16,869,798",3035,"746136569,91"
GPJ,24.04.2026,"53,785,417",2,"881688095,33"
GPL,24.04.2026,"49,281,848",39289,"99373729384,58"
GPM,24.04.2026,"57,962,047",2,"1207759702,94"
GPN,24.04.2026,"1,225,261",2097,"2124136294,88"
GPT,24.04.2026,"2,368,975",2663,"85183205,83"
GPU,24.04.2026,"19,732,093",2721,"406230681,25"
GPV,24.04.2026,"63,182,152",1,"545278402,55"
GPZ,24.04.2026,"1,732,403",214,"8645871877,22"
GRL,24.04.2026,"1,730,914",349,"1012803334,06"
GRO,24.04.2026,"50,180,161",27115,"186895350723,22"
GRT,24.04.2026,"1,532,179",1431,"74749186,22"
GSE,24.04.2026,"59,849,475",105,"1452801226,42"
GSG,24.04.2026,"66,317,031",1,"82053797,05"
GSL,24.04.2026,"3,032,829",1,"293405169,31"
GSO,24.04.2026,"13,458,009",5,"308247534,46"
GSP,24.04.2026,"545,646",13963,"2898169264,74"
GSR,24.04.2026,"52,958,824",2,"245896291,06"
GSU,24.04.2026,"0,00",0,"0,01"
GTA,24.04.2026,"1,635,817",81722,"28400115344,42"
GTF,24.04.2026,"1,370,586",575,"205350882,54"
GTH,24.04.2026,"1,323,559",395,"10121658,60"
GTK,24.04.2026,"6,346,926",1,"25574727801,00"
GTL,24.04.2026,"118,914",323184,"146278911036,30"
GTM,24.04.2026,"7,827,697",14462,"1186216531,90"
GTN,24.04.2026,"4,870,617",2,"1364383278,14"
GTY,24.04.2026,"580,169",665,"479684492,14"
GTZ,24.04.2026,"13,381,572",71081,"16514464456,05"
GUA,24.04.2026,"5,455,796",1,"1865122812,43"
GUB,24.04.2026,"2,266,089",3440,"2155800372,57"
GUC,24.04.2026,"1,288,362",1,"2799422027,08"
GUH,24.04.2026,"361,601",26905,"2570535509,99"
GUK,24.04.2026,"161,143",3393,"1342501030,23"
GUM,24.04.2026,"1,416,841",58963,"8325267064,80"
GUV,24.04.2026,"1,627,817",2110,"640151725,15"
GVA,24.04.2026,"4,091,051",3450,"95898469,79"
GVB,24.04.2026,"63,268,151",3,"3321555128,45"
GVC,24.04.2026,"59,938,067",1,"284062565,09"
GVD,24.04.2026,"19,844,912",1,"438870,22"
GVI,24.04.2026,"5,475,267",5410,"1414464400,21"
GVL,24.04.2026,"61,931,245",3,"487529819,20"
GVZ,24.04.2026,"68,692,267",2,"380098630,83"
GYC,24.04.2026,"3,667,577",1,"15054268071,03"
GYG,24.04.2026,"66,866,049",4,"498023745,95"
GYK,24.04.2026,"101,709",279,"73527610,03"
GYL,24.04.2026,"12,883,513",7756,"1078217965,27"
GYN,24.04.2026,"63,060,534",1,"1299902417,61"
GYR,24.04.2026,"58,673,236",5,"564441809,18"
GZB,24.04.2026,"6,651,927",1,"1263866200,74"
GZD,24.04.2026,"57,650,958",3,"50542479,86"
GZE,24.04.2026,"7,255,917",5341,"1898682480,37"
GZG,24.04.2026,"5,889,826",1620,"429454369,19"
GZH,24.04.2026,"4,988,068",6356,"411388571,27"
GZJ,24.04.2026,"8,246,278",6056,"1992338951,42"
GZL,24.04.2026,"527,235",6232,"348476380,17"
GZM,24.04.2026,"8,190,978",308,"113085971,99"
GZN,24.04.2026,"45,239,566",1650,"446935469,44"
GZO,24.04.2026,"65,810,728",1,"108240088,30"
GZP,24.04.2026,"7,047,704",9761,"4249047341,73"
GZR,24.04.2026,"11,761,319",2191,"1076343118,53"
GZU,24.04.2026,"63,117,257",2,"431068712,24"
GZV,24.04.2026,"7,912,808",1380,"93858207,18"
GZY,24.04.2026,"7,321,715",2343,"65785719,17"
GZZ,24.04.2026,"6,626,739",1303,"61975365,86"
HAE,24.04.2026,"52,006,849",1067,"2346411760,50"
HAG,24.04.2026,"57,527,034",47,"407609871,40"
HAM,24.04.2026,"3,178,299",9038,"1865064723,06"
HAR,24.04.2026,"1,040,901",68,"39717015,97"
HAT,24.04.2026,"1,798,036",121,"8840410,39"
HB1,24.04.2026,"46,819,078",330,"21166644598,35"
HB2,24.04.2026,"54,354,687",190,"10790045869,88"
HBF,24.04.2026,"51,961,378",12807,"7353739437,83"
HBJ,24.04.2026,"2,420,403",1,"242040,25"
HBN,24.04.2026,"4,056,081",1129,"524325602,30"
HBU,24.04.2026,"1,458,817",2859,"460991721,77"
HBV,24.04.2026,"16,035,156",18,"922806057,76"
HCV,24.04.2026,"1,045,265",222,"62561156,40"
HDA,24.04.2026,"2,826,648",787,"413192103,27"
HDE,24.04.2026,"5,423,074",4375,"7906545282,93"
HDH,24.04.2026,"8,368,951,071",18,"31038230118,13"
HDJ,24.04.2026,"5,706,564",11,"14150030,67"
HDK,24.04.2026,"2,798,369",152,"12798162,79"
HDS,24.04.2026,"15,306,151",13,"1537019135,84"
HDV,24.04.2026,"61,658,306",2202,"4281691491,84"
HEH,24.04.2026,"290,403",1889,"732241076,71"
HFA,24.04.2026,"29,356",2,"4150441767,61"
HFI,24.04.2026,"1,622,051",159,"45328029,97"
HFR,24.04.2026,"1,501,194",781,"93099129,15"
HFV,24.04.2026,"59,357,199",3370,"8970360078,18"
HFY,24.04.2026,"1,160,405",27,"789841995,43"
HGC,24.04.2026,"49,223,633",193,"309260515,68"
HGH,24.04.2026,"1,756,387",21,"77958006,03"
HGJ,24.04.2026,"13,157,799",11,"5880601,76"
HGM,24.04.2026,"3,925,779",2061,"148753251,70"
HGR,24.04.2026,"1,176,544",356,"58495447,47"
HGT,24.04.2026,"884,299",14,"3622385313,62"
HGU,24.04.2026,"4,393,731",2,"2464964605,88"
HGV,24.04.2026,"5,241,987",560,"63869238,14"
HIA,24.04.2026,"1,376,781",352,"484013381,15"
HIF,24.04.2026,"635,311",20,"1087570,59"
HIH,24.04.2026,"1,425,145",6312,"364270758,51"
HII,24.04.2026,"3,087,665",1,"1016975527,28"
HIM,24.04.2026,"3,570,438",298,"414013388,53"
HIP,24.04.2026,"1,908,233",898,"1586148662,90"
HIS,24.04.2026,"3,497,505",12,"1424327,41"
HIZ,24.04.2026,"1,911,988",1115,"175381476,90"
HJA,24.04.2026,"27,168,841",13,"3152123792,73"
HJB,24.04.2026,"4,322,536",1823,"136873166,18"
HKG,24.04.2026,"1,402,675",997,"36935310,49"
HKH,24.04.2026,"8,469,449",16075,"1770437740,24"
HKJ,24.04.2026,"1,218,576",2690,"12579494803,09"
HKM,24.04.2026,"4,962,048",1563,"165360802,29"
HKP,24.04.2026,"5,369,951",127,"428633707,17"
HKR,24.04.2026,"3,931,955",1860,"1693289319,58"
HKV,24.04.2026,"5,230,478",37499,"4013162179,65"
HLA,24.04.2026,"2,286,848",11,"51048144,21"
HLL,24.04.2026,"336,531",1038546,"44510836709,59"
HLR,24.04.2026,"225,373,736",14,"5320922219,68"
HMC,24.04.2026,"759,855",123,"6946495,81"
HME,24.04.2026,"50,424,175",8296,"24824335243,87"
HMG,24.04.2026,"60,588",4751,"1853069091,33"
HMK,24.04.2026,"295,938,143",112,"284874495,14"
HML,24.04.2026,"45,794,453",45,"20138294,00"
HMS,24.04.2026,"103,852",4528,"436116006,53"
HMT,24.04.2026,"6,793,604",22,"568154971,70"
HMV,24.04.2026,"1,858,703",13,"15195767851,59"
HNC,24.04.2026,"1,356,567",108,"13746955,74"
HNS,24.04.2026,"46,585,339",109,"489070590,83"
HOA,24.04.2026,"216,012",3356,"1483442638,35"
HOY,24.04.2026,"327,658",2612,"1219469768,33"
HP3,24.04.2026,"53,933,108",135,"300969177,01"
HPC,24.04.2026,"1,202,144",7,"34720840521,42"
HPD,24.04.2026,"212,783",1568,"343287028,56"
HPF,24.04.2026,"39,738,413",12,"1714677532,86"
HPH,24.04.2026,"2,106,183",10670,"11894032230,34"
HPI,24.04.2026,"7,884,292",14,"271330667,08"
HPJ,24.04.2026,"3,723,603",1,"73053576,59"
HPL,24.04.2026,"2,750,789",24,"1247682606,47"
HPO,24.04.2026,"152,874",3039,"1280781020,96"
HPT,24.04.2026,"100,694",10355,"2487563658,85"
HPV,24.04.2026,"6,898,163",342134,"8247810086,48"
HPZ,24.04.2026,"588,528,255",16,"1190592,66"
HRZ,24.04.2026,"2,274,133",7135,"510434844,03"
HSA,24.04.2026,"1,538,351,479",2729,"4116170128,86"
HSL,24.04.2026,"363,869,131",24327,"22422803133,88"
HSP,24.04.2026,"45,086,715",1072,"1939026819,41"
HST,24.04.2026,"926,885",3899,"458985130,84"
HTF,24.04.2026,"1,275,018",524,"7621299241,53"
HTJ,24.04.2026,"1,628,618",148,"8677195,98"
HTS,24.04.2026,"51,504,297",1793,"3103009983,17"
HTZ,24.04.2026,"15,582,643",13,"737407625,69"
HUI,24.04.2026,"87,498,598",1,"2064936803,19"
HUS,24.04.2026,"3,635",12,"2068544,83"
HVA,24.04.2026,"504,587,061",17,"139596533,48"
HVB,24.04.2026,"1,726,672",13,"1982936328,21"
HVC,24.04.2026,"2,622,524",17,"71535399,00"
HVI,24.04.2026,"1,264,051",493,"50106097,29"
HVK,24.04.2026,"5,054,925",2145,"1134308582,65"
HVL,24.04.2026,"20,437,051",11,"2869362,02"
HVN,24.04.2026,"5,392,942",12,"6120832,74"
HVS,24.04.2026,"1,571,269",10937,"2925667633,78"
HVT,24.04.2026,"4,139,728",2110,"839090716,37"
HVU,24.04.2026,"5,370,745",908,"22005609,70"
HVV,24.04.2026,"64,667,432",1,"3279019087,64"
HVZ,24.04.2026,"6,919,234",2077,"105552400,48"
HYK,24.04.2026,"10,119,262",24,"195854263,80"
HYP,24.04.2026,"9,130,717",60,"17219518,33"
HYU,24.04.2026,"1,588,827",299,"1038319064,71"
HYV,24.04.2026,"5,587,524",7722,"7452019303,37"
HYY,24.04.2026,"12,599,841",1,"6217866030,14"
HZV,24.04.2026,"576,563",3,"944378637,45"
IAC,24.04.2026,"4,055,267",1,"2811999454,89"
IAE,24.04.2026,"196,193",513,"239007113,81"
IAF,24.04.2026,"863,772",11,"54890830,49"
IAI,24.04.2026,"6,614,402",1,"75373293,57"
IAM,24.04.2026,"1,601,029",3165,"90903345,41"
IAR,24.04.2026,"72,694,556",28,"164063762,62"
IAS,24.04.2026,"2,172,949",17,"3516573942,47"
IAT,24.04.2026,"176,893",8444,"1612071422,91"
IAU,24.04.2026,"2,379,766",301,"43006295,31"
IAY,24.04.2026,"1,541,921",222,"49959385,37"
IBB,24.04.2026,"14,124,673",8785,"1120936669,76"
IBC,24.04.2026,"17,286,973",5,"370440684,57"
IBE,24.04.2026,"22,998,624",12,"761893706,51"
IBG,24.04.2026,"1,452,573",11,"484787536,61"
IBJ,24.04.2026,"60,749,826",23,"738012766,86"
IBK,24.04.2026,"120,712",122448,"210066810,90"
IBM,24.04.2026,"3,557,869",17,"245366975,32"
IBP,24.04.2026,"64,328,084",4,"4376951472,63"
IBR,24.04.2026,"264,435",71,"1510701549,16"
ICA,24.04.2026,"566,722",3454,"733029684,09"
ICC,24.04.2026,"1,264,269",287,"30649493,48"
ICD,24.04.2026,"121,309,316",212,"41280832,33"
ICE,24.04.2026,"112,832,651",5610,"1997664846,05"
ICF,24.04.2026,"185,554,517",554,"19806645,79"
ICG,24.04.2026,"6,559,098",1,"839114264,91"
ICH,24.04.2026,"2,017,038",1529,"164328136,43"
ICN,24.04.2026,"3,729,574",15,"163161307,01"
ICS,24.04.2026,"47,638,187",69,"44268119,07"
ICV,24.04.2026,"5,523,538",50,"6682603,02"
ICZ,24.04.2026,"7,912,606",22226,"944898748,47"
IDD,24.04.2026,"149,137",25,"31226505,09"
IDF,24.04.2026,"71,681,854",4585,"13353765424,00"
IDH,24.04.2026,"125,136",22515,"1060800269,77"
IDI,24.04.2026,"146,651",366,"19844051,19"
IDL,24.04.2026,"5,316,537",3847,"3131177770,24"
IDO,24.04.2026,"54,851,864",14975,"74480898850,52"
IDP,24.04.2026,"1,940,779",30,"191978550,19"
IDV,24.04.2026,"6,616,006",2,"519792862,90"
IDY,24.04.2026,"214,221",3139,"621691277,71"
IED,24.04.2026,"978,641",558,"13498721,43"
IEN,24.04.2026,"127,944",136,"52595935,35"
IEV,24.04.2026,"4,876,363",3124,"57486535,86"
IEZ,24.04.2026,"5,844,389",3,"117500982,68"
IFD,24.04.2026,"5,610,115",9,"1122023004,52"
IFN,24.04.2026,"9,591,112",482,"5186547,16"
IFV,24.04.2026,"4,137,151",221,"17394711,44"
IFY,24.04.2026,"6,798,398",1,"135967950,71"
IGF,24.04.2026,"63,115,283",2,"1333765167,41"
IGL,24.04.2026,"510,879,961",17800,"4845124751,49"
IGM,24.04.2026,"6,169,893",3,"1178424702,48"
IGZ,24.04.2026,"10,571,666",3,"2126369610,05"
IHA,24.04.2026,"3,185,055",394,"11381171,69"
IHC,24.04.2026,"6,876,245",293,"272763774,78"
IHK,24.04.2026,"17,328,545",33343,"2044524034,91"
IHP,24.04.2026,"1,737,696",343,"193137595,71"
IHT,24.04.2026,"3,784,936",3731,"87779700,62"
IHV,24.04.2026,"1,902,158",33,"332179543,45"
IHY,24.04.2026,"6,595,158",1,"133251268,19"
IHZ,24.04.2026,"1,065,147",58,"1644728,10"
IIA,24.04.2026,"6,859,433",11,"2626004773,38"
IIC,24.04.2026,"3,255,631",12,"183068226,68"
IIE,24.04.2026,"8,423,283",5402,"1137578904,12"
IIF,24.04.2026,"1,306,726",14,"435156745,45"
IIH,24.04.2026,"33,334,141",24582,"2326029737,45"
IIN,24.04.2026,"1,230,965",86,"2259137742,82"
IIP,24.04.2026,"329,241",16,"39661925,44"
IIS,24.04.2026,"96,206,269",202,"3574669972,56"
IJA,24.04.2026,"13,238,851",1352,"214555091,49"
IJB,24.04.2026,"5,949,409",7382,"198847850,50"
IJC,24.04.2026,"13,643,805",22171,"2148594580,53"
IJE,24.04.2026,"63,311,108",4,"33913924,48"
IJF,24.04.2026,"9,672,197",2,"887731005,63"
IJH,24.04.2026,"6,669,107",471,"51469644,89"
IJI,24.04.2026,"9,418,334",26,"65242115,82"
IJK,24.04.2026,"59,635,257",3,"273788448,39"
IJL,24.04.2026,"50,622,446",12,"334978395,36"
IJP,24.04.2026,"7,811,416",13037,"557129151,50"
IJT,24.04.2026,"6,511,116",1497,"425800844,86"
IJV,24.04.2026,"496,243",3134,"3249157069,60"
IJZ,24.04.2026,"10,653,542",11516,"507420421,85"
IK2,24.04.2026,"44,603,688",96,"199802488,58"
IKL,24.04.2026,"8,795,973",5414,"206943716,28"
IKP,24.04.2026,"8,653,774",13127,"942366936,91"
IKV,24.04.2026,"1,356,523",1103,"181349705,38"
ILC,24.04.2026,"47,410,266",223,"1326439014,07"
ILE,24.04.2026,"4,561,134",1,"10153874451,27"
ILH,24.04.2026,"3,518,055",11074,"121963594097,63"
ILI,24.04.2026,"5,152,107",16,"451223748,31"
ILM,24.04.2026,"7,018,824",13,"305672883,96"
ILP,24.04.2026,"58,048,558",6,"2910506224,20"
ILU,24.04.2026,"1,052,425",1,"1667634338,43"
ILZ,24.04.2026,"755,278",7392,"1058430288,76"
IMB,24.04.2026,"12,382",233,"32711358,13"
IMF,24.04.2026,"5,313,306",19,"360081618,17"
IMG,24.04.2026,"4,627,129",144,"924275210,64"
IMH,24.04.2026,"6,226,078",1,"2196605531,69"
IML,24.04.2026,"1,698,035",6484,"1101297878,87"
IMO,24.04.2026,"5,270,993",2,"4526717350,07"
IMS,24.04.2026,"14,589,684",4,"542350332,96"
IMT,24.04.2026,"65,456,736",4,"661602589,07"
IMY,24.04.2026,"69,164,913",6,"1484904771,58"
IMZ,24.04.2026,"68,863,061",4,"285612781,99"
INH,24.04.2026,"13,836,159",508,"360894275,38"
INV,24.04.2026,"42,429,131",1,"1808114318,56"
INZ,24.04.2026,"3,042,028",14,"6085159,51"
IOG,24.04.2026,"15,386,252",23498,"17488451993,73"
IOH,24.04.2026,"48,840,051",30,"125060767,99"
IOJ,24.04.2026,"48,051,093",40,"172328277,28"
IOL,24.04.2026,"62,228,881",1,"890197339,15"
IOM,24.04.2026,"3,948,126",15,"595379995,24"
ION,24.04.2026,"2,845,892",15,"181740960,04"
IOO,24.04.2026,"4,058,624",6543,"29713076158,44"
IOP,24.04.2026,"5,563,015",7400,"7267121354,39"
IOT,24.04.2026,"54,526,099",6,"245505941,17"
IOV,24.04.2026,"53,518,792",1,"530233636,07"
IPA,24.04.2026,"790,691",16,"805077236,88"
IPB,24.04.2026,"846,496",17406,"1250800284,72"
IPC,24.04.2026,"23,452,217",1,"13485024,58"
IPE,24.04.2026,"9,147,643",3,"3811052409,23"
IPF,24.04.2026,"113,133",22,"142038347,34"
IPG,24.04.2026,"9,041,761",1946,"350582374,34"
IPJ,24.04.2026,"18,977,853",17835,"1238183067,25"
IPK,24.04.2026,"49,185,908",1,"2941220427,04"
IPO,24.04.2026,"4,305,229",1,"517766605,39"
IPP,24.04.2026,"167,447",186,"6440830822,50"
IPR,24.04.2026,"31,608,825",1,"19439427,54"
IPU,24.04.2026,"44,074,591",1,"5141901391,55"
IPV,24.04.2026,"72,897,478",12345,"1971122811,43"
IRB,24.04.2026,"1,160,723",882,"861960866,08"
IRE,24.04.2026,"44,729,948",65,"113045462,68"
IRF,24.04.2026,"6,315,801",1618,"350137753,46"
IRL,24.04.2026,"16,220,424",15,"245994048,16"
IRO,24.04.2026,"1,793,692",47,"21352588,56"
IRT,24.04.2026,"6,519,527",1498,"111158847,61"
IRV,24.04.2026,"6,261,499",40,"294263886,99"
IRY,24.04.2026,"3,509,802",2439,"2209811697,11"
ISR,24.04.2026,"18,195,156",8,"943466680,03"
ISS,24.04.2026,"276,853",7,"214758846,74"
IST,24.04.2026,"17,111",3219,"2017513293,46"
ITA,24.04.2026,"67,796,082",1,"760762412,45"
ITC,24.04.2026,"124,754",351,"24836927,94"
ITD,24.04.2026,"6,349,182",1,"2349214618,39"
ITJ,24.04.2026,"10,540,428",11,"416897693,54"
ITL,24.04.2026,"3,977,399",1,"4081877737,39"
ITP,24.04.2026,"10,983,352",10643,"960573338,71"
ITR,24.04.2026,"3,915,333",1,"1027258277,25"
ITV,24.04.2026,"45,024,439",25,"164211965,74"
ITZ,24.04.2026,"56,035,413",3,"1741828719,66"
IUA,24.04.2026,"63,502,076",57,"433752262,98"
IUB,24.04.2026,"66,600,871",3,"320663880,13"
IUC,24.04.2026,"1,916,648",1,"930251936,81"
IUF,24.04.2026,"64,070,958",8268,"23024618556,65"
IUH,24.04.2026,"5,241,557",651,"8597876,35"
IUM,24.04.2026,"62,336,413",1,"378728495,04"
IUN,24.04.2026,"70,946,125",4,"278244743,15"
IUV,24.04.2026,"62,700,844",7057,"23076646144,93"
IUZ,24.04.2026,"4,194,512",1138,"1239619176,42"
IV2,24.04.2026,"17,925,935",14,"1097766112,14"
IV6,24.04.2026,"60,376,322",1,"1510500247,32"
IV7,24.04.2026,"4,474,909",1,"489128573,96"
IV8,24.04.2026,"2,060,799",131,"29419229,79"
IVA,24.04.2026,"2,544,867",3,"127243325,91"
IVF,24.04.2026,"6,220,909",1335,"173951484,63"
IVS,24.04.2026,"537,673",30,"446552665,81"
IVY,24.04.2026,"526,825",14964,"803821974,47"
IYB,24.04.2026,"5,769,048",514,"112122299,68"
IYP,24.04.2026,"3,142,041",2,"2408792587,43"
IYR,24.04.2026,"129,718",32,"215584341,52"
IYS,24.04.2026,"1,302,262",16,"5692231275,68"
IYV,24.04.2026,"1,145,422",74,"217548097,93"
IZA,24.04.2026,"198,808",1,"494762771,56"
IZB,24.04.2026,"8,997,447",32,"55245028,76"
IZE,24.04.2026,"60,553,587",1,"252721182,85"
IZL,24.04.2026,"48,592,401",21,"88938336,66"
IZS,24.04.2026,"8,550,195",14,"55832771,21"
IZV,24.04.2026,"9,132,523",2,"99997990,16"
IZY,24.04.2026,"44,942,722",32,"50621279,92"
JET,24.04.2026,"2,201,508",20043,"881133316,84"
JOT,24.04.2026,"54,191,238",1,"1068088109,06"
JUP,24.04.2026,"502,214",58,"53625055,07"
KAC,24.04.2026,"3,454,811",2076,"16951379955,93"
KAN,24.04.2026,"6,951,065,504",36,"4900820929,03"
KAV,24.04.2026,"54,457,808",5913,"19326047237,33"
KBJ,24.04.2026,"4,081,752",119,"763974178,76"
KBP,24.04.2026,"1,568,063",6,"370568102,20"
KBZ,24.04.2026,"48,568,783",1,"150295710,11"
KCL,24.04.2026,"1,678,506",205,"15606130,39"
KCV,24.04.2026,"468,195",11649,"2099417597,43"
KDE,24.04.2026,"1,558,357",1967,"537929040,37"
KDI,24.04.2026,"52,924,603",10,"352165283,44"
KDK,24.04.2026,"14,466,193",1,"723309,66"
KDL,24.04.2026,"48,927,957",7291,"25550368733,64"
KDO,24.04.2026,"53,239,476",424,"1693160695,30"
KDS,24.04.2026,"50,577,001",1368,"32997425102,88"
KDT,24.04.2026,"505,104",1133,"3200741030,01"
KDV,24.04.2026,"45,113,557",165,"11674689553,97"
KDZ,24.04.2026,"45,734,916",820,"5411749692,64"
KEI,24.04.2026,"1,696,485",1,"304719728,54"
KEO,24.04.2026,"1,606,415",1,"63360877,45"
KEU,24.04.2026,"50,055,526",34,"4475976927,57"
KFZ,24.04.2026,"3,944,653",1,"325859645,99"
KGM,24.04.2026,"3,282,295",30977,"3834612543,24"
KH1,24.04.2026,"1,256,361",824,"82528946,32"
KHA,24.04.2026,"3,389,817",18630,"1827903270,58"
KHB,24.04.2026,"1,519,575",216,"17760072,85"
KHC,24.04.2026,"2,099,793",1633,"115932137,05"
KHD,24.04.2026,"1,297,249",14,"650884964,16"
KHF,24.04.2026,"147,303",13,"1103929,55"
KHJ,24.04.2026,"1,197,996",517,"15575537,58"
KHP,24.04.2026,"1,013,807",213,"5217042471,05"
KHT,24.04.2026,"2,744,063",362,"21036656,52"
KHU,24.04.2026,"35,457,304",1,"3386810,72"
KIA,24.04.2026,"4,448,171",425,"9333143,42"
KIB,24.04.2026,"3,897,574",1010,"11442664,08"
KIE,24.04.2026,"4,057,196",916,"207580278,55"
KIH,24.04.2026,"1,371,924",33,"53246418,78"
KIK,24.04.2026,"1,349,041",1148,"165065551,88"
KIS,24.04.2026,"208,107",835,"92661440,83"
KJK,24.04.2026,"2,125",1,"274442,70"
KKB,24.04.2026,"59,638,455",1,"14613866,68"
KKC,24.04.2026,"54,255,569",61,"166910095,81"
KKE,24.04.2026,"48,203,092",2,"83236135,41"
KKH,24.04.2026,"634,683",5544,"538060582,94"
KKL,24.04.2026,"2,157,094",1266,"2738139643,78"
KKO,24.04.2026,"45,583,773",263,"2124128862,37"
KKP,24.04.2026,"4,622,107",319,"3755182090,42"
KKT,24.04.2026,"2,749,067",35,"1900662417,27"
KLH,24.04.2026,"25,101",2411,"119927946,71"
KLI,24.04.2026,"115,337",94,"479453108,28"
KLL,24.04.2026,"54,251,867",1,"10653439,18"
KLM,24.04.2026,"62,129,228",1,"924301251,78"
KLS,24.04.2026,"41,062,804",2,"1008830,96"
KLU,24.04.2026,"4,271,442",87627,"64657677813,80"
KMA,24.04.2026,"15,847,809",1,"11857013,75"
KME,24.04.2026,"1,477,567",1048,"179465132,44"
KMF,24.04.2026,"3,516,601",2698,"2223151760,10"
KMN,24.04.2026,"1,010,372",4964,"614503063,72"
KMT,24.04.2026,"3,568,418",1,"88444565,79"
KNC,24.04.2026,"62,606,747",16,"344390134,27"
KNI,24.04.2026,"1,218,081",399,"12036208933,47"
KNJ,24.04.2026,"186,884",12794,"889723690,71"
KNN,24.04.2026,"1,323,497",18,"568270625,57"
KNP,24.04.2026,"76,687,676",2,"223570648,46"
KNS,24.04.2026,"3,936,597",1,"4437298675,59"
KNT,24.04.2026,"56,107,294",4,"160811471,38"
KNV,24.04.2026,"66,256,576",5,"297514554,93"
KNZ,24.04.2026,"66,137,297",1,"974652845,67"
KO4,24.04.2026,"52,789,747",880,"4449647811,35"
KOB,24.04.2026,"1,246,386",16,"420276169,46"
KOP,24.04.2026,"7,411,271",14,"15200516,44"
KOT,24.04.2026,"1,415,522",4654,"200640969,15"
KOZ,24.04.2026,"60,142,709",4,"67265831,53"
KP3,24.04.2026,"50,792,591",15,"14589816,09"
KPA,24.04.2026,"1,493,357",11876,"334356491,65"
KPB,24.04.2026,"6,169,605",1,"4944494,28"
KPC,24.04.2026,"19,477,315",20518,"3524169127,57"
KPD,24.04.2026,"46,157,463",576,"249015587,76"
KPF,24.04.2026,"1,551,261",200,"94072984,84"
KPH,24.04.2026,"1,357,686",13282,"680714536,59"
KPI,24.04.2026,"1,299,102",3737,"3164495154,33"
KPK,24.04.2026,"9,407,589",1,"435126129,09"
KPP,24.04.2026,"2,783,354",764,"689972342,96"
KPR,24.04.2026,"1,653,037",1192,"50544813578,53"
KPU,24.04.2026,"3,726,777",6093,"561307629,09"
KRC,24.04.2026,"133,019",156,"28367324,76"
KRF,24.04.2026,"19,425,279",727,"128209424,34"
KRH,24.04.2026,"1,353,882",42,"1764284826,52"
KRO,24.04.2026,"45,054,654",60,"288331856,78"
KRR,24.04.2026,"1,103,578",562,"22322205,62"
KRS,24.04.2026,"485,766",1410,"1637747651,62"
KRT,24.04.2026,"691,518",173,"791598287,10"
KRV,24.04.2026,"44,981,058",1048,"5334303627,78"
KSA,24.04.2026,"3,593,854",2759,"11620064154,58"
KSC,24.04.2026,"45,959,366",1,"45166796,69"
KSK,24.04.2026,"2,577,556",618,"5892727675,85"
KSL,24.04.2026,"53,416,306",120,"263013612,34"
KSM,24.04.2026,"47,871,206",756,"15199069415,29"
KSP,24.04.2026,"60,658,334",278,"1134917437,43"
KSR,24.04.2026,"4,697,839",3742,"167497890,72"
KST,24.04.2026,"1,955,977",560,"13477667,32"
KSV,24.04.2026,"5,098,183",11231,"30371958787,59"
KSY,24.04.2026,"9,695,313",83,"3097455910,65"
KTE,24.04.2026,"41,492,884",1,"100164071,64"
KTI,24.04.2026,"1,897,453",541,"217641160,92"
KTJ,24.04.2026,"2,108,041",12367,"724957850,36"
KTM,24.04.2026,"20,008,647",5840,"708562303,81"
KTN,24.04.2026,"7,387,218",3912,"478458266,19"
KTR,24.04.2026,"9,424,724",721,"21918735238,28"
KTS,24.04.2026,"13,521,273",702,"100370058,44"
KTT,24.04.2026,"65,612,342",1407,"5389763167,21"
KTU,24.04.2026,"26,440,158",1,"695008217,27"
KTV,24.04.2026,"6,844,071",45598,"26822343998,36"
KU3,24.04.2026,"1,000,854",681,"50066995,46"
KUA,24.04.2026,"1,394,353",2207,"158286709,26"
KUB,24.04.2026,"691,484",4131,"327753090,02"
KUD,24.04.2026,"1,519,125",973,"68329483,39"
KUP,24.04.2026,"46,739,361",132,"1641512967,47"
KUT,24.04.2026,"12,781,352",46491,"9839348718,56"
KVA,24.04.2026,"1,558,132",1,"571945004,78"
KVK,24.04.2026,"1,147,314",151,"487975046,92"
KVR,24.04.2026,"1,141,429",43,"147082330,38"
KVS,24.04.2026,"3,337,185",2386,"17285783857,11"
KVT,24.04.2026,"137,099",2984,"124596946,16"
KYA,24.04.2026,"1,269,906",1943,"82507104,63"
KYR,24.04.2026,"820,329",11,"522503680,11"
KYS,24.04.2026,"50,166,337",4,"10279082,53"
KZL,24.04.2026,"28,671,352",69219,"87274939922,81"
KZO,24.04.2026,"1,986,733",3,"1029234958,89"
KZU,24.04.2026,"2,421,728",6533,"509710926,24"
LAI,24.04.2026,"183,639",11,"94930,35"
LET,24.04.2026,"52,045,365",2,"705857455,56"
LFD,24.04.2026,"8,295,681",1,"2361181323,95"
LGK,24.04.2026,"1,263,707",1,"1473537031,48"
LGO,24.04.2026,"6,100,866",12,"333251948,56"
LHM,24.04.2026,"76,962,836",4,"725485628,21"
LHP,24.04.2026,"53,281,668",103,"92607961,64"
LKT,24.04.2026,"1,662,648",279,"93559177,99"
LLA,24.04.2026,"1,351,465",1027,"53558042,83"
LPH,24.04.2026,"1,262,714",850,"663644378,23"
LRT,24.04.2026,"3,258,827",11,"755009105,32"
LTC,24.04.2026,"1,444,694",397,"201486828,02"
LTS,24.04.2026,"404,988",14,"1564610751,24"
LZV,24.04.2026,"9,538,987",2,"108487610,26"
MAC,24.04.2026,"765,698",38785,"4836141892,16"
MAD,24.04.2026,"1,027,837",399,"23871575,62"
MAS,24.04.2026,"13,143,803",89,"912978628,61"
MAV,24.04.2026,"5,539,826",1,"875215777,67"
MBL,24.04.2026,"254,741",223,"21215223,43"
MBR,24.04.2026,"1,508,153",224,"123303741,35"
MCU,24.04.2026,"1,239,241",159,"24978871,62"
MD1,24.04.2026,"1,986,548",621,"64976994,64"
MD2,24.04.2026,"1,892,338",729,"171199517,56"
MDF,24.04.2026,"1,285,503",1418,"836569435,45"
MET,24.04.2026,"53,343",6901,"705881055,03"
MGB,24.04.2026,"1,390,244",559,"72085042,42"
MGD,24.04.2026,"860,143",1,"578102735,50"
MGE,24.04.2026,"8,944,435",69,"5097504998,10"
MGH,24.04.2026,"2,031,267",865,"639817015,89"
MHF,24.04.2026,"1,970,023",1382,"75111141,15"
MIK,24.04.2026,"3,318,809",12,"1062121,74"
MJB,24.04.2026,"7,281,652",829,"64563254,41"
MJE,24.04.2026,"54,601,549",941,"6538443143,26"
MJG,24.04.2026,"12,199,027",8689,"1209322148,80"
MJH,24.04.2026,"4,528,624",18,"41728087,88"
MJK,24.04.2026,"36,024,742",490,"2277538640,26"
MJL,24.04.2026,"57,726,957",633,"900725135,30"
MKA,24.04.2026,"1,331,112",1873,"102253470,97"
MKG,24.04.2026,"17,827,972",9301,"1631369622,46"
MKL,24.04.2026,"58,236,646",1,"751579848,10"
MLS,24.04.2026,"16,526,331",4,"1235538790,04"
MLT,24.04.2026,"134,048",150,"39862998,54"
MMH,24.04.2026,"16,734,041",1604,"181439377,05"
MOD,24.04.2026,"56,362,394",2,"703362432,62"
MOZ,24.04.2026,"1,173,304",140,"271023020,84"
MP2,24.04.2026,"1,827,205",13,"4844476243,70"
MP4,24.04.2026,"2,630,191",15,"5162203068,91"
MPD,24.04.2026,"5,629,624",787,"3970676576,21"
MPE,24.04.2026,"127,596",86,"89680372,01"
MPF,24.04.2026,"7,378,665",1939,"1490115667,39"
MPI,24.04.2026,"2,742,245",22,"80082125,49"
MPK,24.04.2026,"8,773,882",1474,"279487126,06"
MPL,24.04.2026,"1,818,165",1440,"2125596839,12"
MPN,24.04.2026,"57,573",330,"364959275,58"
MPP,24.04.2026,"22,256,219",1802,"619311884,82"
MPS,24.04.2026,"23,770,475",2664,"161822815,89"
MRI,24.04.2026,"1,287,521",141,"14577965,05"
MSK,24.04.2026,"348,279",1,"1044555646,31"
MSO,24.04.2026,"54,530,434",1,"531419799,84"
MSR,24.04.2026,"2,016,912",16,"37137683,01"
MT1,24.04.2026,"42,528,685",21,"34160187,80"
MT2,24.04.2026,"1,218,811",4755,"10950080746,06"
MT5,24.04.2026,"1,321,519",18,"488636307,65"
MT6,24.04.2026,"2,067,515",13,"991803294,05"
MT7,24.04.2026,"666,201",15,"86949148,63"
MT8,24.04.2026,"1,794,146",16,"2725855395,02"
MT9,24.04.2026,"66,954",17,"7504674124,37"
MTD,24.04.2026,"1,371,305",1974,"186095004,72"
MTE,24.04.2026,"4,824,726",17,"591130344,94"
MTF,24.04.2026,"1,278,299",41,"63420911,90"
MTG,24.04.2026,"1,457,189",145,"38561161,66"
MTH,24.04.2026,"1,902,317",4979,"756585669,91"
MTI,24.04.2026,"17,243",2,"2062264,12"
MTK,24.04.2026,"1,499,039",499,"49610027,08"
MTL,24.04.2026,"3,067,541",14,"8034276457,73"
MTS,24.04.2026,"2,694,336",762,"94702151,37"
MTU,24.04.2026,"121,498",18,"1200497,45"
MTV,24.04.2026,"4,864,413",12987,"128586346,13"
MTX,24.04.2026,"4,670,372",2270,"103205827,01"
MUL,24.04.2026,"17,875",13,"9229144,89"
MUT,24.04.2026,"1,743,279",1778,"928273809,47"
NAK,24.04.2026,"1,097,692",181,"141871525,20"
NAL,24.04.2026,"1,837,901",23,"1383891185,00"
NAU,24.04.2026,"3,219,272",12537,"3073861700,91"
NBE,24.04.2026,"1,587,336",11,"1001740054,18"
NBH,24.04.2026,"5,866,518",146,"1022754265,37"
NBO,24.04.2026,"1,327,607",411,"1560598827,23"
NBZ,24.04.2026,"67,093,662",285,"1350740735,43"
NCS,24.04.2026,"53,201,434",1852,"7769221293,51"
NCU,24.04.2026,"56,354,049",12,"136477391,21"
NDL,24.04.2026,"2,068,026",1,"11661833,15"
NDS,24.04.2026,"855,444",12,"514932920,76"
NES,24.04.2026,"202,685",2,"2024832125,85"
NFF,24.04.2026,"120,715",50,"1803753163,04"
NFH,24.04.2026,"2,063,029",51,"124761124,13"
NFK,24.04.2026,"4,613,485",97,"1516279639,39"
NHP,24.04.2026,"5,311,923",170,"11933953,03"
NHT,24.04.2026,"59,481,944",2,"589773942,97"
NHV,24.04.2026,"4,096,515",2,"7549693504,36"
NHY,24.04.2026,"5,505,738",2499,"169414439,42"
NIG,24.04.2026,"1,003,122",12,"253611446,50"
NIS,24.04.2026,"1,513,879",25,"947427712,17"
NJF,24.04.2026,"12,587,051",1757,"1322301228,05"
NJG,24.04.2026,"2,696,852",15,"66100379,80"
NJR,24.04.2026,"5,072,912",2828,"1258188887,09"
NJY,24.04.2026,"6,639,978",1352,"294586927,96"
NKA,24.04.2026,"46,026,401",15,"156832199,40"
NKC,24.04.2026,"1,260,167",1308,"492121144,57"
NKH,24.04.2026,"1,537,217",12,"142752029,27"
NKJ,24.04.2026,"14,994,283",1,"1538989850,03"
NKK,24.04.2026,"7,807,169",11,"1490431369,08"
NKL,24.04.2026,"3,118,473",2579,"17094510992,28"
NKM,24.04.2026,"1,000,353",574,"51973515,63"
NKP,24.04.2026,"1,164,679",3161,"166856488,90"
NKS,24.04.2026,"1,801,762",11,"24323971,74"
NKT,24.04.2026,"1,340,213",420,"55160037,47"
NKV,24.04.2026,"2,034,296",1,"13187763725,83"
NLC,24.04.2026,"47,335,643",14,"141056523,14"
NLD,24.04.2026,"50,530,386",1,"1323988742,66"
NLE,24.04.2026,"1,433,729",11604,"412442238,25"
NLK,24.04.2026,"1,652,665",1155,"5091396372,74"
NLL,24.04.2026,"3,776,323",23,"1530145261,46"
NME,24.04.2026,"54,530,415",64,"71802378,31"
NMG,24.04.2026,"11,975,243",10,"2704153208,26"
NMU,24.04.2026,"1,097,062",52,"28002689,48"
NNF,24.04.2026,"22,372,709",22385,"3129975574,44"
NOA,24.04.2026,"1,438,167",11,"547399408,99"
NOI,24.04.2026,"1,295,543",13,"904889422,88"
NOV,24.04.2026,"58,299,013",1,"823294515,47"
NP1,24.04.2026,"4,770,292",166,"1427055710,25"
NPH,24.04.2026,"1,709,976",1008,"289177862,58"
NPK,24.04.2026,"1,475,558",1,"875052420,32"
NRC,24.04.2026,"11,333,841",4178,"243290779,49"
NRG,24.04.2026,"4,911,015",3815,"6447528635,09"
NRM,24.04.2026,"136,101,086",12,"352347609,00"
NSA,24.04.2026,"2,243,469",303,"1445902513,92"
NSD,24.04.2026,"59,840,039",136,"13437904847,55"
NSH,24.04.2026,"1,937,665",1464,"1411496659,23"
NSK,24.04.2026,"5,934,523",105,"376357418,24"
NSP,24.04.2026,"1,624,752",2660,"1590872964,12"
NSS,24.04.2026,"59,181,795",1,"1018063463,37"
NST,24.04.2026,"121,081",4447,"85417290,68"
NSY,24.04.2026,"1,302,233",76,"1107803361,57"
NTB,24.04.2026,"5,713,199",1,"3147768270,43"
NTD,24.04.2026,"438,065",1,"593763956,58"
NTF,24.04.2026,"2,788,532",10,"228840202,02"
NTI,24.04.2026,"1,316,374",573,"126540294,69"
NTO,24.04.2026,"60,674,772",1,"3285203131,97"
NTS,24.04.2026,"2,717,163",33,"200162374,47"
NUB,24.04.2026,"56,369,557",874,"1982967952,45"
NUG,24.04.2026,"45,732,965",11,"3048401597,60"
NUH,24.04.2026,"1,232,409",879,"89252991,70"
NVB,24.04.2026,"4,255,124",5261,"5779952133,94"
NVC,24.04.2026,"4,559,022",103,"11915228,28"
NVK,24.04.2026,"43,387,608",18,"38745350,86"
NVP,24.04.2026,"63,581,394",1,"56974905,53"
NVT,24.04.2026,"4,118,974",74,"607474479,01"
NVZ,24.04.2026,"54,478,463",310,"676900839,44"
NYH,24.04.2026,"57,567,484",1,"989575496,78"
NZH,24.04.2026,"3,195,993",292,"240739350,21"
NZT,24.04.2026,"5,350,291",458,"6251975222,82"
NZU,24.04.2026,"4,725,517",38,"51523067,83"
OAB,24.04.2026,"71,405,611",3,"627200754,39"
OBI,24.04.2026,"2,826,919",510,"273863159,84"
OBN,24.04.2026,"54,296,668",137,"156893263,06"
OBP,24.04.2026,"189,351",866,"35327026,46"
OBR,24.04.2026,"50,005,486",11469,"47827589604,96"
OCM,24.04.2026,"64,112,878",2,"468057800,31"
OCN,24.04.2026,"46,921,396",4,"109829146,48"
OCT,24.04.2026,"68,280,462",5,"440040537,00"
ODD,24.04.2026,"10,041,369",34,"428119345,27"
ODG,24.04.2026,"1,036,584",27,"26946470,77"
ODN,24.04.2026,"525,729",172,"165849938,58"
ODP,24.04.2026,"6,025,308",122,"217419793,50"
ODS,24.04.2026,"65,822,865",131,"123297285,28"
ODV,24.04.2026,"19,510,815",4306,"1703414940,32"
OFA,24.04.2026,"54,412,917",145,"243454218,50"
OFB,24.04.2026,"10,011,926",13,"905429803,03"
OFI,24.04.2026,"3,817,475",729,"151112583,62"
OFK,24.04.2026,"48,386,355",291,"1117127660,38"
OFO,24.04.2026,"6,439,396",1,"2022859224,39"
OFS,24.04.2026,"7,829,799",508,"183246338,11"
OGD,24.04.2026,"11,873,477",3412,"835195032,29"
OGF,24.04.2026,"8,307,806",444,"125740474,18"
OGV,24.04.2026,"66,845,111",1,"305659296,22"
OHB,24.04.2026,"23,780,539",1159,"1506346132,37"
OHI,24.04.2026,"24,258",46,"62608672,58"
OHK,24.04.2026,"2,589,982",1161,"27859496,65"
OIL,24.04.2026,"3,949,074",685,"45867521,88"
OIR,24.04.2026,"4,667,153",269,"26587819,34"
OIS,24.04.2026,"3,142,748",2,"599145760,48"
OJB,24.04.2026,"49,401,021",7476,"28736878419,15"
OJH,24.04.2026,"9,737,884",30,"27661354,39"
OJK,24.04.2026,"1,356,943",30650,"51240408043,08"
OJT,24.04.2026,"10,755,445",11144,"3245279991,73"
OJU,24.04.2026,"63,516,213",2,"53814301,93"
OJY,24.04.2026,"74,007,434",6,"2715207750,19"
OKD,24.04.2026,"573,716",1069,"88986020,91"
OKF,24.04.2026,"4,179,437",12,"7410034003,37"
OKP,24.04.2026,"5,720,028",450,"73214153,06"
OKT,24.04.2026,"144,478",869,"109258965,08"
OLA,24.04.2026,"51,600,982",33,"19728035,32"
OLD,24.04.2026,"3,115,451",6019,"154748375,84"
OLE,24.04.2026,"4,455,831",508,"304067279,13"
OMB,24.04.2026,"59,204,373",3,"182150898,40"
OMC,24.04.2026,"67,102,651",2,"391160410,68"
OME,24.04.2026,"22,665,385",69,"77425294,12"
OMG,24.04.2026,"173,567",696,"1246228398,66"
ONB,24.04.2026,"48,562,585",583,"5725564319,55"
OND,24.04.2026,"44,877,357",636,"3315987944,51"
ONE,24.04.2026,"1,492,906",786,"40483178,81"
ONF,24.04.2026,"61,190,273",615,"2527601615,70"
ONK,24.04.2026,"56,745,224",22334,"74668866816,15"
ONN,24.04.2026,"5,725,665",826,"1751283123,34"
ONS,24.04.2026,"50,114,423",23162,"153682769503,18"
ONT,24.04.2026,"49,016,306",421,"5635106602,92"
ONY,24.04.2026,"61,854,551",746,"2209753649,38"
OPB,24.04.2026,"12,365,084",436,"46726328,19"
OPD,24.04.2026,"7,548,926",21,"60059719,50"
OPF,24.04.2026,"2,742,757",949,"295305119,84"
OPH,24.04.2026,"24,507,535",2723,"818935614,65"
OPI,24.04.2026,"23,590,633",1489,"231698679,59"
OPJ,24.04.2026,"1,489,523",2425,"947362495,65"
OPL,24.04.2026,"9,298,326",987,"103871619,58"
OPZ,24.04.2026,"5,213,744",1,"652536472,50"
ORC,24.04.2026,"144,387",47,"1153476024,51"
ORI,24.04.2026,"56,484,786",5,"1551953946,84"
OSD,24.04.2026,"12,501,151",947,"597886317,03"
OSF,24.04.2026,"98,109,347",17,"5776265490,72"
OSH,24.04.2026,"520,601",17,"58722867,90"
OSL,24.04.2026,"137,711",4384,"1157857063,62"
OSN,24.04.2026,"1,413,682",122,"41010262,43"
OTE,24.04.2026,"62,504,252",2,"189109365,25"
OTF,24.04.2026,"6,157,919",1830,"725113812,90"
OTJ,24.04.2026,"7,678,504",27374,"4001621035,61"
OTK,24.04.2026,"74,815",62,"3920896,83"
OTM,24.04.2026,"1,332,298",103,"14188223,41"
OTZ,24.04.2026,"65,423,548",4,"292587649,27"
OUB,24.04.2026,"6,204,629",14,"775335032,43"
OUD,24.04.2026,"6,210,577",128,"125765612,69"
OUN,24.04.2026,"50,175,185",210,"177169431,33"
OUR,24.04.2026,"78,444,247",11,"29609330,30"
OUY,24.04.2026,"61,764,076",2,"1572030689,59"
OVD,24.04.2026,"3,186,989",3229,"819127764,34"
OVR,24.04.2026,"65,338,155",1,"466053991,25"
OVT,24.04.2026,"76,508,248",1,"719842003,20"
OYL,24.04.2026,"142,824",9111,"3604704104,55"
OYS,24.04.2026,"8,983,071",11,"16346726508,80"
OYT,24.04.2026,"121,246",74,"1850176256,18"
OZC,24.04.2026,"2,850,516",1,"1032229534,12"
P1A,24.04.2026,"1,328,297",293,"950913360,94"
PAB,24.04.2026,"1,233,303",415,"80392588,81"
PAC,24.04.2026,"332,224",1,"851381345,10"
PAF,24.04.2026,"3,631,212",4088,"367790313,08"
PAI,24.04.2026,"6,265,901",715,"880325241,87"
PAL,24.04.2026,"52,814,857",33063,"167272962968,58"
PAO,24.04.2026,"1,367,685",357,"13682550,93"
PAU,24.04.2026,"62,876,626",3841,"10515672026,42"
PBE,24.04.2026,"384,517",11,"35463917,64"
PBF,24.04.2026,"1,852,657",2,"2523749340,40"
PBH,24.04.2026,"1,473,751",12,"3518919564,45"
PBI,24.04.2026,"2,032,962",315,"97591000,05"
PBK,24.04.2026,"54,863,313",142,"134483915,08"
PBN,24.04.2026,"1,363,485",961,"492900241,84"
PBR,24.04.2026,"3,767,848",32425,"12917381002,60"
PBS,24.04.2026,"64,536,359",22,"355619213,87"
PBY,24.04.2026,"2,804,957",56,"214589704,12"
PCE,24.04.2026,"1,153,769",209,"222150804,18"
PCH,24.04.2026,"3,532,175",57,"863464651,64"
PCN,24.04.2026,"60,546,502",13,"521496045,36"
PCS,24.04.2026,"4,108,951",39,"34267554160,42"
PDC,24.04.2026,"648,684",13,"952375352,28"
PDD,24.04.2026,"535,601",197,"966898658,31"
PDE,24.04.2026,"1,210,536",13,"12457373227,29"
PDF,24.04.2026,"56,004,831",62,"461111517,98"
PDG,24.04.2026,"169,928",12,"839618356,97"
PDH,24.04.2026,"16,476,295",79,"5531545545,08"
PDS,24.04.2026,"284,271",43,"694909972,10"
PEA,24.04.2026,"1,499,531",97,"74914180,46"
PFO,24.04.2026,"2,245,878",326,"76913500,18"
PFS,24.04.2026,"2,664,707",106,"22430763,51"
PGD,24.04.2026,"1,573,908",101,"140280616,11"
PGE,24.04.2026,"13,159,067",46,"5314057741,66"
PGH,24.04.2026,"6,891,977",12,"9142867896,39"
PGS,24.04.2026,"1,231,428",539,"197409011,04"
PHB,24.04.2026,"1,451,114",13,"558129198,81"
PHE,24.04.2026,"282,182",87891,"35833877736,48"
PHF,24.04.2026,"917,671",12,"269810566,34"
PHI,24.04.2026,"1,497,458",123,"68431983,85"
PHK,24.04.2026,"145,327",214,"73418981,34"
PHN,24.04.2026,"532,138,076",15,"13083684734,95"
PHS,24.04.2026,"4,153,055",20,"374223817,87"
PHY,24.04.2026,"812,002",46,"1118227952,12"
PID,24.04.2026,"1,677,982",92,"51906609,92"
PIL,24.04.2026,"3,962,441",8222,"524451530,65"
PIP,24.04.2026,"148,258",470,"42110546488,58"
PIR,24.04.2026,"1,719,979",1301,"214114579,83"
PIS,24.04.2026,"1,266,879",293,"1591498754,79"
PJL,24.04.2026,"4,588,056",3247,"1507725269,85"
PJP,24.04.2026,"46,242,648",15,"369616562,79"
PKD,24.04.2026,"857,507",54,"13941924,81"
PKF,24.04.2026,"4,836,352",1750,"626639791,95"
PKH,24.04.2026,"899,955",11,"98411577,78"
PKL,24.04.2026,"2,219,541",14,"5627389451,87"
PKN,24.04.2026,"1,903,332",15,"251400113,54"
PKP,24.04.2026,"1,106,514",68,"427383973,83"
PKR,24.04.2026,"1,379,232",160,"618253025,99"
PKT,24.04.2026,"1,402,021",684,"9164647330,33"
PKU,24.04.2026,"6,786,522",46,"5727034651,80"
PKV,24.04.2026,"1,780,591",3693,"17572843136,08"
PKZ,24.04.2026,"765,799",13,"48153879571,35"
PLA,24.04.2026,"111,834",114,"2671822,30"
PLR,24.04.2026,"1,468,681",758,"601259942,22"
PLS,24.04.2026,"25,505,804",8,"902359813,54"
PMG,24.04.2026,"1,576,514",1,"1378948233,12"
PMH,24.04.2026,"15,948",44,"15264410,96"
PMP,24.04.2026,"1,204,266",805,"48178850,16"
PNU,24.04.2026,"1,058,095",1223,"6503622803,42"
PO7,24.04.2026,"934,317",44,"2669963201,57"
PO8,24.04.2026,"3,505,515",51,"411118616,23"
PO9,24.04.2026,"855,711",153,"13283112,19"
POB,24.04.2026,"4,797,153",46,"4950999172,95"
POD,24.04.2026,"63,834,848",1423,"4552894189,76"
POF,24.04.2026,"681,654",46,"5962952139,32"
POH,24.04.2026,"1,132,345",4,"1937872322,40"
POI,24.04.2026,"103,801",43,"259939862,65"
POS,24.04.2026,"1,187,056",569,"58657848,37"
POU,24.04.2026,"2,320,185",75,"6552059381,45"
PP1,24.04.2026,"1,677,696",376,"46277350,93"
PPB,24.04.2026,"1,025,512",1861,"411606439,60"
PPD,24.04.2026,"33,371,271",104,"2075826698,90"
PPE,24.04.2026,"58,383,602",75,"772874994,75"
PPF,24.04.2026,"4,579,373",22,"492563488,41"
PPG,24.04.2026,"1,285,086",999,"878025309,33"
PPH,24.04.2026,"1,640,595",3559,"108266663,58"
PPI,24.04.2026,"2,019,908",3140,"7353421510,49"
PPJ,24.04.2026,"1,624,843",6527,"54471677528,91"
PPK,24.04.2026,"1,985,332",2739,"5546136878,82"
PPM,24.04.2026,"1,938,215",215,"291957922,51"
PPN,24.04.2026,"5,066,415",15098,"12453411406,17"
PPO,24.04.2026,"1,578,868",45,"96608941,79"
PPP,24.04.2026,"2,753,371",390,"4358721614,07"
PPS,24.04.2026,"4,183,286",6297,"2106178057,07"
PPT,24.04.2026,"2,850,086",3669,"2007499385,94"
PPU,24.04.2026,"2,177,463",45,"290967053,52"
PPV,24.04.2026,"101,176",28,"103677011,19"
PPZ,24.04.2026,"5,804,361",8034,"13181909281,69"
PRD,24.04.2026,"2,048,067",639,"428756501,31"
PRF,24.04.2026,"5,901,121",2,"161989017,04"
PRH,24.04.2026,"19,292",383,"614052636,12"
PRR,24.04.2026,"1,176,867",117,"430888950,70"
PRU,24.04.2026,"3,148,316",1551,"3012285080,33"
PRV,24.04.2026,"1,184,066",83,"2487940639,89"
PRY,24.04.2026,"2,720,292",37523,"74281569389,06"
PRZ,24.04.2026,"0,00",0,"13368,70"
PSD,24.04.2026,"49,980,901",1,"2547134948,39"
PSE,24.04.2026,"1,613,082",6386,"18897127957,28"
PSG,24.04.2026,"8,843,419",15,"146137851,92"
PSH,24.04.2026,"1,018,425",99,"15457805,63"
PSL,24.04.2026,"7,757,527",53,"703114400,83"
PSO,24.04.2026,"412,153",1,"843376916,89"
PSR,24.04.2026,"6,450,371",46,"162624198,49"
PSS,24.04.2026,"531,058",11,"355728395,36"
PST,24.04.2026,"27,712",51,"340621359,21"
PTC,24.04.2026,"61,173,635",16,"975397529,18"
PTE,24.04.2026,"1,496,015",4657,"42963616310,69"
PTF,24.04.2026,"13,096",385,"1100987926,66"
PTG,24.04.2026,"59,864,829",1,"116676551,75"
PTL,24.04.2026,"164,481",751,"541863684,56"
PTN,24.04.2026,"1,650,715",1084,"768531748,03"
PTO,24.04.2026,"1,440,541",513,"288377014,39"
PTP,24.04.2026,"105,489",166,"21057877,05"
PTS,24.04.2026,"1,408,779",635,"8341872442,13"
PUA,24.04.2026,"9,026,845",1,"4488794286,06"
PUC,24.04.2026,"648,721",797,"1305621802,81"
PUH,24.04.2026,"15,236",26,"353847760,03"
PUR,24.04.2026,"9,192,324",41592,"125877584978,81"
PUT,24.04.2026,"7,358,719",1,"6459390357,47"
PUV,24.04.2026,"53,031,551",1,"1132214757,38"
PUZ,24.04.2026,"9,153,019",2,"147552621,43"
PVK,24.04.2026,"5,121,246",8599,"37917418004,51"
PYB,24.04.2026,"1,647,009",332,"1000664991,34"
PYD,24.04.2026,"720,165",45,"131455884,47"
PYF,24.04.2026,"9,341,188",10,"777161206,11"
PYH,24.04.2026,"7,388,241",11,"5397516536,95"
PYI,24.04.2026,"4,067,355",45,"1533081855,83"
PYL,24.04.2026,"8,694,858",33,"399348525,08"
PYR,24.04.2026,"2,092,165",1795,"156312099,13"
PYS,24.04.2026,"55,312,787",49,"1325936117,53"
RAF,24.04.2026,"3,548,786",12,"187849706,98"
RAI,24.04.2026,"2,027,121",1,"5291530769,91"
RAN,24.04.2026,"54,062,301",1,"1004572381,86"
RAV,24.04.2026,"1,335,878",12,"1037549565,57"
RAY,24.04.2026,"3,643,695",1,"1591541909,40"
RBA,24.04.2026,"22,294,619",6548,"2392016073,91"
RBB,24.04.2026,"1,473,852",44,"41414872,13"
RBE,24.04.2026,"3,761,704",16,"2640293279,05"
RBF,24.04.2026,"1,662,089",90,"26939063,99"
RBH,24.04.2026,"31,222,956",5192,"993957280,57"
RBI,24.04.2026,"53,750,731",129,"196847971,33"
RBK,24.04.2026,"8,040,204",1099,"48362376,66"
RBL,24.04.2026,"1,609,499",849,"380885799,01"
RBN,24.04.2026,"1,500,886",202,"42725782,45"
RBP,24.04.2026,"1,976,054",712,"2526404649,85"
RBR,24.04.2026,"2,858,366",114,"31883016,39"
RBT,24.04.2026,"5,779,689",1791,"611250439,20"
RBV,24.04.2026,"6,125,532",15545,"5746094969,47"
RCL,24.04.2026,"57,074,447",1,"153245517,18"
RCS,24.04.2026,"5,581,019",1,"2562575,05"
RCV,24.04.2026,"1,583,415",90,"117013291,64"
RD1,24.04.2026,"1,744,908",168,"61944223,38"
RDF,24.04.2026,"1,551,609",1195,"210011772,17"
RDH,24.04.2026,"4,220,881",18,"1806926925,21"
RDK,24.04.2026,"1,312,052",2,"608836,67"
RDS,24.04.2026,"0,00",0,"43,81"
RDT,24.04.2026,"984,941",55,"73025527,46"
RDZ,24.04.2026,"46,549,881",115,"614357364,54"
RE7,24.04.2026,"1,076,825",12,"182069290,86"
RE8,24.04.2026,"3,206,345",12,"1216843129,73"
RGD,24.04.2026,"1,029,918",159,"31869554,57"
RGH,24.04.2026,"1,056,898",30,"38906525,02"
RHD,24.04.2026,"1,826,984",12,"141829180,98"
RHI,24.04.2026,"1,567,685",570,"99542501,90"
RHS,24.04.2026,"7,381,376",1795,"802685620,47"
RIA,24.04.2026,"1,249,597",81,"161284597,24"
RIH,24.04.2026,"6,772,231",630,"209757372,95"
RIK,24.04.2026,"5,358,046",6891,"1475638685,76"
RJG,24.04.2026,"3,518,079",652,"136212265,59"
RKC,24.04.2026,"1,569,462",452,"99336509,61"
RKH,24.04.2026,"98,637",87,"8567221,09"
RKL,24.04.2026,"3,040,272",1,"2379323399,62"
RKS,24.04.2026,"1,884,039",133,"125108112,87"
RKV,24.04.2026,"2,300,092",259,"644808865,20"
RLH,24.04.2026,"1,534,545",26,"251210649,76"
RO1,24.04.2026,"1,138,424",25,"178316866,22"
ROD,24.04.2026,"51,825,603",849,"3031017767,02"
ROF,24.04.2026,"320,276",1199,"566050358,00"
ROS,24.04.2026,"0,00",0,"0,93"
ROY,24.04.2026,"1,238,618",11,"137999162,97"
RPC,24.04.2026,"478,568",565,"26958413,37"
RPD,24.04.2026,"13,218,983",2251,"307092416,96"
RPE,24.04.2026,"0,00",0,"2,12"
RPG,24.04.2026,"6,272,299",1685,"1439512084,83"
RPI,24.04.2026,"1,351,035",340,"16287078,61"
RPK,24.04.2026,"59,651,744",5,"116006297,51"
RPL,24.04.2026,"1,539,937",12,"112089705,45"
RPM,24.04.2026,"3,850,828",2890,"65458308,30"
RPN,24.04.2026,"5,085,918",23,"808961673,79"
RPO,24.04.2026,"6,736,646",3,"1636891523,87"
RPP,24.04.2026,"4,369,409",8574,"5953277469,62"
RPS,24.04.2026,"5,993,954",112,"205730184,52"
RPT,24.04.2026,"4,556,481",204,"1118347908,42"
RPU,24.04.2026,"3,253,701",12,"2346358920,53"
RPX,24.04.2026,"58,506,189",147,"1535782066,63"
RRA,24.04.2026,"1,322,953",230,"2859722006,53"
RRP,24.04.2026,"1,454,497",74,"165694425,21"
RS1,24.04.2026,"1,418,025",126,"556361885,63"
RSF,24.04.2026,"3,888,094",13,"989233810,22"
RSK,24.04.2026,"1,594,105",171,"181387464,83"
RSY,24.04.2026,"979,969",11,"144490276,48"
RSZ,24.04.2026,"5,821,182",25,"1286690389,75"
RTA,24.04.2026,"1,786,204",15,"3280398022,32"
RTB,24.04.2026,"2,377,198",11,"349834563,90"
RTD,24.04.2026,"171,805",223,"21000657,38"
RTG,24.04.2026,"4,879,819",4093,"176600503,61"
RTH,24.04.2026,"6,212,421",327,"31873324,74"
RTI,24.04.2026,"2,985,451",51,"28602468779,03"
RTP,24.04.2026,"12,116,033",2335,"479068054,73"
RUH,24.04.2026,"2,536,964",17,"87507877,11"
RUT,24.04.2026,"2,134,636",3829,"119711975,79"
RVI,24.04.2026,"1,303,435",11,"19576352,13"
RVS,24.04.2026,"2,658,582",20,"4131605789,54"
RYA,24.04.2026,"1,180,405",1,"354861183,13"
RYB,24.04.2026,"46,352,882",11,"4636910,53"
RYD,24.04.2026,"1,427,551",13,"315453116,83"
RYF,24.04.2026,"15,650,172",32,"495172802,74"
RYU,24.04.2026,"45,602,891",45,"257189953,30"
RZR,24.04.2026,"4,678,027",2,"16551972,75"
SAP,24.04.2026,"1,631,789",343,"204066179,07"
SAR,24.04.2026,"49,196,621",9,"834561782,06"
SAS,24.04.2026,"1,710,848",47243,"1523317226,20"
SAT,24.04.2026,"302,172,266",4,"2403062415,80"
SBH,24.04.2026,"1,955,699",1172,"335724475,84"
SBI,24.04.2026,"4,300,274",15,"40621880,71"
SBR,24.04.2026,"1,336,584",25,"15409455,17"
SBS,24.04.2026,"66,797,104",1,"228753029,03"
SCZ,24.04.2026,"138,894",189,"82041888,03"
SDA,24.04.2026,"46,680,256",1072,"5943277342,50"
SEH,24.04.2026,"1,151,968",46,"55213357,61"
SER,24.04.2026,"54,034,406",795,"6573692641,74"
SFA,24.04.2026,"17,803,221",16,"889752817,87"
SFS,24.04.2026,"1,308,161",81,"29830466,86"
SGT,24.04.2026,"1,470,411",833,"234691393,26"
SHE,24.04.2026,"3,690,614",727,"58005609,09"
SHI,24.04.2026,"2,387,881",47,"1581334527,29"
SHU,24.04.2026,"1,432,829",18,"224216648,86"
SIS,24.04.2026,"1,741,783",11,"58025677,71"
SJP,24.04.2026,"57,917,933",29,"299455463,16"
SKL,24.04.2026,"1,793,584",822,"211099299,21"
SKO,24.04.2026,"1,684,288",5297,"321101836,82"
SKS,24.04.2026,"47,272,886",3,"1181822138,87"
SKT,24.04.2026,"103,922",2052,"40789132,52"
SKZ,24.04.2026,"904,761",1691,"247805349,86"
SLF,24.04.2026,"9,978,615",7019,"1256149228,14"
SLG,24.04.2026,"1,340,727",948,"431241934,92"
SLR,24.04.2026,"315,323",5,"1197186615,85"
SLS,24.04.2026,"1,003,841",12,"604992,73"
SMP,24.04.2026,"1,025,567",1,"1435794371,32"
SNY,24.04.2026,"2,551,706",684,"902472546,22"
SOS,24.04.2026,"1,346,357",160,"9894205,80"
SPA,24.04.2026,"63,160,188",207,"2902458438,00"
SPD,24.04.2026,"7,618,175",1,"322576384,90"
SPE,24.04.2026,"99,464,888",1152,"3605515642,37"
SPN,24.04.2026,"8,977,621",501,"2540078731,37"
SPP,24.04.2026,"1,395,268",147,"240124342,05"
SPR,24.04.2026,"1,250,489",167,"15710162,66"
SPT,24.04.2026,"1,977,576",925,"99114633,06"
SRA,24.04.2026,"19,651,221",1,"3915638079,16"
SRE,24.04.2026,"59,749,867",1,"935156933,47"
SRL,24.04.2026,"1,452,169",312,"19043283,34"
SRO,24.04.2026,"24,713,753",6,"6889079202,48"
SSD,24.04.2026,"51,786,554",1,"535091142,33"
SSE,24.04.2026,"4,046",11,"126944218,23"
SSF,24.04.2026,"1,005,896",15,"1301274,64"
SSK,24.04.2026,"1,491,693",500,"36354485,85"
SSN,24.04.2026,"54,942,645",4,"716917393,78"
SSO,24.04.2026,"1,307,883",1,"6668608243,46"
SSS,24.04.2026,"1,423,434",4907,"251411192,64"
SST,24.04.2026,"1,462,108",22,"8627185,05"
ST1,24.04.2026,"193,110,158",3164,"704927517,78"
STI,24.04.2026,"1,243,973",92,"132280114,30"
STM,24.04.2026,"4,719,442",12,"563270,09"
STS,24.04.2026,"80,140,225",27,"403828198,17"
STZ,24.04.2026,"24,743,944",85,"566739921,71"
SUA,24.04.2026,"532,494",1377,"2578443237,04"
SUB,24.04.2026,"392,665",843,"113255263,85"
SUC,24.04.2026,"20,127,727",520,"442235673,37"
SUR,24.04.2026,"119,681",106,"189731679,88"
SVB,24.04.2026,"9,193,805",1607,"290450174,55"
SVS,24.04.2026,"2,544,231",1,"1654332352,66"
SVY,24.04.2026,"1,605,629",2,"3403676397,78"
SYF,24.04.2026,"31,255,701",6,"2447880862,24"
SYL,24.04.2026,"4,105,730,877",1,"1136490941,23"
SYR,24.04.2026,"48,303,676",22,"309918270,66"
SYS,24.04.2026,"4,588,433",123,"1655856019,94"
T3B,24.04.2026,"146,414",26,"11223935378,25"
TAL,24.04.2026,"2,868,016",824,"39382931,64"
TAO,24.04.2026,"1,941,054",1,"1025971947,67"
TAR,24.04.2026,"2,290,629",6728,"116731924,21"
TAU,24.04.2026,"696,604",38754,"2647421908,44"
TAZ,24.04.2026,"2,315,489",2,"1091797355,40"
TB9,24.04.2026,"4,948,838",11351,"40994145590,10"
TBP,24.04.2026,"259,382",209,"442259324,87"
TBT,24.04.2026,"50,945,829",2792,"419976756,42"
TBV,24.04.2026,"363,838",8364,"1321021977,75"
TCA,24.04.2026,"826,019",51225,"16132306197,25"
TCB,24.04.2026,"206,799",4953,"3815925129,40"
TCC,24.04.2026,"77,553",315,"351225890,44"
TCD,24.04.2026,"4,569,343",12617,"1459077338,67"
TCF,24.04.2026,"405,689",3369,"5395898260,54"
TCG,24.04.2026,"1,338,103",1,"189551870,40"
TCH,24.04.2026,"2,044,877",74,"280173466,19"
TCI,24.04.2026,"10,159,877",17,"1315165460,17"
TCS,24.04.2026,"41,278,567",45,"1432088389,65"
TDG,24.04.2026,"496,288",2150,"659373672,85"
TDP,24.04.2026,"55,540,034",44,"303233425,84"
TE3,24.04.2026,"38,446,114",3297,"1282109399,84"
TE4,24.04.2026,"5,829,866",1731,"2381762978,00"
TEJ,24.04.2026,"220,661",1116,"540869095,08"
TFE,24.04.2026,"2,512,196",103,"31168803,29"
TFF,24.04.2026,"3,495,508",8579,"1162187821,37"
TFU,24.04.2026,"1,162,351",3094,"796579036,70"
TGA,24.04.2026,"45,699",6829,"840434874,11"
TGE,24.04.2026,"275,507",42176,"3453021703,88"
TGN,24.04.2026,"1,276,144",1988,"2404059329,56"
TGR,24.04.2026,"6,539,823",5982,"120208036,66"
TGT,24.04.2026,"106,628",62208,"3272792340,84"
TGV,24.04.2026,"17,628,841",13,"11216467461,89"
TGZ,24.04.2026,"5,423,005",11,"987568157,33"
THD,24.04.2026,"272,311",215,"9163626,71"
THF,24.04.2026,"218,189",8013,"1202572540,48"
THG,24.04.2026,"6,337,715",189,"165294366,16"
THH,24.04.2026,"136,634,891",1,"1743256529,17"
THO,24.04.2026,"46,924,616",12,"2241699070,24"
THS,24.04.2026,"59,007,626",1,"387158124,33"
THT,24.04.2026,"231,947",361,"8480943,47"
THV,24.04.2026,"80,122,539",21,"3613088704,73"
TI1,24.04.2026,"1,470,313,062",228319,"176487485502,57"
TI2,24.04.2026,"132,117",22805,"4249747198,27"
TI3,24.04.2026,"124,526",24850,"2505737131,40"
TI4,24.04.2026,"59,304",15980,"2277270051,52"
TI6,24.04.2026,"49,984",4856,"727153212,54"
TI7,24.04.2026,"72,600,353",10666,"1341354324,58"
TIE,24.04.2026,"755,318",17904,"1994244126,34"
TIL,24.04.2026,"1,362,431",1667,"94209750,12"
TIP,24.04.2026,"46,508,571",29,"156230755,48"
TIV,24.04.2026,"47,163,426",112999,"19481743532,48"
TJB,24.04.2026,"9,462,612",1,"773118358,19"
TJF,24.04.2026,"5,161,297",583,"60275346,90"
TJI,24.04.2026,"6,141,237",917,"723600539,63"
TJL,24.04.2026,"20,681,133",4,"1406131759,27"
TJT,24.04.2026,"63,944,579",2004,"2377608695,72"
TKF,24.04.2026,"64,916,377",4641,"1035724637,60"
TKH,24.04.2026,"2,164,905",1,"442172269,68"
TKK,24.04.2026,"1,702,991",114691,"1815879126,80"
TKM,24.04.2026,"189,874",499869,"61687628082,97"
TLE,24.04.2026,"26,545,626",995,"561606595,13"
TLH,24.04.2026,"31,178,865",444,"145698711,55"
TLK,24.04.2026,"1,560,755",922,"2642891163,17"
TLT,24.04.2026,"65,688,733",1,"372039241,14"
TLU,24.04.2026,"49,613,986",547,"10000779687,65"
TLV,24.04.2026,"120,045",7974,"5350386607,94"
TLY,24.04.2026,"5,097,623,979",84446,"119178263481,08"
TLZ,24.04.2026,"17,541,807",804,"57148682,48"
TMC,24.04.2026,"149,076",11070,"100374259,75"
TMG,24.04.2026,"1,245,751",32738,"4459214681,47"
TMH,24.04.2026,"0,00",12,"0,00"
TMM,24.04.2026,"65,214,961",1205,"820685476,31"
TMR,24.04.2026,"7,082,116",1,"9023500427,73"
TMS,24.04.2026,"1,847,247",88,"329934734,15"
TMU,24.04.2026,"1,291,872",101,"108090452,69"
TMV,24.04.2026,"5,133,643",1534,"5878233413,55"
TMZ,24.04.2026,"183,153",2526,"48412820,40"
TNA,24.04.2026,"1,597,474",1,"5451303231,00"
TNB,24.04.2026,"47,333,495",87,"717535593,41"
TND,24.04.2026,"1,327,234",390,"172858577,34"
TNF,24.04.2026,"3,737,208",3,"4743025826,73"
TNH,24.04.2026,"12,199,259",2,"110952349,95"
TNI,24.04.2026,"10,066,351",3652,"10397400078,30"
TNK,24.04.2026,"2,998,844",75552,"3448846706,97"
TNS,24.04.2026,"10,537,407",30,"392324338,04"
TO8,24.04.2026,"53,241,662",99,"752917119,75"
TOK,24.04.2026,"55,808,883",7353,"23795211359,57"
TOT,24.04.2026,"84,291,446",793,"112280420,66"
TP1,24.04.2026,"63,090,859",1,"357548139,98"
TP2,24.04.2026,"1,863,613",96976,"130196051849,26"
TPC,24.04.2026,"13,974,477",17589,"8235587168,43"
TPE,24.04.2026,"506,453",34,"2300508432,13"
TPF,24.04.2026,"9,844,889",597,"164932369,35"
TPJ,24.04.2026,"72,478,388",1614,"2454497337,98"
TPL,24.04.2026,"19,715,523",1430,"688979964,18"
TPO,24.04.2026,"163,354",3,"96302771,30"
TPP,24.04.2026,"67,835,774",407,"1498492244,30"
TPR,24.04.2026,"49,434",2,"301493305,11"
TPV,24.04.2026,"1,025,378",38,"6466782,07"
TPZ,24.04.2026,"2,622,847",1557,"138041171,69"
TRJ,24.04.2026,"1,861,424",3180,"2134690888,55"
TRN,24.04.2026,"1,259,465",1,"2303715606,64"
TRO,24.04.2026,"256,785",474,"35509765,09"
TRR,24.04.2026,"5,675,909",502,"2874191050,87"
TRU,24.04.2026,"1,401,755",272,"278008879,99"
TSI,24.04.2026,"183,938",78060,"20260270625,81"
TSP,24.04.2026,"65,432,019",5,"1605489951,15"
TTA,24.04.2026,"639,305",221985,"29591420448,51"
TTE,24.04.2026,"1,429,337",38665,"2886244842,99"
TTL,24.04.2026,"35,565,317",393,"250112594,96"
TTP,24.04.2026,"47,729,128",109,"836875044,74"
TTS,24.04.2026,"65,150,696",1,"2025307504,38"
TTV,24.04.2026,"7,799,356",23,"2430047088,26"
TTZ,24.04.2026,"3,558,867",9,"303901075,12"
TUA,24.04.2026,"149,516",34971,"18387253297,74"
TVE,24.04.2026,"1,161,758",271,"147411230,15"
TVN,24.04.2026,"2,484,969",550,"7568782,01"
TYH,24.04.2026,"2,139,861",7047,"1916687365,78"
TZC,24.04.2026,"297,213",1136,"30272818,01"
TZD,24.04.2026,"2,398,647",8008,"935306760,59"
TZH,24.04.2026,"7,770,376",1,"55936911203,13"
TZL,24.04.2026,"121,709",176314,"71519667104,67"
TZP,24.04.2026,"12,423,371",14,"986312716,71"
TZT,24.04.2026,"155,586",6046,"324007479,60"
TZV,24.04.2026,"841,348,798",133048,"21776685621,78"
UAB,24.04.2026,"4,986,501",2,"454508712,42"
UAP,24.04.2026,"65,137,498",1,"427722123,04"
UCN,24.04.2026,"2,093,891",2,"1141024016,18"
UCP,24.04.2026,"1,167,347",28,"13620220590,10"
UFH,24.04.2026,"67,886,293",1,"249570309,88"
UHL,24.04.2026,"68,168,695",1,"2435242105,33"
UHS,24.04.2026,"7,440,773",13,"400402422,09"
ULH,24.04.2026,"6,313,567",269,"1257631379,21"
ULL,24.04.2026,"65,565,431",3,"268621244,17"
UNT,24.04.2026,"1,379,257",228,"99816731,69"
UP1,24.04.2026,"6,341,981",1655,"1329275022,35"
UP2,24.04.2026,"3,710,027",261,"2055313543,99"
UPD,24.04.2026,"20,449,618",294,"2642989115,68"
UPH,24.04.2026,"31,176,201",593,"199735350,82"
UPP,24.04.2026,"6,205,492",1014,"3060633045,32"
UPS,24.04.2026,"4,670,911",1,"539579845,17"
URA,24.04.2026,"1,968,319",11608,"933736302,28"
URC,24.04.2026,"52,222,091",181,"200255894,02"
URD,24.04.2026,"45,982,346",12,"10251432456,49"
URG,24.04.2026,"70,584,973",1,"529581545,12"
URM,24.04.2026,"46,207,443",1,"8777242,44"
URS,24.04.2026,"3,548,339",1,"929981070,47"
URV,24.04.2026,"3,721,657",2,"9994138100,26"
USS,24.04.2026,"3,379,988",1,"3664024449,53"
UST,24.04.2026,"3,693,534",1,"1731672863,48"
USY,24.04.2026,"236,618",481,"1263229037,22"
UYH,24.04.2026,"4,509,352",12,"874022338,19"
UZY,24.04.2026,"2,520,806",16,"78878,54"
VAY,24.04.2026,"1,614,329",3303,"47136287,78"
VCD,24.04.2026,"5,582,112",12,"61405196,00"
VCG,24.04.2026,"504,873",20,"1750292804,35"
VCY,24.04.2026,"3,244,836",12203,"147726216,03"
VFK,24.04.2026,"4,848,941",5453,"3028487554,84"
VFS,24.04.2026,"1,830,454",1,"5895335,21"
VK6,24.04.2026,"365,996",155115,"66656816866,56"
VKI,24.04.2026,"2,754,295",577,"2033357400,17"
VKT,24.04.2026,"10,798",45271,"4332777177,38"
VMV,24.04.2026,"2,456,436",151,"6918017746,87"
VNK,24.04.2026,"2,349,347",465,"7825048852,52"
VPP,24.04.2026,"48,168,503",445,"1367168316,70"
VPS,24.04.2026,"1,452,636",12761,"5551915464,83"
VRK,24.04.2026,"1,207,965",152,"24563465,47"
VTF,24.04.2026,"2,173,716",1,"415599349,42"
YA1,24.04.2026,"1,255,725",19,"724141544,96"
YAC,24.04.2026,"13,873,657",10421,"5565763301,85"
YAE,24.04.2026,"1,057,426",898,"296648617,06"
YAK,24.04.2026,"4,842,049",109731,"1110496926,78"
YAN,24.04.2026,"13,156,224",3709,"1784049476,72"
YAR,24.04.2026,"26,605,674",1,"744958859,22"
YAS,24.04.2026,"15,145,492",71002,"7501445212,50"
YAY,24.04.2026,"1,500,683,553",37112,"10304527657,75"
YBE,24.04.2026,"1,702,305",14324,"5355045324,05"
YBH,24.04.2026,"49,837,823",667,"752657783,25"
YBJ,24.04.2026,"54,558,913",1,"1804014680,31"
YBP,24.04.2026,"1,150,467",56,"866223892,60"
YBR,24.04.2026,"51,703,852",2353,"5278849500,29"
YBS,24.04.2026,"128,432",11258,"1762454402,18"
YCG,24.04.2026,"56,784,296",4,"189103347,60"
YCH,24.04.2026,"2,418,091",136,"119145956,42"
YCK,24.04.2026,"4,081,863",41,"483830508,30"
YCL,24.04.2026,"10,733,112",12,"385953045,34"
YCP,24.04.2026,"9,276,436",2277,"1281056291,63"
YCY,24.04.2026,"3,665,632",270,"248335344,90"
YDI,24.04.2026,"452,429",7519,"1220905166,13"
YDK,24.04.2026,"106,413",48801,"134811772,79"
YDL,24.04.2026,"55,305,898",8,"1153416624,98"
YDM,24.04.2026,"1,595,959",2,"1106499314,41"
YDP,24.04.2026,"2,054,521",2402,"364341993,85"
YDZ,24.04.2026,"50,752,016",3117,"12346442624,99"
YEF,24.04.2026,"957,341",13804,"2013224791,59"
YFV,24.04.2026,"96,003",7421,"911285380,06"
YGM,24.04.2026,"322,592",2505,"650645125,71"
YHB,24.04.2026,"2,226,028",7701,"301143121,81"
YHI,24.04.2026,"1,465,636",277,"65632639,70"
YHK,24.04.2026,"1,852,683",5616,"974545344,12"
YHP,24.04.2026,"409,418",1,"1719555566,19"
YHS,24.04.2026,"25,567,217",8722,"3684854543,00"
YHT,24.04.2026,"369,091",86485,"2100859276,13"
YHY,24.04.2026,"1,248,994",16,"1572701,52"
YHZ,24.04.2026,"7,952,621",13870,"905548172,38"
YIK,24.04.2026,"1,352,684",1451,"26169628415,91"
YIS,24.04.2026,"1,254,329",1,"928541370,87"
YIT,24.04.2026,"227,066",6157,"712233583,24"
YIV,24.04.2026,"3,401,527",2,"4632053808,94"
YJA,24.04.2026,"62,617,078",4,"374884252,77"
YJH,24.04.2026,"3,708,221",3825,"187013511,50"
YJK,24.04.2026,"4,792,426",9512,"658361499,95"
YJU,24.04.2026,"62,022,746",1,"412923069,50"
YJY,24.04.2026,"53,558,223",8322,"67314655193,37"
YKS,24.04.2026,"319,201",379,"192403786,69"
YKT,24.04.2026,"904,791",94279,"36940461051,06"
YLB,24.04.2026,"1,605,757",334417,"68832762011,78"
YLC,24.04.2026,"3,678,688",1474,"80682177,31"
YLE,24.04.2026,"8,627,469",2492,"322212096,63"
YLO,24.04.2026,"4,911,409",4889,"219252804,99"
YLR,24.04.2026,"12,911,043",4,"63238,29"
YLY,24.04.2026,"2,422,213",582,"39090417,14"
YLZ,24.04.2026,"3,683,197",13,"2070666586,15"
YMD,24.04.2026,"52,419,176",1319,"5988339548,33"
YMH,24.04.2026,"1,432,971",355,"479379658,74"
YMP,24.04.2026,"1,010,663",5,"25072495,94"
YNK,24.04.2026,"45,141,842",1167,"17322095930,91"
YNL,24.04.2026,"51,985,202",1,"207001433,87"
YOA,24.04.2026,"83,144,156",142,"1811605805,80"
YOS,24.04.2026,"53,265,491",229,"1023646558,71"
YOT,24.04.2026,"36,646,367",10185,"2314942427,53"
YOZ,24.04.2026,"45,770,632",1236,"25283550660,34"
YP1,24.04.2026,"61,654,719",3,"217481350,46"
YP2,24.04.2026,"68,566,199",1,"1274587227,02"
YP4,24.04.2026,"50,439,123",30392,"137836993064,55"
YPC,24.04.2026,"4,832,811",2357,"42249262,76"
YPD,24.04.2026,"6,380,479",2,"93707606,67"
YPF,24.04.2026,"905,146",456,"1138843129,13"
YPI,24.04.2026,"52,424,906",68,"1998931678,04"
YPK,24.04.2026,"13,546,241",273,"222401270,30"
YPL,24.04.2026,"68,293,331",1625,"13076188093,16"
YPN,24.04.2026,"62,808,582",100,"1789229330,81"
YPP,24.04.2026,"24,113,324",1,"4510609552,89"
YPR,24.04.2026,"1,622,919",284,"200401331,00"
YPT,24.04.2026,"364,449",18796,"102568016122,01"
YPU,24.04.2026,"61,806,434",1729,"3755147158,42"
YPV,24.04.2026,"7,612,707",3626,"6618157708,99"
YRZ,24.04.2026,"4,535,201",159,"748649898,22"
YSA,24.04.2026,"45,485,084",195,"188188395,37"
YSL,24.04.2026,"41,875,123",422,"711607545,10"
YSO,24.04.2026,"124,831",192,"63096997,09"
YSU,24.04.2026,"161,534",6403,"249622297,98"
YTC,24.04.2026,"62,659,605",120,"312277988,94"
YTD,24.04.2026,"800,424",15197,"1586479663,61"
YTJ,24.04.2026,"65,371,134",1,"1148481927,38"
YTO,24.04.2026,"50,503,288",4,"667305147,74"
YTR,24.04.2026,"75,558,323",2,"585229281,66"
YTV,24.04.2026,"2,866,573",2404,"221039751,55"
YTY,24.04.2026,"55,748,839",20564,"101034996147,38"
YUB,24.04.2026,"5,524,527",674,"568632811,67"
YUD,24.04.2026,"7,064,153",2,"242357313,36"
YUI,24.04.2026,"1,872,426",8,"1206582963,30"
YUK,24.04.2026,"47,020,584",149,"1287034314,81"
YUN,24.04.2026,"53,697,144",481,"2754150903,32"
YUY,24.04.2026,"1,026,631",2,"1016735447,72"
YVB,24.04.2026,"1,279,247",723,"110118713,03"
YVD,24.04.2026,"3,906,227",82742,"42391068154,53"
YVF,24.04.2026,"69,238,533",4,"902549961,12"
YVG,24.04.2026,"59,584,979",1224,"5874938351,36"
YVO,24.04.2026,"65,741,328",2,"689142414,98"
YVS,24.04.2026,"70,430,157",6,"406925165,17"
YZC,24.04.2026,"4,181,874",12700,"543469841,28"
YZF,24.04.2026,"90,328,908",1,"451644537,92"
YZG,24.04.2026,"14,847,834",69936,"13986187841,65"
YZH,24.04.2026,"119,771",6403,"1182661090,13"
YZK,24.04.2026,"7,380,151",209,"206999416,38"
YZL,24.04.2026,"488,829",74,"613386296,51"
ZA2,24.04.2026,"1,768,568",2410,"13825819320,55"
ZAD,24.04.2026,"43,714,522",28,"11137935,75"
ZAV,24.04.2026,"54,262,238",4849,"66759027240,86"
ZAY,24.04.2026,"5,741,326",3754,"1742948113,11"
ZBD,24.04.2026,"657,980,999",2221,"921599375,28"
ZBI,24.04.2026,"2,040,936",1786,"223833969,14"
ZBJ,24.04.2026,"4,553,247",19617,"36022160055,70"
ZBN,24.04.2026,"23,838,662",185,"127455502,88"
ZBO,24.04.2026,"2,942,417",256,"414805261,41"
ZBZ,24.04.2026,"62,845,248",1,"329927180,67"
ZCA,24.04.2026,"759,266",1,"57215231,48"
ZCB,24.04.2026,"68,459",3,"73794420,88"
ZCC,24.04.2026,"74,363,374",2,"392926625,71"
ZCD,24.04.2026,"4,466,484",630,"1447991679,62"
ZCE,24.04.2026,"4,124,905",1,"11581634409,82"
ZCF,24.04.2026,"3,723,294",1,"1716432005,43"
ZCG,24.04.2026,"5,865,022",161,"554974652,16"
ZCH,24.04.2026,"2,404,471",1,"4948387761,15"
ZCK,24.04.2026,"1,617,047",1969,"379732923,41"
ZCN,24.04.2026,"3,878,786",7799,"646130948,99"
ZDD,24.04.2026,"6,860,518",1462,"482241493,43"
ZDK,24.04.2026,"15,085,372",1,"3160958,58"
ZDZ,24.04.2026,"12,333,176",9435,"1057434906,19"
ZFB,24.04.2026,"6,521,407",16160,"811969021,77"
ZFZ,24.04.2026,"64,544,348",3,"20746303042,89"
ZHH,24.04.2026,"1,410,823",1150,"108440465,87"
ZJB,24.04.2026,"11,636,254",2250,"11149853113,96"
ZJH,24.04.2026,"57,349,943",1,"194186849,29"
ZJI,24.04.2026,"12,159,221",2281,"8758240936,92"
ZJL,24.04.2026,"13,960,186",2951,"408195851,81"
ZJR,24.04.2026,"6,681,358",1,"1297399069,33"
ZJT,24.04.2026,"63,321,159",1,"1259549157,53"
ZJV,24.04.2026,"10,446,357",1469,"585756463,55"
ZK1,24.04.2026,"46,977,397",121,"2130739319,43"
ZK2,24.04.2026,"54,960,626",74,"1898604151,89"
ZKK,24.04.2026,"23,681,752",1,"2218107528,79"
ZLB,24.04.2026,"47,165,559",62,"596103331,66"
ZLG,24.04.2026,"60,089,756",1,"1011479560,01"
ZLH,24.04.2026,"1,131,899",3717,"456436008,14"
ZMT,24.04.2026,"58,984,404",301,"1366553446,76"
ZMU,24.04.2026,"192,071",13,"20273853,43"
ZMY,24.04.2026,"6,125,128",2895,"182496974,40"
ZNF,24.04.2026,"51,825,813",1,"1899682055,58"
ZOS,24.04.2026,"1,717,858",11,"526560410,72"
ZP1,24.04.2026,"5,894,467",2,"59766241,20"
ZP2,24.04.2026,"5,083,187",1,"544126641,97"
ZP3,24.04.2026,"4,126,467",1,"60193436,82"
ZP6,24.04.2026,"54,340,477",1623,"7085322246,62"
ZP7,24.04.2026,"63,805,408",1,"1595135197,60"
ZP8,24.04.2026,"3,593,001",5014,"55198570228,98"
ZP9,24.04.2026,"57,266,788",840,"1754262049,03"
ZPA,24.04.2026,"62,170,823",882,"3976596237,65"
ZPC,24.04.2026,"18,650,845",2991,"3118988905,79"
ZPE,24.04.2026,"32,791,211",6760,"1211363583,60"
ZPF,24.04.2026,"21,491,233",3394,"795238831,99"
ZPG,24.04.2026,"9,512,328",5712,"1319456327,54"
ZPH,24.04.2026,"1,333,801",62,"99005926,83"
ZPJ,24.04.2026,"11,201,115",407,"142703574,11"
ZPK,24.04.2026,"7,460,135",27356,"16480752998,57"
ZPN,24.04.2026,"67,112,974",1,"1902370614,03"
ZPR,24.04.2026,"1,356,142",920,"25384692457,80"
ZR2,24.04.2026,"1,268,786",1,"2543657172,92"
ZR3,24.04.2026,"692,418",180,"220119438,88"
ZSB,24.04.2026,"967,053",18,"2672191589,68"
ZSF,24.04.2026,"51,140,054",1756,"42682818,54"
ZSG,24.04.2026,"4,115,755",1013,"50225794,57"
ZSK,24.04.2026,"54,690,245",1,"576939313,02"
ZSN,24.04.2026,"52,222,623",2,"2847997689,62"
ZTF,24.04.2026,"6,683,232",1,"1836967285,94"
ZTG,24.04.2026,"1,184,145",838,"32348151,90"
ZUD,24.04.2026,"3,897,782",1,"2812819821,09"
ZUE,24.04.2026,"4,603,419",1,"5803146751,27"
ZUS,24.04.2026,"46,932,764",3370,"68826660460,52"
ZVB,24.04.2026,"84,445,187",11,"225545325,84"
ZVO,24.04.2026,"3,640,782",405,"872575948,71"
ZYC,24.04.2026,"4,330,091",1,"7940462260,69"
ZYD,24.04.2026,"4,331,706",1,"7988479238,46"
ZZL,24.04.2026,"76,694,168",15,"39061796,99"
AAK,22.04.2026,"35,415,218",771,"33971906,60"
AAL,22.04.2026,"3,157,261",4842,"3020782933,53"
AAS,22.04.2026,"11,304,889",158,"23861907,14"
AAV,22.04.2026,"62,961,472",2315,"303531655,35"
ABG,22.04.2026,"61,021,646",159,"7534065051,26"
ABJ,22.04.2026,"889,455",3,"1189505046,43"
ABU,22.04.2026,"9,347",37,"54222984,95"
AC1,22.04.2026,"2,844,473",161,"268393430,32"
AC2,22.04.2026,"3,616,196",48,"8963531601,07"
AC3,22.04.2026,"66,614,481",14,"139261702,88"
AC4,22.04.2026,"349,119",3591,"1578262995,09"
AC5,22.04.2026,"3,401,941",186,"52354286,89"
AC6,22.04.2026,"55,850,243",108,"76208718,00"
AC7,22.04.2026,"10,848,966",45,"5862618084,62"
AC8,22.04.2026,"192,811,431",97,"2379178725,42"
ACC,22.04.2026,"45,036,402",1455,"192663927,72"
ACD,22.04.2026,"5,587,519",1570,"323689690,39"
ACN,22.04.2026,"11,723,994",16,"632950637,06"
ACU,22.04.2026,"52,530,076",165,"1342800593,30"
ADE,22.04.2026,"869,756",27145,"1055147774,45"
ADP,22.04.2026,"1,386,422",22590,"4334005053,58"
AED,22.04.2026,"109,288,248",816,"42694689,02"
AES,22.04.2026,"158,322",36635,"1725197377,96"
AEV,22.04.2026,"1,926,803",398,"10985646,16"
AFA,22.04.2026,"1,087,865",46018,"5336379663,19"
AFO,22.04.2026,"1,367,769",87713,"23480606506,73"
AFS,22.04.2026,"303,202",26984,"773330945,48"
AFT,22.04.2026,"905,215",143815,"25326993827,57"
AFV,22.04.2026,"542,148",15735,"1199892495,68"
AGC,22.04.2026,"8,633,534",2491,"99129142,73"
AHH,22.04.2026,"952,663",15,"203589899,02"
AHI,22.04.2026,"38,105,947",2670,"147849056,21"
AHN,22.04.2026,"663,441",99,"28588004,39"
AHU,22.04.2026,"10,098,731",606,"212965541,60"
AHV,22.04.2026,"19,671,632",154,"116710102,64"
AHZ,22.04.2026,"26,882,015",12,"630030553,36"
AI1,22.04.2026,"1,103,295",19,"65004072,42"
AIH,22.04.2026,"18,240,468",4,"175906582,96"
AII,22.04.2026,"89,372,881",3,"365624456,42"
AIM,22.04.2026,"24,697,464",1,"53403004,36"
AIR,22.04.2026,"153,109,283",1,"1340890373,79"
AIS,22.04.2026,"94,503",12471,"12575300822,46"
AJ1,22.04.2026,"1,199,535",109,"31562108,25"
AJE,22.04.2026,"58,527,724",1020,"4414183887,15"
AJK,22.04.2026,"59,949,429",132,"135028594,11"
AJL,22.04.2026,"59,538,185",1488,"5395691704,74"
AJN,22.04.2026,"57,846,038",358,"567286952,40"
AK2,22.04.2026,"519,789",9479,"222085755,44"
AK3,22.04.2026,"52,691,871",21110,"8591152564,78"
AKE,22.04.2026,"493,437",13933,"1056985826,43"
AKU,22.04.2026,"948,065",17193,"1566915772,62"
AL4,22.04.2026,"3,519,368",12,"1121080632,91"
AL5,22.04.2026,"50,232,603",2464,"14991250146,56"
AL6,22.04.2026,"3,441,294",12,"4909326455,60"
AL7,22.04.2026,"3,326,451",112,"7908240053,55"
ALC,22.04.2026,"365,081",26724,"2020779157,54"
ALE,22.04.2026,"11,893,168",135308,"65666446372,90"
AN1,22.04.2026,"96,698,321",2576,"1383173574,03"
ANL,22.04.2026,"32,978,372",4156,"627326824,48"
ANZ,22.04.2026,"20,378,442",183,"267352201,84"
AOJ,22.04.2026,"156,117",248,"24793025,70"
AOY,22.04.2026,"350,749",36688,"989665092,00"
AP2,22.04.2026,"3,570,921",36,"1028783818,43"
AP4,22.04.2026,"1,086,947",11,"270887179,08"
AP5,22.04.2026,"1,055,884",12,"1083961,79"
AP6,22.04.2026,"8,454,005",46,"1019542803,21"
AP7,22.04.2026,"2,302,248",550,"177400035,02"
APJ,22.04.2026,"6,990,373",3191,"103017707,71"
APP,22.04.2026,"32,977,168",2,"211565089,00"
APT,22.04.2026,"150,268",13567,"322794004,80"
ARE,22.04.2026,"220,705",1668,"35768253,50"
ARF,22.04.2026,"7,903,088",1,"714043159,29"
ARL,22.04.2026,"1,497,911",7892,"4222522938,93"
ARM,22.04.2026,"17,810,141",5639,"3343009836,93"
ARP,22.04.2026,"42,140,736",1,"3184322440,54"
AS1,22.04.2026,"44,827,536",41,"6551185,72"
AS3,22.04.2026,"751,621",16,"169752249,76"
ASJ,22.04.2026,"3,890,141",854,"73313644,73"
ATJ,22.04.2026,"22,411,768",11,"1072795329,80"
AU1,22.04.2026,"1,204,617",629,"59578648,36"
AUT,22.04.2026,"9,048,857",156,"2760652,42"
AUV,22.04.2026,"46,867,056",618,"794353990,58"
AVC,22.04.2026,"146,314,588",11,"246649085,04"
AVT,22.04.2026,"199,791,075",19572,"3242016764,58"
AVZ,22.04.2026,"96,174,353",1,"221438562,05"
AY6,22.04.2026,"131,465",11,"102887378,18"
AY7,22.04.2026,"1,479,158",12,"209646940,78"
AYA,22.04.2026,"19,140,995",10447,"1250551092,81"
AYR,22.04.2026,"1,234",13218,"1601130781,82"
AZF,22.04.2026,"162,563",4,"540548865,63"
AZJ,22.04.2026,"18,136,561",41,"663146147,52"
AZV,22.04.2026,"25,001,031",4,"4206343730,19"
AZZ,22.04.2026,"58,836,788",7,"26918300903,03"
BA1,22.04.2026,"1,382,106",25,"277301363,25"
BAC,22.04.2026,"801,081",11,"6045745850,73"
BAG,22.04.2026,"897,447",56,"45632359,72"
BAL,22.04.2026,"46,405,553",1,"1019729083,48"
BAO,22.04.2026,"329,727",4,"153417098,95"
BAS,22.04.2026,"5,016,736",1,"1435327512,39"
BBF,22.04.2026,"3,179,023",1136,"179021609,00"
BBI,22.04.2026,"1,635,273",11,"1111864,61"
BBN,22.04.2026,"645,629",13,"1485309419,87"
BBO,22.04.2026,"2,185,694",12,"724313610,36"
BBP,22.04.2026,"206,084",800,"36354242,75"
BBS,22.04.2026,"1,380,917",789,"1086989135,99"
BCC,22.04.2026,"6,361,916",2,"2558975291,04"
BCK,22.04.2026,"178,307",1807,"97004191,17"
BCO,22.04.2026,"1,703,421",457,"46424762,33"
BDA,22.04.2026,"53,329,062",434,"1119582597,37"
BDC,22.04.2026,"9,109,588",40,"398695310,41"
BDI,22.04.2026,"532,961",74,"434574238,89"
BDO,22.04.2026,"2,761,959",11,"4635392698,67"
BDS,22.04.2026,"2,401,382",12693,"531117182,63"
BDY,22.04.2026,"1,591,976",2484,"102238783,32"
BFE,22.04.2026,"1,759,925",61,"9273362,26"
BFO,22.04.2026,"49,846,536",1,"3511673796,15"
BFS,22.04.2026,"104,496",40,"6129390,89"
BFT,22.04.2026,"1,221,486",559,"207219215,61"
BGH,22.04.2026,"2,162,861",1,"1016608547,94"
BGP,22.04.2026,"5,742,019",31108,"61925124951,03"
BHA,22.04.2026,"1,564,499",912,"105184931,81"
BHE,22.04.2026,"1,904,831",80,"40381333,28"
BHF,22.04.2026,"3,012,247",2578,"370126082,93"
BHH,22.04.2026,"568,689",74,"1009417106,38"
BHI,22.04.2026,"2,064,895",362,"668098266,78"
BHL,22.04.2026,"1,208,758",787,"59477560,62"
BHO,22.04.2026,"1,113,529",1,"1037045421,13"
BI5,22.04.2026,"2,292,189",11,"1147848,09"
BIA,22.04.2026,"248,538",12,"636305,27"
BID,22.04.2026,"3,410,254",2272,"297251664,96"
BIG,22.04.2026,"1,391,945",3798,"583227125,47"
BIH,22.04.2026,"7,511,867",407,"749237421,11"
BIK,22.04.2026,"1,468,484",14,"3411316128,06"
BIO,22.04.2026,"2,501,188",12127,"1127303765,57"
BIP,22.04.2026,"1,435,748",195,"5509742466,61"
BIS,22.04.2026,"1,620,964",75,"801136268,90"
BIY,22.04.2026,"1,277,677",324,"78581035,25"
BJD,22.04.2026,"49,408,507",71,"2494831166,81"
BKO,22.04.2026,"1,126,447",1,"3038486496,17"
BKY,22.04.2026,"45,867,085",560,"2126308042,98"
BLA,22.04.2026,"7,453,364",15,"6964722589,44"
BLD,22.04.2026,"1,467,179",732,"464410969,30"
BLT,22.04.2026,"1,794,848",3139,"394791777,83"
BMU,22.04.2026,"1,211,859",12,"1008308996,92"
BNC,22.04.2026,"2,015,343",256,"721752475,66"
BNH,22.04.2026,"1,339,154",205,"137999269,52"
BOH,22.04.2026,"983,868",11,"246527540,89"
BOL,22.04.2026,"1,570,265",256,"47031601,53"
BON,22.04.2026,"1,255,978",342,"28920106,13"
BOP,22.04.2026,"45,859,593",9,"1123753881,93"
BOS,22.04.2026,"1,471,072",1411,"2467442042,64"
BP5,22.04.2026,"1,561,513",15,"416665112,92"
BPD,22.04.2026,"49,358,569",11,"135658521,29"
BPZ,22.04.2026,"1,377,035",436,"873193023,75"
BRB,22.04.2026,"1,427,484",11,"941912507,57"
BRC,22.04.2026,"1,208,855",37,"126502746,69"
BRF,22.04.2026,"1,478,054",1090,"103280661,82"
BRG,22.04.2026,"4,500,946",1622,"1808945815,79"
BRH,22.04.2026,"554,241",15,"4468406116,01"
BRR,22.04.2026,"1,460,042",261,"351540444,24"
BRT,22.04.2026,"1,295,952",499,"36912732,60"
BRZ,22.04.2026,"51,057,275",5,"1598992754,06"
BS1,22.04.2026,"1,138,672",135,"12839356,02"
BSA,22.04.2026,"422,676",1,"862057932,48"
BSD,22.04.2026,"1,106,382",101,"271408665,96"
BSE,22.04.2026,"838,756",66,"586886397,59"
BSF,22.04.2026,"1,365,302",1,"7718737948,74"
BSH,22.04.2026,"1,117,394",165,"8993593,76"
BSM,22.04.2026,"1,449,078",1930,"1379676237,66"
BSN,22.04.2026,"1,467,039",13,"17764775,16"
BST,22.04.2026,"10,103,604",701,"60423765,47"
BTE,22.04.2026,"4,015,973",955,"210860101,76"
BTJ,22.04.2026,"1,240,154",82,"28383683,62"
BTK,22.04.2026,"128,918",327,"106164321,70"
BTP,22.04.2026,"507,567",15,"5262096,69"
BTY,22.04.2026,"54,726,959",3,"773729753,22"
BTZ,22.04.2026,"126,714",207,"8349162,89"
BUB,22.04.2026,"1,035,908",37,"3335993,57"
BUC,22.04.2026,"966,496",23,"236907953,99"
BUP,22.04.2026,"3,727,159",1,"12503788802,38"
BUT,22.04.2026,"1,732,184",4,"205709543,81"
BUV,22.04.2026,"1,388,058",475,"65881155,52"
BUY,22.04.2026,"1,831,253",18313,"415186582,88"
BV1,22.04.2026,"1,552,262",814,"149363421,68"
BVB,22.04.2026,"4,036,551",1,"4339304268,46"
BVC,22.04.2026,"3,834,595",1,"6217190587,59"
BVD,22.04.2026,"1,198,835",354,"218167877,17"
BVF,22.04.2026,"123,762",542,"945005923,84"
BVH,22.04.2026,"1,792,591",14,"115562641,95"
BVI,22.04.2026,"302,347",31,"320744613,49"
BVK,22.04.2026,"999,533",35,"2237115,22"
BVM,22.04.2026,"1,301,281",164,"11397372,63"
BVT,22.04.2026,"5,065,849",10,"19070373,31"
BVV,22.04.2026,"2,765,681",512,"101650223,16"
BVZ,22.04.2026,"3,944,061",759,"2259550828,10"
BYZ,22.04.2026,"2,491,218",42,"204663089,56"
CAH,22.04.2026,"1,360,108",374,"55224404,69"
CBD,22.04.2026,"3,067,774",15,"292639578,14"
CBN,22.04.2026,"48,762,778",6,"626994628,86"
CBO,22.04.2026,"303,000,482",3,"2192285445,87"
CEY,22.04.2026,"61,884,878",3,"205113404,20"
CFO,22.04.2026,"2,210,919",501,"2841106801,02"
CGD,22.04.2026,"54,126,148",2,"599151231,56"
CHY,22.04.2026,"631,591",43,"226301490,12"
CIN,22.04.2026,"1,591,209",540,"37480831,06"
CJD,22.04.2026,"47,653,015",30,"47958375,37"
CJF,22.04.2026,"6,092,539",3,"1848747099,48"
CJG,22.04.2026,"61,541,432",1,"1864319756,85"
CJH,22.04.2026,"58,395,273",1815,"3223375404,04"
CKF,22.04.2026,"1,823,351",1665,"522540589,21"
CKL,22.04.2026,"1,387,848",821,"364883712,16"
CKS,22.04.2026,"56,837,515",2436,"5948005222,09"
COT,22.04.2026,"5,615,473",200,"517655357,03"
CPT,22.04.2026,"3,211,983",8411,"471843930,37"
CPU,22.04.2026,"3,045,584",12620,"902503135,41"
CRL,22.04.2026,"45,460,831",3,"977407874,03"
CSD,22.04.2026,"60,033,575",1,"625594820,79"
CSH,22.04.2026,"3,389,114",55,"5041114700,26"
CTF,22.04.2026,"8,684,698",1,"324560701,52"
CTG,22.04.2026,"7,103,502",1,"15388343,73"
CTM,22.04.2026,"5,959,965",1,"15390847,39"
CTP,22.04.2026,"58,099,611",1,"525910122,90"
CTV,22.04.2026,"10,140,625",4,"192071274,23"
CVA,22.04.2026,"3,692,824",1,"8534011650,95"
CVB,22.04.2026,"3,796,663",5,"1796261728,88"
CVC,22.04.2026,"258,708",2,"649682333,08"
CVD,22.04.2026,"5,935,915",2,"1014126854,25"
CVE,22.04.2026,"24,645",1,"271149873,02"
CVF,22.04.2026,"4,168,954",1,"862069323,42"
CVK,22.04.2026,"4,646,772",2086,"643589908,61"
CVL,22.04.2026,"1,229,946",93,"28392318,22"
CYD,22.04.2026,"54,475,553",383,"1295671833,70"
DA1,22.04.2026,"46,144,057",47,"30990856,19"
DAC,22.04.2026,"67,754,755",1,"521357936,68"
DAE,22.04.2026,"3,482,357",1,"1750200152,77"
DAH,22.04.2026,"3,777,843",2918,"772532345,27"
DAI,22.04.2026,"89,439,233",4,"342598859,55"
DAL,22.04.2026,"67,073,603",1,"581874375,69"
DAS,22.04.2026,"51,006,963",26756,"131291424807,54"
DAT,22.04.2026,"90,435,062",6,"404947586,52"
DAV,22.04.2026,"54,651,723",135,"1036461828,80"
DAZ,22.04.2026,"1,216,993",4,"321951229,18"
DB2,22.04.2026,"1,841,437",18,"122023662,80"
DBA,22.04.2026,"762,542",27542,"11683213318,55"
DBB,22.04.2026,"103,347",1960,"331826565,34"
DBG,22.04.2026,"574,879",3,"2365013461,06"
DBH,22.04.2026,"353,925",9232,"1010957799,83"
DBK,22.04.2026,"106,894",86012,"669902382,75"
DBP,22.04.2026,"458,777",1107,"159750726,23"
DBZ,22.04.2026,"123,947",3073,"776624818,37"
DCB,22.04.2026,"4,182,621",22573,"135429951409,46"
DCD,22.04.2026,"62,069,683",1,"266608778,70"
DCE,22.04.2026,"67,968,119",3,"1182604428,42"
DCN,22.04.2026,"1,267,933",1101,"149498782,37"
DCP,22.04.2026,"69,697,061",3,"248433920,64"
DDA,22.04.2026,"13,992,973",1245,"265292085,53"
DDC,22.04.2026,"10,215,936",11,"3427044308,45"
DDE,22.04.2026,"71,106,722",1,"392158760,71"
DDF,22.04.2026,"11,039,099",562,"262749966,18"
DDP,22.04.2026,"69,087,718",1,"72268654,67"
DEF,22.04.2026,"2,558,482",94,"68609212,73"
DEI,22.04.2026,"34,763",13,"3129433,61"
DFC,22.04.2026,"3,136,055",1690,"130310101,84"
DFD,22.04.2026,"2,547,746",539,"161334390,05"
DFI,22.04.2026,"3,734,612",39835,"17865176897,41"
DFO,22.04.2026,"346,226",2,"1024017373,26"
DGF,22.04.2026,"1,287,674",226,"26903538,59"
DGH,22.04.2026,"9,431,817",232,"1169852430,41"
DHI,22.04.2026,"5,868,545",46,"881580812,33"
DHJ,22.04.2026,"7,038,485",3017,"226005085,79"
DHM,22.04.2026,"513,369",1292,"30001225,32"
DHP,22.04.2026,"3,917,215",1,"7393715,15"
DHS,22.04.2026,"325,999,967",1,"4304939750,39"
DHT,22.04.2026,"1,089,367",559,"77359772,76"
DHV,22.04.2026,"2,158,095",11,"314002562,68"
DID,22.04.2026,"1,389,834",177,"37913284,74"
DIH,22.04.2026,"1,762,209",11,"132267204,96"
DIM,22.04.2026,"48,946,751",1,"111966084,01"
DIP,22.04.2026,"1,382,064",1238,"40274409223,74"
DK1,22.04.2026,"1,313,847",69,"4213436854,25"
DK8,22.04.2026,"45,107,674",315,"1748574340,50"
DKA,22.04.2026,"45,074,916",239,"2297866525,29"
DKC,22.04.2026,"672,832",13,"210936,88"
DKH,22.04.2026,"3,555,455",1538,"208195373,28"
DKL,22.04.2026,"47,113,836",106,"407729070,90"
DKP,22.04.2026,"44,928,962",644,"3947458614,22"
DKR,22.04.2026,"746,802",568,"60186341,29"
DKS,22.04.2026,"67,316,851",2,"215947746,52"
DKY,22.04.2026,"44,933,481",231,"2553322065,27"
DL2,22.04.2026,"2,181,392",734,"9983287088,36"
DLD,22.04.2026,"7,321,927",625,"80346956,38"
DLG,22.04.2026,"1,174,858",43,"4557722,48"
DLN,22.04.2026,"1,895,821",12,"30373883,17"
DLY,22.04.2026,"5,350,753",314700,"72968340584,68"
DLZ,22.04.2026,"1,404,518",13,"173348,46"
DMG,22.04.2026,"76,902",16712,"3853765909,19"
DMR,22.04.2026,"53,888,347",1,"15976231655,49"
DMV,22.04.2026,"65,622,396",2,"315405252,75"
DMZ,22.04.2026,"59,682,794",5,"595377406,16"
DNA,22.04.2026,"8,667,788",5,"1725093015,70"
DNF,22.04.2026,"1,182,882",98,"23631563,68"
DNH,22.04.2026,"1,171,966",79,"19011335,29"
DNK,22.04.2026,"1,706,162",213,"16360861,07"
DNL,22.04.2026,"51,724,548",1,"206107116,06"
DNM,22.04.2026,"48,320,871",1233,"1731186421,39"
DNP,22.04.2026,"1,262,353",258,"1297216547,68"
DNU,22.04.2026,"4,471,742",16,"36767333,26"
DOC,22.04.2026,"44,998,873",178,"4607835604,47"
DOD,22.04.2026,"63,933,887",11,"10952978778,01"
DOH,22.04.2026,"2,127,564",5250,"976240302,40"
DOL,22.04.2026,"48,820,118",387,"2994974471,22"
DOR,22.04.2026,"66,415,423",1,"478372024,59"
DOS,22.04.2026,"65,201,461",2,"3073031291,55"
DOV,22.04.2026,"57,057,888",17765,"70794294983,02"
DP1,22.04.2026,"17,931,612",7,"5102921556,33"
DP2,22.04.2026,"62,447,058",11,"337070357,75"
DP3,22.04.2026,"65,128,252",4,"232386003,01"
DP4,22.04.2026,"67,943,875",3,"509544482,66"
DP5,22.04.2026,"78,184,159",1,"1693224469,70"
DP6,22.04.2026,"44,730,628",215,"1805834077,96"
DP7,22.04.2026,"56,642,039",3,"509879289,30"
DP8,22.04.2026,"4,516,934",50,"375496289,22"
DP9,22.04.2026,"45,122,788",155,"5703026114,20"
DPB,22.04.2026,"22,776,445",3859,"20867268612,30"
DPC,22.04.2026,"92,236,825",1,"317698215,76"
DPE,22.04.2026,"21,096,832",1,"1380928570,93"
DPG,22.04.2026,"93,617,923",2,"536823238,78"
DPI,22.04.2026,"7,913,934",112,"262905683,48"
DPK,22.04.2026,"7,666,373",1311,"826090306,61"
DPL,22.04.2026,"96,026,547",1,"2482438348,49"
DPN,22.04.2026,"56,325,709",1,"2210220,82"
DPP,22.04.2026,"157,716,465",2,"212906502,37"
DPT,22.04.2026,"17,316,499",5513,"348616648,88"
DPZ,22.04.2026,"76,306,762",1,"115041753,21"
DRA,22.04.2026,"1,228,604",16,"49803653,90"
DRD,22.04.2026,"53,011,418",153,"1661721711,21"
DRH,22.04.2026,"1,027,638",69,"142480777,91"
DRS,22.04.2026,"70,208,826",3,"233251623,13"
DRT,22.04.2026,"109,155",339,"19194590,33"
DSC,22.04.2026,"62,323,238",1,"926130042,89"
DSD,22.04.2026,"67,776,151",1674,"5810009039,64"
DSH,22.04.2026,"2,031,215",101,"24812121,31"
DSP,22.04.2026,"13,625,837",1088,"142212979,13"
DSV,22.04.2026,"45,904,907",49,"899508997,46"
DTH,22.04.2026,"1,223,228",125,"170698229,87"
DTL,22.04.2026,"3,873,931",3788,"168610534,00"
DTM,22.04.2026,"1,370,988",3151,"67707711,27"
DTO,22.04.2026,"44,842,411",161,"111773071,53"
DTP,22.04.2026,"1,829,652",4,"1657609998,87"
DTV,22.04.2026,"63,645,484",4,"3839488167,29"
DTZ,22.04.2026,"450,036",6256,"272295596,36"
DUC,22.04.2026,"673,247",12,"233186,66"
DUD,22.04.2026,"48,574,277",266,"328698876,92"
DUH,22.04.2026,"1,210,138",80,"5202998,00"
DUT,22.04.2026,"45,194,677",262,"834840689,72"
DUV,22.04.2026,"1,244,212",214,"72049832,05"
DVC,22.04.2026,"63,575,981",1,"52450184,38"
DVI,22.04.2026,"7,256,439",2,"183072627,92"
DVN,22.04.2026,"6,064,772",1,"290474557,22"
DVO,22.04.2026,"4,714,616",1,"30209312,53"
DVS,22.04.2026,"1,383,701",316,"258952815,80"
DVT,22.04.2026,"8,096,391",10768,"716815373,52"
DVU,22.04.2026,"7,641,107",5,"1375587286,74"
DVZ,22.04.2026,"61,807,247",1,"1298666435,73"
DXP,22.04.2026,"1,815,515",1183,"53869191,45"
DYJ,22.04.2026,"44,984,801",156,"1060179074,47"
DYN,22.04.2026,"4,266,762",1670,"57248162,85"
DYS,22.04.2026,"1,483,881",13,"17229031,11"
DZ2,22.04.2026,"1,433,933",2,"12397616577,43"
DZE,22.04.2026,"1,006,308",3036,"254117296,88"
DZM,22.04.2026,"80,843,601",4847,"19896750886,71"
DZP,22.04.2026,"56,256,057",2,"438122172,07"
DZS,22.04.2026,"1,398,811",157,"62000744,19"
EBD,22.04.2026,"223,767",392,"40474864,21"
EBI,22.04.2026,"53,493,932",29,"587889918,91"
EBS,22.04.2026,"45,480,655",29,"3225823819,93"
EC2,22.04.2026,"87,849,844",2613,"90996080,99"
ECA,22.04.2026,"1,710,082",384,"111223084,64"
ECB,22.04.2026,"47,096,148",3226,"948607224,33"
ECV,22.04.2026,"433,661",2410,"99186546,60"
EDD,22.04.2026,"1,047,864",13,"10564048,73"
EDP,22.04.2026,"1,021,794",30,"51989852,06"
EDT,22.04.2026,"1,985,877",621,"956302836,99"
EDU,22.04.2026,"3,254,143",671,"435612495,86"
EES,22.04.2026,"5,514,207",1,"461066395,93"
EGP,22.04.2026,"538,201",50,"246180778,46"
EHS,22.04.2026,"2,842,374",3,"670626679,73"
EIB,22.04.2026,"579,134",451,"281088941,19"
EID,22.04.2026,"1,854,969",2207,"121063947,02"
EIL,22.04.2026,"4,623,319",1930,"1594585721,43"
EJG,22.04.2026,"9,477,545",1,"648446113,39"
EKF,22.04.2026,"124,245",5404,"1818878317,90"
EKL,22.04.2026,"1,608,534",1447,"22815393621,25"
ELZ,22.04.2026,"13,672,848",789,"562789662,40"
EME,22.04.2026,"1,235,732",26,"42702486,14"
EML,22.04.2026,"1,174,352",765,"42896374,86"
ENA,22.04.2026,"1,049,193",16,"10580236,82"
ENJ,22.04.2026,"1,335,782",740,"39084412,69"
ENO,22.04.2026,"44,931,253",10,"44972590,24"
ENR,22.04.2026,"1,058,314",37,"13157084,99"
ENS,22.04.2026,"1,074,058",10,"10778105,18"
EPA,22.04.2026,"1,211,008",86,"432713683,23"
EPI,22.04.2026,"1,166,551",186,"275793315,83"
EPK,22.04.2026,"146,525",2109,"289484913,26"
EPO,22.04.2026,"57,519,574",1,"425069365,73"
EPP,22.04.2026,"1,295,249",40,"1690448169,32"
EPT,22.04.2026,"1,173,015",53,"905922862,92"
ESG,22.04.2026,"4,249,337",83,"118697926,46"
ESN,22.04.2026,"163,715",12,"65122516,66"
ESP,22.04.2026,"52,795",312,"50966848,76"
EUN,22.04.2026,"59,970,823",3602,"6416785266,10"
EUZ,22.04.2026,"59,199,774",39846,"138100738032,49"
EVM,22.04.2026,"1,083,018",595,"45124566,38"
EYT,22.04.2026,"2,794,176",634,"93410773,73"
EZM,22.04.2026,"4,206,765",1,"4206764,98"
FAK,22.04.2026,"1,392,145",458,"34772130,93"
FAL,22.04.2026,"1,282,893",946,"363252949,15"
FBC,22.04.2026,"2,265,073",5911,"195648101,06"
FBI,22.04.2026,"49,094,334",5435,"19787250220,80"
FBN,22.04.2026,"10,505,251",15,"16253566,66"
FBV,22.04.2026,"7,275,341",2330,"723413673,21"
FBZ,22.04.2026,"4,086,379",378,"195168551,41"
FCK,22.04.2026,"1,931,181",893,"343000462,71"
FCS,22.04.2026,"2,032,765",177,"1496231878,72"
FD1,22.04.2026,"1,814,556",177,"30583920,13"
FDE,22.04.2026,"44,868,968",895,"4164737650,43"
FDG,22.04.2026,"2,649,562",1520,"313217800,68"
FDO,22.04.2026,"5,716,898",1,"270830210,93"
FDV,22.04.2026,"5,215,805",1,"1303951132,63"
FDY,22.04.2026,"44,992,962",890,"3870296723,38"
FDZ,22.04.2026,"29,513",12,"224043964,39"
FFD,22.04.2026,"44,999",377,"152244774,73"
FFF,22.04.2026,"62,448,085",1,"1050522173,23"
FFH,22.04.2026,"7,882,978",1949,"1195766375,31"
FFO,22.04.2026,"57,999,794",7,"104507160,64"
FFP,22.04.2026,"7,386,777",2842,"2570930314,84"
FHI,22.04.2026,"1,473,124",11,"230885154,12"
FHP,22.04.2026,"2,982,016",48,"11134886470,18"
FHZ,22.04.2026,"62,663,149",3,"726297671,37"
FI3,22.04.2026,"737,492,329",9868,"1849453488,61"
FI5,22.04.2026,"653,102,792",52073,"93901032807,83"
FIB,22.04.2026,"520,685",13716,"6361947895,28"
FID,22.04.2026,"1,006,663",1816,"969715466,92"
FIL,22.04.2026,"327,076",19093,"12518683383,27"
FIT,22.04.2026,"221,377",606,"221928022,06"
FJB,22.04.2026,"6,330,914",830,"389285657,55"
FJC,22.04.2026,"55,439,654",88,"1260474985,95"
FJM,22.04.2026,"53,492,628",1745,"8649320000,50"
FJN,22.04.2026,"53,298,505",1260,"5470174621,22"
FJZ,22.04.2026,"61,654,071",892,"1714720490,42"
FKE,22.04.2026,"55,982,262",12693,"49102995868,70"
FKH,22.04.2026,"45,384,591",2132,"12453078012,43"
FKV,22.04.2026,"45,020,292",488,"2214097984,34"
FLS,22.04.2026,"58,105,675",2060,"3107385455,91"
FLY,22.04.2026,"1,674,187",1635,"123354127,52"
FMG,22.04.2026,"3,833,572",13026,"15012894819,58"
FMS,22.04.2026,"53,641,548",1,"628771317,99"
FMV,22.04.2026,"1,251,756",24,"137630093,16"
FNE,22.04.2026,"2,728,256",1,"1063583,49"
FNN,22.04.2026,"0,00",1,"0,00"
FNO,22.04.2026,"191,102",8698,"15908728526,58"
FNT,22.04.2026,"1,997,801",2156,"591721154,34"
FP4,22.04.2026,"1,282,628",118,"74613674,00"
FPE,22.04.2026,"71,011,084",1435,"324138968,15"
FPG,22.04.2026,"2,510,689",2589,"1374376900,87"
FPH,22.04.2026,"33,950,742",4867,"1525824252,31"
FPI,22.04.2026,"2,329,533",173,"111852726,52"
FPK,22.04.2026,"8,732",1175,"281289930,48"
FPR,22.04.2026,"11,232,554",21,"173919614,71"
FPZ,22.04.2026,"63,987,878",19520,"132515764665,62"
FR1,22.04.2026,"1,491,748",21,"567828545,13"
FRA,22.04.2026,"32,554,761",2,"532147350,38"
FRC,22.04.2026,"1,693,673",423,"91830102,78"
FRZ,22.04.2026,"15,539,203",2,"278161720,71"
FS1,22.04.2026,"1,696,415",297,"207468501,16"
FS2,22.04.2026,"2,093,312",28,"16462723,44"
FS3,22.04.2026,"1,938,208",22,"1648023828,39"
FS4,22.04.2026,"9,778,769",21,"5020194255,68"
FS5,22.04.2026,"2,510,325",9,"22071429,66"
FS6,22.04.2026,"1,593,864",409,"124429512,25"
FSF,22.04.2026,"6,073,688",7304,"11082280981,09"
FSG,22.04.2026,"3,744,839",853,"1047175239,20"
FSH,22.04.2026,"4,053,205",467,"332453946,67"
FSK,22.04.2026,"5,390,688",2600,"6881344801,50"
FSM,22.04.2026,"7,955,454",21,"1067610062,96"
FSP,22.04.2026,"37,194,555",24,"472333,65"
FSR,22.04.2026,"44,888,264",2546,"9161289469,24"
FSU,22.04.2026,"1,337,972",7100,"913569341,28"
FSV,22.04.2026,"52,875,693",876,"5357893925,95"
FTL,22.04.2026,"1,347,841",217,"337321946,35"
FTM,22.04.2026,"52,155,745",14,"1692134679,00"
FTY,22.04.2026,"44,810,315",1253,"7495421381,01"
FUA,22.04.2026,"5,346,733",5058,"337863673,52"
FUB,22.04.2026,"70,874",2275,"1430097732,63"
FUM,22.04.2026,"58,760,358",2,"422547615,63"
FUN,22.04.2026,"147,248",11,"18068195,07"
FUP,22.04.2026,"10,295,081",2,"451714386,59"
FVL,22.04.2026,"4,348,496",55,"1432754397,53"
FYA,22.04.2026,"54,818",157,"1816684884,03"
FYB,22.04.2026,"93,625,559",9,"191508739,32"
FYD,22.04.2026,"12,053,857",5925,"3817294751,23"
FYF,22.04.2026,"9,999",11,"35067439,60"
FYG,22.04.2026,"15,576,888",2,"89602091,64"
FYH,22.04.2026,"82,685,807",26,"969169854,72"
FYI,22.04.2026,"9,240,469",192,"41089113,99"
FYM,22.04.2026,"410,135",15,"321419323,11"
FYO,22.04.2026,"1,045,228",1293,"973744344,53"
FYT,22.04.2026,"324,624",99190,"3105875681,36"
FYZ,22.04.2026,"6,176,894",2,"268180249,24"
FZJ,22.04.2026,"5,233,339",2350,"1255825742,80"
FZP,22.04.2026,"6,023,478",657,"1051829126,97"
GA1,22.04.2026,"1,815,275",1567,"353052737,31"
GAC,22.04.2026,"70,985,264",1,"392383609,62"
GAE,22.04.2026,"458,033",15134,"1573063672,19"
GAF,22.04.2026,"1,744,511",1794,"217207508,77"
GAG,22.04.2026,"16,731,638",229,"803095363,24"
GAH,22.04.2026,"11,534,393",3082,"433911628,80"
GAJ,22.04.2026,"59,160,184",1,"469440081,75"
GAL,22.04.2026,"362,080,319",57111,"61741379878,24"
GAN,22.04.2026,"9,360,917",11,"25209511,86"
GAS,22.04.2026,"295,525",2331,"3326310498,29"
GAU,22.04.2026,"61,256,694",5,"1983511850,21"
GAV,22.04.2026,"57,738,804",1,"227548626,60"
GBC,22.04.2026,"276,861",1627,"293420493,23"
GBG,22.04.2026,"499,768",3314,"153407405,14"
GBH,22.04.2026,"4,227,914",2748,"2228310800,52"
GBJ,22.04.2026,"1,591,018",2143,"682996317,46"
GBL,22.04.2026,"766,071",1774,"3128859821,54"
GBN,22.04.2026,"6,053,094",467,"5637435635,40"
GBP,22.04.2026,"66,886,541",2,"3668430488,33"
GBV,22.04.2026,"11,381,908",23083,"2373320016,23"
GBZ,22.04.2026,"3,400,846",3550,"1579007665,64"
GCA,22.04.2026,"67,300,924",2,"779586784,29"
GCC,22.04.2026,"5,407,094",2,"1200701341,49"
GCD,22.04.2026,"3,366,291",13,"469673508,03"
GCI,22.04.2026,"5,997,662",3,"205473662,87"
GCZ,22.04.2026,"57,393,203",1,"11175317,53"
GDJ,22.04.2026,"56,962,802",4,"461480041,00"
GDP,22.04.2026,"61,881,345",1,"1437878021,15"
GEC,22.04.2026,"71,187,665",3,"399475562,30"
GEI,22.04.2026,"114,356,744",11,"4227537595,66"
GEZ,22.04.2026,"56,241,673",1,"373132901,94"
GFB,22.04.2026,"6,516,107",4,"397877209,81"
GFD,22.04.2026,"64,882,179",2,"115513507,30"
GFI,22.04.2026,"4,971,326",3,"1607604500,04"
GFL,22.04.2026,"10,592,354",1,"444592097,51"
GFN,22.04.2026,"74,143,204",3,"858091625,41"
GFY,22.04.2026,"64,487,509",3,"395885013,57"
GGA,22.04.2026,"62,525,296",3,"8151407348,90"
GGC,22.04.2026,"519,139",5,"182389084,17"
GGD,22.04.2026,"61,177,856",2,"5837734700,56"
GGK,22.04.2026,"14,301,211",13351,"2912747588,23"
GGM,22.04.2026,"7,438,173",1,"2546019184,68"
GGN,22.04.2026,"63,800,658",4,"444271161,01"
GGP,22.04.2026,"26,350,287",1,"182528,44"
GGR,22.04.2026,"6,320,922",3,"1508609534,64"
GHS,22.04.2026,"40,120,079",14801,"3315283044,80"
GID,22.04.2026,"1,667,772",2296,"55882291,15"
GIE,22.04.2026,"3,674,659",5154,"94292396,26"
GIH,22.04.2026,"2,465,297",656,"16808295,47"
GJA,22.04.2026,"61,333,608",3,"874823080,57"
GJB,22.04.2026,"10,120,662",1070,"77782326,04"
GJD,22.04.2026,"59,081,977",3,"384534989,23"
GJE,22.04.2026,"59,034,335",2,"136765610,88"
GJF,22.04.2026,"5,973,111",2,"227344311,55"
GJH,22.04.2026,"346,045",26257,"134718720295,58"
GJM,22.04.2026,"39,613,103",69,"454411132,20"
GJO,22.04.2026,"55,692,292",1,"544639933,31"
GKE,22.04.2026,"0,00",0,"0,01"
GKF,22.04.2026,"4,814,445",799,"45433345,06"
GKG,22.04.2026,"1,377,827",1330,"45816718,12"
GKH,22.04.2026,"3,951,455",1877,"5740775829,01"
GKK,22.04.2026,"61,107,302",2,"1870959362,80"
GKL,22.04.2026,"15,249,013",4,"857744877,63"
GKM,22.04.2026,"45,170,089",14,"122122756,22"
GKO,22.04.2026,"0,00",0,"0,01"
GKV,22.04.2026,"7,620,762",3498,"395124616,77"
GL1,22.04.2026,"1,441,559,409",999,"1261830106,21"
GLC,22.04.2026,"4,275,352",70,"16519468,09"
GLG,22.04.2026,"8,263,078",642,"70230738,95"
GLM,22.04.2026,"516,993",11,"260601345,13"
GLP,22.04.2026,"62,965,755",4,"516446442,75"
GLS,22.04.2026,"151,137",1394,"551920275,92"
GLV,22.04.2026,"8,306,596",22,"20067166,73"
GMA,22.04.2026,"1,935,427",1552,"2521114499,16"
GMC,22.04.2026,"906,532",25107,"5318228320,97"
GMD,22.04.2026,"2,555,359",117,"3093494,77"
GME,22.04.2026,"26,404,392",2,"372544290,60"
GMI,22.04.2026,"1,602,986",6296,"565576303,77"
GMM,22.04.2026,"44,895,183",27,"418400437,85"
GMN,22.04.2026,"1,201,771",32,"94107745,91"
GMO,22.04.2026,"2,977,639",4,"2383454161,42"
GMP,22.04.2026,"58,312,347",1,"1523969852,25"
GMR,22.04.2026,"1,378,401",5144,"210181574,24"
GMV,22.04.2026,"0,00",0,"0,01"
GMZ,22.04.2026,"13,002,873",2,"353971848,70"
GNH,22.04.2026,"1,483,784",198,"7600372,24"
GNK,22.04.2026,"64,199,739",1,"440125934,50"
GNL,22.04.2026,"56,278,126",4,"1674070976,55"
GNP,22.04.2026,"13,002",5263,"1285611343,69"
GNS,22.04.2026,"1,517,909",1463,"75574811,25"
GNZ,22.04.2026,"1,424,362",465,"1688756,21"
GO1,22.04.2026,"4,308,964",1090,"158155348,53"
GO2,22.04.2026,"4,587,856",592,"35070871,83"
GO3,22.04.2026,"4,732,022",599,"47198448,18"
GO4,22.04.2026,"5,117,723",967,"65445639,44"
GO6,22.04.2026,"3,707,035",4289,"4750243122,06"
GO9,22.04.2026,"2,528,283",1800,"404955292,45"
GOF,22.04.2026,"46,299,233",132,"62848061,10"
GOH,22.04.2026,"15,921,982",9007,"671522691,30"
GOL,22.04.2026,"2,891,384",13638,"5440985672,35"
GOP,22.04.2026,"106,493",423,"743917311,13"
GP1,22.04.2026,"372,302",1,"170208555,01"
GP3,22.04.2026,"58,024,585",292,"383268632,73"
GPA,22.04.2026,"21,624,346",5671,"764593473,32"
GPB,22.04.2026,"11,067,352",9869,"1219959861,11"
GPC,22.04.2026,"67,092,175",3967,"7438204224,61"
GPF,22.04.2026,"8,248,536",2887,"846824721,80"
GPG,22.04.2026,"1,499,386",2736,"890068540,78"
GPH,22.04.2026,"43,176,483",1,"2531739,44"
GPI,22.04.2026,"16,848,602",3039,"743581485,98"
GPJ,22.04.2026,"53,781,917",2,"881630724,50"
GPL,22.04.2026,"49,272,663",39319,"99445008035,20"
GPM,22.04.2026,"57,987,483",2,"1208289706,85"
GPN,22.04.2026,"1,222,601",2088,"1991727580,20"
GPT,22.04.2026,"2,360,997",2680,"85620172,19"
GPU,22.04.2026,"19,735,913",2729,"407420808,27"
GPV,22.04.2026,"63,323,484",1,"546498133,98"
GPZ,22.04.2026,"1,728,933",216,"8632178570,53"
GRL,22.04.2026,"1,730,924",353,"1023272447,77"
GRO,22.04.2026,"50,169,762",27113,"186876850164,60"
GRT,22.04.2026,"1,535,993",1439,"74724771,57"
GSE,22.04.2026,"59,849,456",105,"1452800768,25"
GSG,22.04.2026,"66,302,939",1,"82036361,59"
GSL,22.04.2026,"3,029,739",1,"293106163,68"
GSO,22.04.2026,"13,429,279",5,"307589504,23"
GSP,22.04.2026,"547,622",13938,"2749699496,21"
GSR,22.04.2026,"52,946,609",2,"245839576,77"
GSU,22.04.2026,"0,00",0,"0,01"
GTA,22.04.2026,"1,645,134",81856,"28634431651,24"
GTF,22.04.2026,"13,816,863",576,"207061417,72"
GTH,22.04.2026,"1,327,433",394,"10089433,45"
GTK,22.04.2026,"6,349,503",1,"25585114167,97"
GTL,22.04.2026,"118,646",322816,"141116384350,02"
GTM,22.04.2026,"7,833,121",14463,"1187139796,26"
GTN,22.04.2026,"48,711,191",2,"1364523931,71"
GTY,22.04.2026,"5,796,522",667,"479167902,18"
GTZ,22.04.2026,"13,405,115",71149,"16584519653,75"
GUA,22.04.2026,"5,456,219",1,"1865267514,63"
GUB,22.04.2026,"2,261,345",3399,"1974567252,14"
GUC,22.04.2026,"1,285,559",1,"2838329767,73"
GUH,22.04.2026,"359,183",26731,"2544267559,52"
GUK,22.04.2026,"160,911",3412,"1340879368,58"
GUM,22.04.2026,"14,265,188",59010,"8398107110,70"
GUV,22.04.2026,"1,647,618",2117,"665263046,33"
GVA,22.04.2026,"4,109,383",3435,"95929249,49"
GVB,22.04.2026,"63,293,728",3,"3322897918,40"
GVC,22.04.2026,"59,953,305",1,"284134778,11"
GVD,22.04.2026,"19,973,809",1,"441720,79"
GVI,22.04.2026,"548,391",5425,"1417691451,04"
GVL,22.04.2026,"6,194,221",3,"487616135,14"
GVZ,22.04.2026,"68,839,789",2,"380914924,44"
GYC,22.04.2026,"3,661,538",1,"15029478455,25"
GYG,22.04.2026,"67,064,072",4,"499498641,41"
GYK,22.04.2026,"101,461",279,"73348273,09"
GYL,22.04.2026,"12,854,866",7782,"1127250163,33"
GYN,22.04.2026,"63,034,345",1,"1299362575,51"
GYR,22.04.2026,"58,648,382",5,"564202717,68"
GZB,22.04.2026,"6,661,003",1,"1265590486,67"
GZD,22.04.2026,"57,634,788",3,"50528303,55"
GZE,22.04.2026,"7,156,669",5345,"1871531950,91"
GZG,22.04.2026,"5,897,107",1623,"429754919,33"
GZH,22.04.2026,"4,969,742",6287,"400466571,07"
GZJ,22.04.2026,"8,251,612",6062,"1997546719,75"
GZL,22.04.2026,"5,267,599",6242,"353008927,77"
GZM,22.04.2026,"8,145,313",313,"109944681,34"
GZN,22.04.2026,"45,056,535",1505,"425037128,62"
GZO,22.04.2026,"65,973,777",1,"108508258,14"
GZP,22.04.2026,"7,033,502",9742,"4254300623,28"
GZR,22.04.2026,"11,799,274",2193,"1079846349,05"
GZU,22.04.2026,"63,109,384",2,"431014940,25"
GZV,22.04.2026,"7,930,441",1381,"94239456,43"
GZY,22.04.2026,"7,453,833",2345,"66854344,08"
GZZ,22.04.2026,"6,698,615",1307,"62935964,59"
HAE,22.04.2026,"52,011,402",1069,"2347076366,27"
HAG,22.04.2026,"57,520,271",47,"407561948,53"
HAM,22.04.2026,"3,196,993",9040,"1879590081,60"
HAR,22.04.2026,"1,051,338",68,"40115257,56"
HAT,22.04.2026,"1,795,462",121,"8540196,98"
HB1,22.04.2026,"46,807,941",330,"21115349463,85"
HB2,22.04.2026,"54,421,808",190,"10804513021,05"
HBF,22.04.2026,"52,214,391",12817,"7389791866,70"
HBJ,22.04.2026,"242,501",1,"242501,02"
HBN,22.04.2026,"40,635",1133,"531423683,83"
HBU,22.04.2026,"1,459,871",2843,"465616378,14"
HBV,22.04.2026,"15,421,736",18,"887504411,16"
HCV,22.04.2026,"1,051,317",214,"57290837,34"
HDA,22.04.2026,"2,824,712",799,"413864974,60"
HDE,22.04.2026,"54,303,535",4380,"7921812173,06"
HDH,22.04.2026,"821,995,709",18,"30485650779,50"
HDJ,22.04.2026,"5,741,447",11,"14236527,18"
HDK,22.04.2026,"2,794,618",152,"12481634,79"
HDS,22.04.2026,"15,294,226",13,"1535821677,62"
HDV,22.04.2026,"6,160,724",2204,"4280048048,73"
HEH,22.04.2026,"2,896,454",1908,"742517830,77"
HFA,22.04.2026,"2,936,107",2,"4151158551,40"
HFI,22.04.2026,"1,623,153",157,"45282684,18"
HFR,22.04.2026,"1,506,581",787,"93068664,75"
HFV,22.04.2026,"59,375,894",3372,"8978366311,55"
HFY,22.04.2026,"1,158,053",27,"803299841,64"
HGC,22.04.2026,"4,919,842",193,"309394149,97"
HGH,22.04.2026,"1,762,621",21,"78234719,47"
HGJ,22.04.2026,"13,568,658",11,"6064226,67"
HGM,22.04.2026,"3,947,357",2046,"151928351,29"
HGR,22.04.2026,"1,173,694",372,"59373023,57"
HGT,22.04.2026,"88,439,054",14,"3622760277,17"
HGU,22.04.2026,"4,408,677",2,"2473349533,96"
HGV,22.04.2026,"5,273,284",564,"64504107,25"
HIA,22.04.2026,"1,375,057",360,"484847631,98"
HIF,22.04.2026,"642,176",19,"1049221,66"
HIH,22.04.2026,"1,433,142",6333,"366616070,37"
HII,22.04.2026,"3,087,589",1,"1016950612,32"
HIM,22.04.2026,"3,563,338",304,"413282689,14"
HIP,22.04.2026,"1,904,604",879,"1589126296,73"
HIS,22.04.2026,"3,494,421",12,"1423071,31"
HIZ,22.04.2026,"1,919,598",1104,"165844479,72"
HJA,22.04.2026,"27,159,329",13,"3151020189,39"
HJB,22.04.2026,"4,350,076",1818,"139250198,32"
HKG,22.04.2026,"1,414,062",1001,"37506087,48"
HKH,22.04.2026,"8,532,578",16121,"1786027715,00"
HKJ,22.04.2026,"1,215,655",2698,"12600703496,28"
HKM,22.04.2026,"5,030,326",1550,"165181178,02"
HKP,22.04.2026,"5,344,331",127,"428368554,17"
HKR,22.04.2026,"39,561",1866,"1669429889,81"
HKV,22.04.2026,"52,212,208",37540,"3851158364,44"
HLA,22.04.2026,"2,326,894",11,"51942079,88"
HLL,22.04.2026,"335,849",1038882,"44301342436,16"
HLR,22.04.2026,"226,149,956",14,"5339248259,59"
HMC,22.04.2026,"7,639,349",123,"6983793,74"
HME,22.04.2026,"50,415,402",8279,"24835790105,48"
HMG,22.04.2026,"60,515",4759,"1855481544,84"
HMK,22.04.2026,"297,638,728",112,"286511504,39"
HML,22.04.2026,"45,790,484",46,"20277903,77"
HMS,22.04.2026,"104,625",4535,"441351140,79"
HMT,22.04.2026,"6,804,813",22,"569092357,42"
HMV,22.04.2026,"18,598,029",13,"15204760172,84"
HNC,22.04.2026,"1,369,706",110,"13879224,21"
HNS,22.04.2026,"46,582,651",110,"489042375,95"
HOA,22.04.2026,"215,288",3352,"1413005371,82"
HOY,22.04.2026,"328,265",2618,"1222081460,31"
HP3,22.04.2026,"53,920,904",130,"299075742,97"
HPC,22.04.2026,"12,047,441",7,"34795938096,85"
HPD,22.04.2026,"212,914",1570,"350376160,15"
HPF,22.04.2026,"4,019,705",12,"1734467313,67"
HPH,22.04.2026,"2,101,736",10755,"11887951408,48"
HPI,22.04.2026,"7,729,027",14,"265987346,27"
HPJ,22.04.2026,"3,734,614",1,"73269599,46"
HPL,22.04.2026,"2,721,696",24,"1234486898,73"
HPO,22.04.2026,"152,766",3032,"1278841545,34"
HPT,22.04.2026,"100,572",10332,"2483169576,33"
HPV,22.04.2026,"6,884,694",342218,"7905095202,05"
HPZ,22.04.2026,"590,847,469",16,"1195284,43"
HRZ,22.04.2026,"2,249,307",6385,"399692168,42"
HSA,22.04.2026,"1,543,636,408",2737,"4116623600,63"
HSL,22.04.2026,"363,143,967",24320,"22385100148,72"
HSP,22.04.2026,"45,079,754",1074,"1938705089,59"
HST,22.04.2026,"931,938",3904,"464990531,25"
HTF,22.04.2026,"1,272,323",520,"7600316076,12"
HTJ,22.04.2026,"1,619,088",147,"8626296,44"
HTS,22.04.2026,"5,109,449",1788,"3094427464,70"
HTZ,22.04.2026,"15,345,023",13,"726162909,13"
HUI,22.04.2026,"88,997,725",1,"2100315692,00"
HUS,22.04.2026,"3,639",12,"2070303,00"
HVA,22.04.2026,"511,215,076",17,"141430206,86"
HVB,22.04.2026,"1,708,845",13,"1487023199,28"
HVC,22.04.2026,"26,164,376",17,"71369378,17"
HVI,22.04.2026,"1,273,238",495,"50150641,44"
HVK,22.04.2026,"504,442",2151,"1138493900,99"
HVL,22.04.2026,"20,426,271",11,"2867848,44"
HVN,22.04.2026,"5,393,913",12,"6121935,02"
HVS,22.04.2026,"1,582,413",10943,"2920079533,89"
HVT,22.04.2026,"413,035",2121,"840121038,74"
HVU,22.04.2026,"5,375,698",908,"22058499,82"
HVV,22.04.2026,"64,669,628",1,"3279130484,34"
HVZ,22.04.2026,"6,974,755",2080,"106490456,14"
HYK,22.04.2026,"10,142,328",24,"196300706,77"
HYP,22.04.2026,"905,524",60,"49368868,40"
HYU,22.04.2026,"1,585,732",298,"1033726801,50"
HYV,22.04.2026,"5,576,739",7723,"7214229595,65"
HYY,22.04.2026,"12,752,839",1,"6293368886,64"
HZV,22.04.2026,"5,776,278",3,"946122662,77"
IAC,22.04.2026,"40,061",1,"2777906241,01"
IAE,22.04.2026,"1,978,986",509,"240293400,76"
IAF,22.04.2026,"864,627",11,"54945171,25"
IAI,22.04.2026,"6,650,865",1,"75788796,59"
IAM,22.04.2026,"1,597,585",3163,"91159312,31"
IAR,22.04.2026,"73,205,754",29,"165217479,96"
IAS,22.04.2026,"2,198,683",17,"3558220907,54"
IAT,22.04.2026,"176,556",8449,"1608977589,35"
IAU,22.04.2026,"2,374,161",302,"42913920,50"
IAY,22.04.2026,"1,549,411",222,"50111046,69"
IBB,22.04.2026,"14,072,835",8800,"1118802135,52"
IBC,22.04.2026,"17,259,169",5,"369844889,54"
IBE,22.04.2026,"23,119,148",12,"765886408,26"
IBG,22.04.2026,"1,452,409",11,"484733077,32"
IBJ,22.04.2026,"60,767,412",23,"738226402,37"
IBK,22.04.2026,"120,436",122565,"209665171,08"
IBM,22.04.2026,"3,558,622",17,"245418872,61"
IBP,22.04.2026,"64,341,197",4,"4377843699,80"
IBR,22.04.2026,"266,926",71,"1524933817,48"
ICA,22.04.2026,"56,988",3462,"737737109,21"
ICC,22.04.2026,"1,266,512",289,"30703863,99"
ICD,22.04.2026,"121,215,849",212,"41250480,55"
ICE,22.04.2026,"112,602,584",5646,"2030602933,97"
ICF,22.04.2026,"186,820,808",556,"19949286,39"
ICG,22.04.2026,"65,637,592",1,"839710575,69"
ICH,22.04.2026,"2,017,967",1511,"157230320,69"
ICN,22.04.2026,"3,723,477",16,"162894565,63"
ICS,22.04.2026,"4,763,761",71,"44358570,58"
ICV,22.04.2026,"5,522,724",49,"6679403,64"
ICZ,22.04.2026,"7,918,159",22262,"944563601,62"
IDD,22.04.2026,"150,012",25,"31409678,20"
IDF,22.04.2026,"7,169,373",4586,"13366499004,04"
IDH,22.04.2026,"12,525,729",22559,"1060552421,99"
IDI,22.04.2026,"1,474,362",368,"19272960,90"
IDL,22.04.2026,"5,306,257",3723,"3048143488,36"
IDO,22.04.2026,"54,919,192",14973,"74791093042,87"
IDP,22.04.2026,"1,949,853",30,"196557679,75"
IDV,22.04.2026,"66,212,192",2,"520202442,93"
IDY,22.04.2026,"215,211",3151,"628514105,08"
IED,22.04.2026,"981,742",47,"6529663,10"
IEN,22.04.2026,"1,272,448",134,"52199315,09"
IEV,22.04.2026,"4,903,355",3128,"57815977,10"
IEZ,22.04.2026,"6,061,878",3,"121873576,66"
IFD,22.04.2026,"56,123,183",9,"1122463660,03"
IFN,22.04.2026,"9,658,688",483,"5223592,21"
IFV,22.04.2026,"4,130,052",221,"12117065,77"
IFY,22.04.2026,"6,796,462",1,"135929234,64"
IGF,22.04.2026,"63,097,506",2,"1333389484,84"
IGL,22.04.2026,"509,884,353",17809,"4841977563,51"
IGM,22.04.2026,"61,718,362",3,"1178795848,11"
IGZ,22.04.2026,"10,544,872",3,"2120980254,37"
IHA,22.04.2026,"3,217,719",392,"11384281,54"
IHC,22.04.2026,"6,940,051",285,"274934663,21"
IHK,22.04.2026,"17,473,762",33390,"2074167735,62"
IHP,22.04.2026,"1,747,061",341,"169175151,49"
IHT,22.04.2026,"3,803,022",3736,"88393713,80"
IHV,22.04.2026,"1,908,434",35,"333276158,94"
IHY,22.04.2026,"6,688,936",1,"135146014,93"
IHZ,22.04.2026,"1,078,121",58,"1655558,95"
IIA,22.04.2026,"6,966,972",11,"2667173971,24"
IIC,22.04.2026,"3,260,007",12,"183314299,28"
IIE,22.04.2026,"8,393,714",5425,"1143409300,89"
IIF,22.04.2026,"1,303,898",14,"434214962,28"
IIH,22.04.2026,"33,486,772",24637,"2338986417,40"
IIN,22.04.2026,"1,228,258",86,"2245127463,88"
IIP,22.04.2026,"331,569",16,"39942464,91"
IIS,22.04.2026,"98,229,669",202,"3633806441,28"
IJA,22.04.2026,"13,288,798",1351,"214378647,88"
IJB,22.04.2026,"5,972,302",7390,"199797148,15"
IJC,22.04.2026,"13,495,075",21619,"2032239085,46"
IJE,22.04.2026,"63,294,325",4,"33904934,40"
IJF,22.04.2026,"9,709,694",2,"891172577,98"
IJH,22.04.2026,"666,885",474,"51479480,76"
IJI,22.04.2026,"9,462,205",26,"65546017,40"
IJK,22.04.2026,"59,670,715",3,"273951236,19"
IJL,22.04.2026,"506,719",12,"335305643,88"
IJP,22.04.2026,"7,810,061",13039,"557081462,34"
IJT,22.04.2026,"6,472,912",1495,"422637708,64"
IJV,22.04.2026,"4,952,093",3139,"3273519599,94"
IJZ,22.04.2026,"1,058,777",11517,"524331353,11"
IK2,22.04.2026,"44,602,914",96,"199799021,56"
IKL,22.04.2026,"8,830,828",5423,"207884055,70"
IKP,22.04.2026,"859,893",13092,"928820320,32"
IKV,22.04.2026,"1,352,993",1104,"179821172,50"
ILC,22.04.2026,"47,408,532",223,"1326390491,47"
ILE,22.04.2026,"4,551,299",1,"10131979656,14"
ILH,22.04.2026,"3,510,498",11077,"124209738872,33"
ILI,22.04.2026,"5,141,279",15,"449274844,36"
ILM,22.04.2026,"7,061,548",13,"307533546,80"
ILP,22.04.2026,"58,079,644",6,"2912064841,10"
ILU,22.04.2026,"1,046,045",1,"1657523592,94"
ILZ,22.04.2026,"7,539,062",7408,"1057370495,69"
IMB,22.04.2026,"1,255,689",235,"33186345,87"
IMF,22.04.2026,"5,334,874",19,"364797553,54"
IMG,22.04.2026,"46,279,313",144,"924435484,08"
IMH,22.04.2026,"6,212,702",1,"2191886542,54"
IML,22.04.2026,"1,706,384",6519,"1108989147,52"
IMO,22.04.2026,"5,259,597",2,"4516930476,57"
IMS,22.04.2026,"1,464,386",4,"544364252,72"
IMT,22.04.2026,"65,472,125",4,"661758130,88"
IMY,22.04.2026,"69,194,048",6,"1485530275,55"
IMZ,22.04.2026,"68,879,657",4,"285681616,09"
INH,22.04.2026,"13,842,695",506,"367489628,33"
INV,22.04.2026,"42,332,228",1,"1803984810,00"
INZ,22.04.2026,"3,040,979",14,"6083061,97"
IOG,22.04.2026,"15,472,825",23542,"17610843628,62"
IOH,22.04.2026,"48,872,025",30,"125142640,00"
IOJ,22.04.2026,"48,049,252",40,"172321675,44"
IOL,22.04.2026,"62,271,511",1,"890807161,94"
IOM,22.04.2026,"3,964,273",15,"597814959,02"
ION,22.04.2026,"2,888,118",15,"184437554,05"
IOO,22.04.2026,"4,050,105",6550,"28387785597,50"
IOP,22.04.2026,"5,551,675",7411,"7225296357,77"
IOT,22.04.2026,"54,479,937",6,"245298094,71"
IOV,22.04.2026,"53,547,567",1,"530518719,51"
IPA,22.04.2026,"795,414",16,"809885881,40"
IPB,22.04.2026,"8,495",17435,"1257753743,06"
IPC,22.04.2026,"23,448,061",1,"13482635,10"
IPE,22.04.2026,"911,656",3,"3798102928,65"
IPF,22.04.2026,"113,087",22,"141980652,59"
IPG,22.04.2026,"9,035,186",1946,"350414678,31"
IPJ,22.04.2026,"19,021,837",17686,"1226691882,05"
IPK,22.04.2026,"48,722,711",1,"2913522153,37"
IPO,22.04.2026,"4,277,595",1,"514443205,84"
IPP,22.04.2026,"167,329",184,"6394276802,55"
IPR,22.04.2026,"31,597,424",1,"19432415,58"
IPU,22.04.2026,"43,801,767",1,"5110072688,17"
IPV,22.04.2026,"72,912,808",12344,"1971536077,08"
IRB,22.04.2026,"1,157,115",882,"830757004,82"
IRE,22.04.2026,"44,711,802",65,"112999600,78"
IRF,22.04.2026,"6,305,364",1619,"349384962,70"
IRL,22.04.2026,"16,344,102",15,"247869719,04"
IRO,22.04.2026,"1,795,386",47,"21372751,81"
IRT,22.04.2026,"6,517,985",1495,"110702409,22"
IRV,22.04.2026,"6,256,668",40,"294099374,56"
IRY,22.04.2026,"3,502,504",2431,"2228735757,72"
ISR,22.04.2026,"18,222,358",8,"944877179,09"
ISS,22.04.2026,"276,089",7,"214166148,91"
IST,22.04.2026,"170,742",3219,"2067915725,02"
ITA,22.04.2026,"67,909,943",1,"762040080,29"
ITC,22.04.2026,"1,249,603",351,"24973803,94"
ITD,22.04.2026,"63,602,779",1,"2353320135,46"
ITJ,22.04.2026,"10,607,488",11,"419550067,37"
ITL,22.04.2026,"3,971,081",1,"4075393515,00"
ITP,22.04.2026,"10,954,443",10628,"959059925,86"
ITR,22.04.2026,"3,909,018",1,"1025601577,67"
ITV,22.04.2026,"45,026,695",25,"164220191,82"
ITZ,22.04.2026,"56,021,874",3,"1741407863,42"
IUA,22.04.2026,"63,522,495",57,"433891734,96"
IUB,22.04.2026,"6,664,779",3,"320889782,71"
IUC,22.04.2026,"1,914,539",1,"929228638,95"
IUF,22.04.2026,"64,314,968",8257,"23157539767,98"
IUH,22.04.2026,"5,228,576",639,"8382870,21"
IUM,22.04.2026,"6,232,493",1,"378658729,39"
IUN,22.04.2026,"70,994,621",4,"278434940,37"
IUV,22.04.2026,"62,728,368",7046,"22955312376,78"
IUZ,22.04.2026,"4,186,166",1144,"1268427095,80"
IV2,22.04.2026,"17,526,126",14,"1073282221,42"
IV6,22.04.2026,"6,041,594",1,"1511491422,92"
IV7,22.04.2026,"4,470,187",1,"488612389,73"
IV8,22.04.2026,"2,057,199",130,"29435394,75"
IVA,22.04.2026,"2,548,163",3,"127408136,61"
IVF,22.04.2026,"6,229,501",1323,"173014685,70"
IVS,22.04.2026,"5,424,384",30,"450510490,82"
IVY,22.04.2026,"523,077",14975,"798825929,08"
IYB,22.04.2026,"5,773,373",508,"112367094,72"
IYP,22.04.2026,"3,165,684",2,"2426918149,09"
IYR,22.04.2026,"129,088",32,"214537452,66"
IYS,22.04.2026,"1,306,192",16,"5709407126,61"
IYV,22.04.2026,"1,152,625",74,"218916055,77"
IZA,22.04.2026,"1,991,981",1,"495733665,95"
IZB,22.04.2026,"8,992,653",32,"55215589,43"
IZE,22.04.2026,"60,643,705",1,"253097292,94"
IZL,22.04.2026,"48,597,964",21,"88948518,97"
IZS,22.04.2026,"8,665,449",14,"57751485,05"
IZV,22.04.2026,"9,123,167",2,"99895541,12"
IZY,22.04.2026,"44,956,867",32,"50637212,35"
JET,22.04.2026,"2,240,161",20072,"896855914,09"
JOT,22.04.2026,"54,222,976",1,"1068713649,10"
JUP,22.04.2026,"502,057",58,"53623829,92"
KAC,22.04.2026,"3,447,719",2082,"16982999315,37"
KAN,22.04.2026,"6,991,345,764",36,"4789533277,02"
KAV,22.04.2026,"54,528,426",5912,"19355298829,96"
KBJ,22.04.2026,"410,522",119,"768366678,73"
KBP,22.04.2026,"1,568,392",6,"370645769,90"
KBZ,22.04.2026,"48,568,336",1,"150294326,26"
KCL,22.04.2026,"1,697,219",205,"15863036,59"
KCV,22.04.2026,"4,651,878",11627,"2030269070,41"
KDE,22.04.2026,"1,556,372",1928,"493074570,44"
KDI,22.04.2026,"5,284,557",10,"351639393,50"
KDK,22.04.2026,"14,487,046",1,"724352,30"
KDL,22.04.2026,"48,920,012",7299,"25590811876,30"
KDO,22.04.2026,"53,303,643",420,"1694324887,30"
KDS,22.04.2026,"50,564,667",1369,"32857169252,42"
KDT,22.04.2026,"50,503,972",1142,"3195473840,53"
KDV,22.04.2026,"4,510,127",162,"11692124713,30"
KDZ,22.04.2026,"45,729,944",819,"5898992447,56"
KEI,22.04.2026,"1,695,788",1,"304594610,07"
KEO,22.04.2026,"1,603,057",1,"63228420,11"
KEU,22.04.2026,"50,116,531",34,"4402350688,64"
KFZ,22.04.2026,"3,937,904",1,"325302107,44"
KGM,22.04.2026,"329,763",31113,"3856847986,13"
KH1,22.04.2026,"1,254,502",824,"81562936,01"
KHA,22.04.2026,"3,408,308",18006,"1769989573,02"
KHB,22.04.2026,"1,530,059",218,"17879804,01"
KHC,22.04.2026,"2,116,749",1633,"116809138,82"
KHD,22.04.2026,"1,301,821",14,"653178899,04"
KHF,22.04.2026,"149,164",13,"1117877,80"
KHJ,22.04.2026,"1,204,378",504,"16777562,27"
KHP,22.04.2026,"1,011,025",187,"4190929820,16"
KHT,22.04.2026,"279,858",365,"27379679,34"
KHU,22.04.2026,"35,518,128",1,"3392620,58"
KIA,22.04.2026,"4,454,245",426,"9337910,80"
KIB,22.04.2026,"3,913,688",1011,"11485397,60"
KIE,22.04.2026,"4,049,052",922,"208164938,80"
KIH,22.04.2026,"13,698",32,"53162923,05"
KIK,22.04.2026,"1,340,001",1132,"161042140,06"
KIS,22.04.2026,"208,032",836,"92631658,70"
KJK,22.04.2026,"2,133",1,"275473,54"
KKB,22.04.2026,"59,701,617",1,"14629343,90"
KKC,22.04.2026,"54,321,656",57,"166905243,14"
KKE,22.04.2026,"48,202,054",2,"83234342,11"
KKH,22.04.2026,"6,340,814",5544,"538938132,68"
KKL,22.04.2026,"2,151,865",1269,"2735708252,95"
KKO,22.04.2026,"45,560,459",263,"2123042495,91"
KKP,22.04.2026,"46,199,333",319,"3753416109,95"
KKT,22.04.2026,"2,743,296",36,"2015310567,73"
KLH,22.04.2026,"2,527,472",2422,"120158214,68"
KLI,22.04.2026,"1,150,876",95,"479151310,67"
KLL,22.04.2026,"54,258,949",1,"10654829,74"
KLM,22.04.2026,"62,123,069",1,"924209620,23"
KLS,22.04.2026,"41,111,277",2,"1010021,86"
KLU,22.04.2026,"4,262,587",87345,"64099890274,27"
KMA,22.04.2026,"158,481,303",1,"11857254,12"
KME,22.04.2026,"1,474,921",1038,"177923733,04"
KMF,22.04.2026,"352,983",2704,"2231895305,69"
KMN,22.04.2026,"1,016,563",4966,"620440777,27"
KMT,22.04.2026,"3,615,917",1,"89621843,82"
KNC,22.04.2026,"62,593,882",16,"344319367,75"
KNI,22.04.2026,"1,215,615",381,"10659868495,97"
KNJ,22.04.2026,"1,819,733",12828,"872371912,35"
KNN,22.04.2026,"132,362",18,"568323575,57"
KNP,22.04.2026,"76,962,179",2,"224370917,92"
KNS,22.04.2026,"392,802",1,"4427631252,93"
KNT,22.04.2026,"5,611,685",4,"160838860,89"
KNV,22.04.2026,"66,411,735",5,"298211270,48"
KNZ,22.04.2026,"66,158,409",1,"974963972,54"
KO4,22.04.2026,"52,854,586",880,"4455113034,50"
KOB,22.04.2026,"1,243,833",16,"417809141,34"
KOP,22.04.2026,"740,991",14,"15197725,69"
KOT,22.04.2026,"1,410,701",4672,"234742130,34"
KOZ,22.04.2026,"6,010,219",4,"67220513,02"
KP3,22.04.2026,"50,789,327",15,"14588878,54"
KPA,22.04.2026,"1,494,301",11848,"332827577,46"
KPB,22.04.2026,"6,167,139",1,"4942518,06"
KPC,22.04.2026,"19,450,918",20453,"3504589518,86"
KPD,22.04.2026,"46,146,078",574,"248120445,46"
KPF,22.04.2026,"1,550,493",203,"94190012,07"
KPH,22.04.2026,"1,365,601",13323,"683771328,80"
KPI,22.04.2026,"1,296,463",3725,"3215002007,43"
KPK,22.04.2026,"942,822",1,"436080405,27"
KPP,22.04.2026,"2,778,243",765,"692153057,77"
KPR,22.04.2026,"1,649,619",1198,"50386433316,53"
KPU,22.04.2026,"3,728,083",6094,"561478945,51"
KRC,22.04.2026,"133,159",155,"28074518,90"
KRF,22.04.2026,"19,415,657",731,"128183970,47"
KRH,22.04.2026,"136,221",42,"1775137032,54"
KRO,22.04.2026,"45,041,121",60,"288245250,69"
KRR,22.04.2026,"1,105,093",548,"21699149,78"
KRS,22.04.2026,"486,651",1409,"1646612974,41"
KRT,22.04.2026,"69,143,686",175,"791555468,14"
KRV,22.04.2026,"44,970,144",1048,"5333009325,50"
KSA,22.04.2026,"3,585,789",2770,"11766843473,61"
KSC,22.04.2026,"45,965,472",1,"45172797,76"
KSK,22.04.2026,"257,188",621,"5889545079,35"
KSL,22.04.2026,"53,486,868",120,"263361048,55"
KSM,22.04.2026,"47,860,881",755,"15258953245,79"
KSP,22.04.2026,"60,601,372",278,"1133851674,23"
KSR,22.04.2026,"4,674,381",3729,"165344455,99"
KST,22.04.2026,"1,973,364",553,"13434566,23"
KSV,22.04.2026,"508,829",11223,"30603462717,36"
KSY,22.04.2026,"9,674,646",83,"3090858414,40"
KTE,22.04.2026,"41,469,517",1,"100107662,56"
KTI,22.04.2026,"1,895,999",545,"218465493,81"
KTJ,22.04.2026,"2,088,004",12290,"700296575,29"
KTM,22.04.2026,"2,004,902",5824,"702688274,43"
KTN,22.04.2026,"7,374,726",3912,"476506708,13"
KTR,22.04.2026,"9,408,649",719,"21881279352,33"
KTS,22.04.2026,"13,489,108",708,"101255192,21"
KTT,22.04.2026,"65,602,195",1411,"5349499292,33"
KTU,22.04.2026,"26,413,922",1,"694318583,26"
KTV,22.04.2026,"6,831,073",45594,"26600354086,40"
KU3,22.04.2026,"999,907",435,"28892894,82"
KUA,22.04.2026,"140,348",2204,"159785605,45"
KUB,22.04.2026,"689,714",4135,"323561955,39"
KUD,22.04.2026,"151,784",955,"65841578,49"
KUP,22.04.2026,"46,876,139",132,"1646316688,93"
KUT,22.04.2026,"12,848,813",46589,"9922399919,12"
KVA,22.04.2026,"1,554,741",1,"570700194,28"
KVK,22.04.2026,"1,144,817",152,"487000371,37"
KVR,22.04.2026,"113,909",43,"134631417,02"
KVS,22.04.2026,"3,329,356",2385,"17128789292,80"
KVT,22.04.2026,"1,371,906",2981,"124676704,08"
KYA,22.04.2026,"1,288,033",1947,"83456975,44"
KYR,22.04.2026,"812,647",11,"517610762,53"
KYS,22.04.2026,"50,339,616",4,"10314587,23"
KZL,22.04.2026,"28,840,042",69319,"87831991116,19"
KZO,22.04.2026,"2,027,142",3,"1102591298,00"
KZU,22.04.2026,"2,435,823",6552,"513677314,15"
LAI,22.04.2026,"1,917,387",11,"99117,38"
LET,22.04.2026,"52,057,864",2,"706026973,34"
LFD,22.04.2026,"8,279,158",1,"2356478235,99"
LGK,22.04.2026,"1,260,505",1,"1469802994,06"
LGO,22.04.2026,"6,122,878",12,"334454333,38"
LHM,22.04.2026,"76,966,691",4,"725521967,81"
LHP,22.04.2026,"53,278,685",103,"92602775,97"
LKT,22.04.2026,"1,659,342",337,"348067365,48"
LLA,22.04.2026,"13,783",1035,"54343772,89"
LPH,22.04.2026,"1,260,449",862,"656230787,31"
LRT,22.04.2026,"3,254,088",11,"753910995,09"
LTC,22.04.2026,"1,441,964",398,"218990333,87"
LTS,22.04.2026,"3,962,876",14,"1411998240,53"
LZV,22.04.2026,"9,893,288",2,"112517111,83"
MAC,22.04.2026,"777,268",38866,"4914793605,06"
MAD,22.04.2026,"1,033,401",400,"24000691,01"
MAS,22.04.2026,"13,117,803",89,"911172659,12"
MAV,22.04.2026,"55,419,255",1,"875547469,89"
MBL,22.04.2026,"254,217",223,"21276900,64"
MBR,22.04.2026,"151,037",220,"123876876,61"
MCU,22.04.2026,"1,236,487",166,"24912811,37"
MD1,22.04.2026,"1,994,203",611,"64436547,16"
MD2,22.04.2026,"1,892,295",728,"175221121,06"
MDF,22.04.2026,"1,285,462",1422,"843954891,82"
MET,22.04.2026,"5,358,322",6894,"709111947,68"
MGB,22.04.2026,"139,152",564,"72160748,72"
MGD,22.04.2026,"898,443",1,"603844306,46"
MGE,22.04.2026,"9,257,305",69,"5275812010,39"
MGH,22.04.2026,"2,033,187",872,"640538365,70"
MHF,22.04.2026,"1,950,899",1361,"71703101,78"
MIK,22.04.2026,"2,994,138",14,"958217,06"
MJB,22.04.2026,"7,303,629",832,"64558518,89"
MJE,22.04.2026,"54,672,028",943,"6549967643,97"
MJG,22.04.2026,"12,224,584",8695,"1213349603,35"
MJH,22.04.2026,"4,626,332",18,"42628402,87"
MJK,22.04.2026,"36,509,074",490,"2309730916,55"
MJL,22.04.2026,"57,802,921",633,"901910415,94"
MKA,22.04.2026,"133,511",1877,"102316601,43"
MKG,22.04.2026,"17,938,351",9316,"1647629865,73"
MKL,22.04.2026,"58,281,808",1,"752162687,47"
MLS,22.04.2026,"1,650,146",4,"1233679380,95"
MLT,22.04.2026,"1,350,198",151,"47206075,18"
MMH,22.04.2026,"16,761,996",1592,"180940219,46"
MOD,22.04.2026,"56,341,831",2,"703105822,49"
MOZ,22.04.2026,"1,175,183",140,"271450378,80"
MP2,22.04.2026,"1,904,203",13,"5048620241,88"
MP4,22.04.2026,"2,643,129",15,"5187595232,42"
MPD,22.04.2026,"56,285,974",787,"3969952457,75"
MPE,22.04.2026,"1,273,327",86,"87049112,73"
MPF,22.04.2026,"7,364,283",1942,"1436585129,10"
MPI,22.04.2026,"2,738,192",22,"79963770,30"
MPK,22.04.2026,"8,756,654",1478,"279331497,29"
MPL,22.04.2026,"1,813,841",1425,"2106043796,61"
MPN,22.04.2026,"57,592,504",328,"370644740,19"
MPP,22.04.2026,"22,462,344",1805,"626212439,99"
MPS,22.04.2026,"23,870,497",2669,"163236304,00"
MRI,22.04.2026,"1,300,726",142,"15419444,62"
MSK,22.04.2026,"3,480,035",1,"1043729560,33"
MSO,22.04.2026,"54,533,627",1,"531450921,91"
MSR,22.04.2026,"2,035,559",16,"37481039,68"
MT1,22.04.2026,"42,543,156",22,"34239668,09"
MT2,22.04.2026,"1,215,668",4758,"10858048347,39"
MT5,22.04.2026,"1,340,331",18,"495591876,87"
MT6,22.04.2026,"1,966,498",13,"943344578,30"
MT7,22.04.2026,"695,489",15,"90771740,29"
MT8,22.04.2026,"1,801,485",16,"2737004720,00"
MT9,22.04.2026,"743,792",17,"8336938133,30"
MTD,22.04.2026,"1,368,211",1967,"185833191,74"
MTE,22.04.2026,"4,996,005",17,"612115593,41"
MTF,22.04.2026,"1,276,254",41,"63320118,08"
MTG,22.04.2026,"1,453,117",145,"38444042,42"
MTH,22.04.2026,"1,916,652",5013,"768817626,40"
MTI,22.04.2026,"17,209",2,"2058216,28"
MTK,22.04.2026,"1,505,402",513,"54692412,21"
MTL,22.04.2026,"3,055,787",14,"8003491096,04"
MTS,22.04.2026,"2,703,419",762,"94999869,11"
MTU,22.04.2026,"1,223,256",18,"1208674,47"
MTV,22.04.2026,"4,856,533",12984,"128082253,11"
MTX,22.04.2026,"4,658,469",2265,"102845915,48"
MUL,22.04.2026,"1,795,044",13,"9268094,71"
MUT,22.04.2026,"1,747,812",1798,"933919710,45"
NAK,22.04.2026,"1,103,729",188,"142707178,89"
NAL,22.04.2026,"1,829,377",22,"1384708225,98"
NAU,22.04.2026,"3,236,674",12600,"3195663902,95"
NBE,22.04.2026,"1,585,584",11,"1000634165,79"
NBH,22.04.2026,"5,852,502",146,"1075410466,09"
NBO,22.04.2026,"1,324,449",409,"1548315465,76"
NBZ,22.04.2026,"67,067,256",286,"1386100838,97"
NCS,22.04.2026,"53,183,848",1856,"7856191167,18"
NCU,22.04.2026,"56,376,712",12,"136532274,40"
NDL,22.04.2026,"2,082,218",1,"11741865,29"
NDS,22.04.2026,"846,115",12,"509317068,35"
NES,22.04.2026,"2,028,846",2,"2026825798,56"
NFF,22.04.2026,"1,205,324",49,"1801024273,07"
NFH,22.04.2026,"2,068,692",51,"138103551,15"
NFK,22.04.2026,"4,646,469",98,"1527320783,69"
NHP,22.04.2026,"5,307,039",171,"11922978,71"
NHT,22.04.2026,"59,520,253",2,"590153788,21"
NHV,22.04.2026,"4,088,394",2,"7534725956,37"
NHY,22.04.2026,"5,560,687",2509,"171069365,64"
NIG,22.04.2026,"980,822",12,"247973627,61"
NIS,22.04.2026,"1,513,491",26,"1017814616,72"
NJF,22.04.2026,"1,264,372",1765,"1329809615,46"
NJG,22.04.2026,"2,694,238",15,"66036303,16"
NJR,22.04.2026,"5,062,551",2840,"1258997705,40"
NJY,22.04.2026,"662,587",1356,"291662183,87"
NKA,22.04.2026,"46,017,037",15,"156800292,55"
NKC,22.04.2026,"126,314",1310,"536463034,38"
NKH,22.04.2026,"1,512,511",12,"140457784,54"
NKJ,22.04.2026,"15,042,375",1,"1543925854,86"
NKK,22.04.2026,"7,813,049",11,"1491553809,47"
NKL,22.04.2026,"3,111,773",2516,"16496239878,09"
NKM,22.04.2026,"998,317",573,"51906558,29"
NKP,22.04.2026,"1,170,427",3171,"167147687,23"
NKS,22.04.2026,"1,784,364",11,"24089087,15"
NKT,22.04.2026,"1,338,138",427,"55108743,69"
NKV,22.04.2026,"2,029,833",1,"13158830696,88"
NLC,22.04.2026,"47,299,797",14,"140949704,20"
NLD,22.04.2026,"50,547,081",1,"1324426179,35"
NLE,22.04.2026,"1,435,976",11651,"413872979,74"
NLK,22.04.2026,"1,649,009",1156,"5076593085,53"
NLL,22.04.2026,"3,635,808",23,"1473209437,21"
NME,22.04.2026,"5,460,023",64,"71894142,72"
NMG,22.04.2026,"119,523,723",11,"2698988730,99"
NMU,22.04.2026,"1,096,981",50,"27883181,50"
NNF,22.04.2026,"22,626,095",22453,"3169514549,52"
NOA,22.04.2026,"1,449,153",11,"551580983,60"
NOI,22.04.2026,"1,292,297",13,"887622369,20"
NOV,22.04.2026,"58,950,447",1,"832494022,72"
NP1,22.04.2026,"4,983,753",166,"1491072866,13"
NPH,22.04.2026,"1,728,027",1014,"292275461,84"
NPK,22.04.2026,"147,429",1,"874300949,29"
NRC,22.04.2026,"11,483,829",4195,"246503909,11"
NRG,22.04.2026,"4,900,944",3819,"6531418194,70"
NRM,22.04.2026,"136,460,218",12,"353277355,51"
NSA,22.04.2026,"2,238,692",305,"1443001143,71"
NSD,22.04.2026,"59,822,517",138,"13433970028,98"
NSH,22.04.2026,"1,934,733",1474,"1409328524,88"
NSK,22.04.2026,"5,927,759",103,"375704704,28"
NSP,22.04.2026,"1,621,281",2660,"1583775937,66"
NSS,22.04.2026,"58,117,333",1,"999752257,86"
NST,22.04.2026,"1,217,161",4441,"85152218,65"
NSY,22.04.2026,"1,301,546",76,"1107218215,08"
NTB,22.04.2026,"5,754,415",1,"3170476987,31"
NTD,22.04.2026,"433,486",1,"587557126,56"
NTF,22.04.2026,"2,783,622",10,"228437213,57"
NTI,22.04.2026,"130,635",570,"143990159,16"
NTO,22.04.2026,"60,643,676",1,"3283519456,79"
NTS,22.04.2026,"271,441",33,"199959610,83"
NUB,22.04.2026,"56,435,762",876,"1987563768,96"
NUG,22.04.2026,"45,724,621",11,"3047845372,68"
NUH,22.04.2026,"1,231,145",870,"88020916,93"
NVB,22.04.2026,"4,246,585",5273,"5790425569,25"
NVC,22.04.2026,"4,534,732",102,"11538703,09"
NVK,22.04.2026,"43,376,524",18,"38735452,42"
NVP,22.04.2026,"6,339,168",1,"56804903,65"
NVT,22.04.2026,"4,113,861",74,"631797979,20"
NVZ,22.04.2026,"54,529,835",312,"677417272,49"
NYH,22.04.2026,"57,551,851",1,"989306771,24"
NZH,22.04.2026,"3,217,486",291,"225093485,55"
NZT,22.04.2026,"5,338,958",456,"6149001671,97"
NZU,22.04.2026,"47,245,141",39,"51511991,52"
OAB,22.04.2026,"71,503,422",3,"628059886,38"
OBI,22.04.2026,"2,825,432",511,"273727366,51"
OBN,22.04.2026,"54,334,437",137,"157002399,26"
OBP,22.04.2026,"190,497",865,"35540336,51"
OBR,22.04.2026,"49,995,268",11465,"47804997941,36"
OCM,22.04.2026,"64,101,179",2,"467972386,08"
OCN,22.04.2026,"46,915,867",4,"109816204,79"
OCT,22.04.2026,"68,254,888",5,"439875722,14"
ODD,22.04.2026,"10,049,458",34,"428465244,03"
ODG,22.04.2026,"1,036,802",27,"26955093,19"
ODN,22.04.2026,"52,585,771",172,"165890544,12"
ODP,22.04.2026,"5,995,154",120,"216174213,75"
ODS,22.04.2026,"65,803,026",132,"123365736,61"
ODV,22.04.2026,"19,556,552",4305,"1713926238,91"
OFA,22.04.2026,"54,484,742",146,"244369953,36"
OFB,22.04.2026,"9,991,552",13,"903587279,58"
OFI,22.04.2026,"3,819,545",731,"151715524,87"
OFK,22.04.2026,"4,837,836",293,"1118153255,07"
OFO,22.04.2026,"64,469,596",1,"2025235267,61"
OFS,22.04.2026,"7,836,484",509,"183388999,31"
OGD,22.04.2026,"11,934,528",3413,"837509629,96"
OGF,22.04.2026,"8,290,059",441,"125389076,55"
OGV,22.04.2026,"6,683,554",1,"305615530,30"
OHB,22.04.2026,"23,945,093",1160,"1514895896,47"
OHI,22.04.2026,"21,238",46,"54815263,27"
OHK,22.04.2026,"259,218",1160,"27968827,90"
OIL,22.04.2026,"3,969,558",677,"45771896,95"
OIR,22.04.2026,"4,670,863",272,"26312463,42"
OIS,22.04.2026,"3,144,041",2,"599392350,22"
OJB,22.04.2026,"49,390,502",7481,"28821079922,33"
OJH,22.04.2026,"974,639",30,"27685516,12"
OJK,22.04.2026,"13,642,043",30692,"51519377463,31"
OJT,22.04.2026,"10,710,802",11132,"3202264210,91"
OJU,22.04.2026,"63,512,434",2,"53811100,37"
OJY,22.04.2026,"74,042,037",6,"2716477276,51"
OKD,22.04.2026,"576,443",1069,"89052390,97"
OKF,22.04.2026,"4,171,046",12,"7395157826,32"
OKP,22.04.2026,"5,708,294",453,"73952293,73"
OKT,22.04.2026,"144,176",868,"109258214,47"
OLA,22.04.2026,"51,682,055",33,"19759030,96"
OLD,22.04.2026,"3,098,573",6013,"152034309,78"
OLE,22.04.2026,"4,446,544",508,"312723562,91"
OMB,22.04.2026,"5,923,697",3,"182251186,89"
OMC,22.04.2026,"67,143,285",2,"391397277,57"
OME,22.04.2026,"22,676,132",69,"77462006,48"
OMG,22.04.2026,"174,742",686,"1234970106,70"
ONB,22.04.2026,"48,548,568",582,"5742081008,36"
OND,22.04.2026,"44,866,816",636,"3315209071,17"
ONE,22.04.2026,"1,500,622",789,"40843723,25"
ONF,22.04.2026,"61,135,657",614,"2526117885,22"
ONK,22.04.2026,"56,813,871",22334,"74806159506,44"
ONN,22.04.2026,"5,719,594",831,"1751244501,85"
ONS,22.04.2026,"50,102,486",23152,"152540945099,39"
ONT,22.04.2026,"49,004,946",421,"5633800615,03"
ONY,22.04.2026,"61,801,769",748,"2230425525,74"
OPB,22.04.2026,"12,373,004",440,"46955092,18"
OPD,22.04.2026,"7,532,422",21,"59928412,78"
OPF,22.04.2026,"2,738,175",952,"294780236,71"
OPH,22.04.2026,"24,679,928",2731,"824367804,11"
OPI,22.04.2026,"23,700,465",1496,"232810684,63"
OPJ,22.04.2026,"1,486,572",2543,"732963855,51"
OPL,22.04.2026,"9,325,265",1001,"108300870,27"
OPZ,22.04.2026,"5,210,695",1,"652154854,06"
ORC,22.04.2026,"1,458,981",47,"1165547532,56"
ORI,22.04.2026,"56,524",5,"1553031390,64"
OSD,22.04.2026,"12,473,732",950,"575047067,26"
OSF,22.04.2026,"97,950,272",17,"5766899863,70"
OSH,22.04.2026,"523,974",17,"59103310,92"
OSL,22.04.2026,"137,453",4385,"1173159586,44"
OSN,22.04.2026,"1,411,106",122,"40742472,63"
OTE,22.04.2026,"62,469,873",2,"189005350,60"
OTF,22.04.2026,"6,146,283",1835,"746536785,75"
OTJ,22.04.2026,"7,717,237",27499,"4051728963,11"
OTK,22.04.2026,"7,465,854",62,"3911943,24"
OTM,22.04.2026,"1,338,101",103,"14250635,41"
OTZ,22.04.2026,"65,442,557",4,"292672663,18"
OUB,22.04.2026,"6,198,435",14,"774560983,23"
OUD,22.04.2026,"62,083,973",127,"125582776,93"
OUN,22.04.2026,"50,182,922",210,"177156804,80"
OUR,22.04.2026,"78,379,564",11,"29584915,10"
OUY,22.04.2026,"61,845,345",2,"1574099158,43"
OVD,22.04.2026,"3,144,999",3241,"813140378,21"
OVR,22.04.2026,"65,356,617",1,"466185678,38"
OVT,22.04.2026,"76,517,479",1,"719928854,04"
OYL,22.04.2026,"142,529",9125,"3668725285,28"
OYS,22.04.2026,"9,197,715",11,"16737318788,57"
OYT,22.04.2026,"120,989",73,"1846255816,86"
OZC,22.04.2026,"2,896,842",1,"1049005236,13"
P1A,22.04.2026,"1,325,477",293,"949949414,36"
PAB,22.04.2026,"1,230,589",413,"80076637,97"
PAC,22.04.2026,"3,292,144",1,"843668663,65"
PAF,22.04.2026,"3,650,865",4106,"371805852,52"
PAI,22.04.2026,"6,266,251",717,"880133570,57"
PAL,22.04.2026,"52,804,628",33056,"167122155535,11"
PAO,22.04.2026,"1,383,196",357,"13770922,85"
PAU,22.04.2026,"62,819,116",3841,"10523116901,65"
PBE,22.04.2026,"3,818,665",11,"35219458,22"
PBF,22.04.2026,"1,880,031",2,"2561039337,30"
PBH,22.04.2026,"1,635,593",12,"3905354458,73"
PBI,22.04.2026,"2,037,703",305,"97111534,66"
PBK,22.04.2026,"54,869,136",142,"134498738,12"
PBN,22.04.2026,"1,364,408",967,"493348134,14"
PBR,22.04.2026,"3,753,306",32541,"12521530757,93"
PBS,22.04.2026,"64,486,727",22,"355345724,29"
PBY,22.04.2026,"2,875,079",56,"219954294,72"
PCE,22.04.2026,"1,152,698",212,"221934902,68"
PCH,22.04.2026,"3,509,006",57,"857800813,98"
PCN,22.04.2026,"60,632,893",13,"522240138,94"
PCS,22.04.2026,"3,900,525",39,"32529332322,42"
PDC,22.04.2026,"647,034",13,"949951903,72"
PDD,22.04.2026,"5,350,134",198,"965542956,34"
PDE,22.04.2026,"1,215,558",13,"12509056596,49"
PDF,22.04.2026,"56,024,818",62,"461276082,53"
PDG,22.04.2026,"176,528",12,"872229038,28"
PDH,22.04.2026,"1,640,533",79,"5507720632,89"
PDS,22.04.2026,"28,253",43,"690653130,71"
PEA,22.04.2026,"1,507,671",97,"75320713,21"
PFO,22.04.2026,"2,246,206",328,"76937805,39"
PFS,22.04.2026,"2,668,999",100,"22187460,18"
PGD,22.04.2026,"1,572,312",101,"140169964,23"
PGE,22.04.2026,"13,010,667",46,"5254128992,84"
PGH,22.04.2026,"6,853,739",12,"9092140635,47"
PGS,22.04.2026,"1,242,088",541,"199114287,27"
PHB,22.04.2026,"1,393,979",13,"536153879,76"
PHE,22.04.2026,"2,830,321",86661,"35067835472,59"
PHF,22.04.2026,"935,794",12,"275176297,60"
PHI,22.04.2026,"1,500,078",121,"68487373,36"
PHK,22.04.2026,"1,460,002",215,"74611896,09"
PHN,22.04.2026,"499,028,222",15,"13969612398,78"
PHS,22.04.2026,"4,197,083",20,"378191082,21"
PHY,22.04.2026,"7,976,752",46,"1098498053,57"
PID,22.04.2026,"168,042",92,"51985429,47"
PIL,22.04.2026,"3,952,951",8198,"522716523,56"
PIP,22.04.2026,"1,479,414",477,"45867922910,12"
PIR,22.04.2026,"1,725,624",1311,"216193549,87"
PIS,22.04.2026,"1,263,592",292,"1582417193,74"
PJL,22.04.2026,"4,579,163",3096,"1403497507,66"
PJP,22.04.2026,"46,211,974",15,"369371380,58"
PKD,22.04.2026,"856,613",54,"13927161,31"
PKF,22.04.2026,"4,861,444",1753,"627663018,39"
PKH,22.04.2026,"89,412",11,"97773522,60"
PKL,22.04.2026,"2,215,216",14,"5616423130,26"
PKN,22.04.2026,"1,907,049",15,"251891095,27"
PKP,22.04.2026,"1,104,241",69,"425129952,10"
PKR,22.04.2026,"1,376,443",158,"616982329,63"
PKT,22.04.2026,"1,398,973",684,"9036114284,77"
PKU,22.04.2026,"6,553,047",46,"5530008607,97"
PKV,22.04.2026,"1,776,285",3699,"16734374678,82"
PKZ,22.04.2026,"7,381,426",13,"44714831921,17"
PLA,22.04.2026,"1,117,876",115,"2670936,61"
PLR,22.04.2026,"1,465,732",754,"601456530,30"
PLS,22.04.2026,"25,542,732",8,"903666262,61"
PMG,22.04.2026,"1,578,256",1,"1380471715,75"
PMH,22.04.2026,"17,501",44,"16750758,13"
PMP,22.04.2026,"1,209,285",813,"48583401,15"
PNU,22.04.2026,"1,055,471",1197,"6029328860,05"
PO7,22.04.2026,"945,777",44,"2702714087,88"
PO8,22.04.2026,"3,564,245",51,"418006317,51"
PO9,22.04.2026,"866,838",153,"13377991,64"
POB,22.04.2026,"4,768,106",46,"4921020008,20"
POD,22.04.2026,"63,777,648",1423,"4554342068,32"
POF,22.04.2026,"686,767",46,"6007679564,45"
POH,22.04.2026,"1,127,536",4,"1929643003,73"
POI,22.04.2026,"103,128",43,"258252332,24"
POS,22.04.2026,"118,629",566,"57347863,27"
POU,22.04.2026,"2,251,456",75,"6357974205,18"
PP1,22.04.2026,"1,685,675",369,"44467562,89"
PPB,22.04.2026,"1,035,575",1874,"415779691,03"
PPD,22.04.2026,"33,721,444",104,"2092111217,65"
PPE,22.04.2026,"58,463,171",75,"773928328,66"
PPF,22.04.2026,"4,577,171",22,"492326579,55"
PPG,22.04.2026,"1,282,473",983,"875558211,63"
PPH,22.04.2026,"1,640,901",3589,"108167724,07"
PPI,22.04.2026,"201,521",3156,"7428643862,84"
PPJ,22.04.2026,"1,621,284",6524,"54312499309,62"
PPK,22.04.2026,"1,981,108",2727,"5460854407,98"
PPM,22.04.2026,"1,933,616",217,"291677687,98"
PPN,22.04.2026,"5,056",15129,"12449245023,98"
PPO,22.04.2026,"1,471,311",45,"90027650,21"
PPP,22.04.2026,"2,747,474",391,"4300886838,74"
PPS,22.04.2026,"4,129,819",6445,"2157198849,26"
PPT,22.04.2026,"2,843,563",3679,"1930937375,87"
PPU,22.04.2026,"2,227,981",46,"204318841,79"
PPV,22.04.2026,"100,958",21,"102897542,09"
PPZ,22.04.2026,"5,792,995",8023,"13006079926,08"
PRD,22.04.2026,"2,043,733",640,"416958796,88"
PRF,22.04.2026,"58,957,739",2,"161842236,45"
PRH,22.04.2026,"1,925,315",384,"604322642,51"
PRR,22.04.2026,"1,174,439",117,"427329558,07"
PRU,22.04.2026,"3,140,209",1550,"3011888318,21"
PRV,22.04.2026,"1,181,556",74,"2494822143,81"
PRY,22.04.2026,"2,713,819",37106,"72889827330,57"
PRZ,22.04.2026,"0,00",0,"13812,88"
PSD,22.04.2026,"49,989,231",1,"2547559429,44"
PSE,22.04.2026,"1,608,841",6345,"18619353708,56"
PSG,22.04.2026,"8,919,881",15,"147401383,97"
PSH,22.04.2026,"1,012,516",68,"14029389,11"
PSL,22.04.2026,"7,754,257",53,"702818540,45"
PSO,22.04.2026,"412,543",1,"844174215,79"
PSR,22.04.2026,"6,485,524",46,"163510450,00"
PSS,22.04.2026,"5,300,133",11,"355028617,18"
PST,22.04.2026,"25,904",51,"318408483,54"
PTC,22.04.2026,"61,145,265",16,"974945171,20"
PTE,22.04.2026,"1,492,812",4647,"43653697427,45"
PTF,22.04.2026,"1,308,741",386,"1090930434,35"
PTG,22.04.2026,"59,674,625",1,"116305843,60"
PTL,22.04.2026,"1,641,571",736,"531687604,03"
PTN,22.04.2026,"1,658,369",1090,"774188036,99"
PTO,22.04.2026,"143,806",525,"287704921,27"
PTP,22.04.2026,"1,052,736",164,"21503662,84"
PTS,22.04.2026,"1,405,761",631,"6225877779,94"
PUA,22.04.2026,"9,025,655",1,"4488202441,48"
PUC,22.04.2026,"647,318",798,"1303052539,81"
PUH,22.04.2026,"1,537,933",26,"357176555,92"
PUR,22.04.2026,"9,172,769",41588,"126448508202,39"
PUT,22.04.2026,"7,353,069",1,"6454431304,23"
PUV,22.04.2026,"53,054,718",1,"1132709373,35"
PUZ,22.04.2026,"9,182,684",2,"148030845,98"
PVK,22.04.2026,"5,111,067",8591,"37667750150,99"
PYB,22.04.2026,"1,643,795",321,"917324480,63"
PYD,22.04.2026,"71,249",45,"130055013,62"
PYF,22.04.2026,"9,334,633",10,"776615774,42"
PYH,22.04.2026,"7,340,577",11,"5362695499,47"
PYI,22.04.2026,"3,926,022",45,"1479810111,25"
PYL,22.04.2026,"8,715,941",33,"400316864,49"
PYR,22.04.2026,"207,713",1814,"156483367,49"
PYS,22.04.2026,"55,308,193",49,"1325825984,82"
RAF,22.04.2026,"3,555,288",12,"188193888,39"
RAI,22.04.2026,"2,022,034",1,"5278253890,71"
RAN,22.04.2026,"5,407,212",1,"1004754838,91"
RAV,22.04.2026,"133,503",12,"1036891377,73"
RAY,22.04.2026,"3,636,521",1,"1588408490,04"
RBA,22.04.2026,"22,390,553",6560,"2393081767,64"
RBB,22.04.2026,"1,471,086",42,"41252131,40"
RBE,22.04.2026,"375,357",16,"2634584170,58"
RBF,22.04.2026,"166,987",90,"28070434,65"
RBH,22.04.2026,"31,388,064",5170,"993544013,91"
RBI,22.04.2026,"53,769,812",130,"197025333,27"
RBK,22.04.2026,"8,034,656",1095,"46558624,82"
RBL,22.04.2026,"1,608,578",846,"373633144,81"
RBN,22.04.2026,"1,524,123",204,"43389602,16"
RBP,22.04.2026,"1,971,645",707,"2392605528,07"
RBR,22.04.2026,"2,861,402",114,"31916740,88"
RBT,22.04.2026,"5,767,849",1786,"612020074,30"
RBV,22.04.2026,"6,113,638",15521,"5723977981,28"
RCL,22.04.2026,"57,061,292",1,"153210198,03"
RCS,22.04.2026,"5,610,481",1,"2576102,91"
RCV,22.04.2026,"1,578,218",91,"136809562,08"
RD1,22.04.2026,"1,747,156",168,"62050751,04"
RDF,22.04.2026,"1,563,676",1215,"241405598,59"
RDH,22.04.2026,"4,166,959",18,"1783843040,15"
RDK,22.04.2026,"1,329,983",2,"617157,41"
RDS,22.04.2026,"0,00",0,"43,80"
RDT,22.04.2026,"992,497",56,"73583351,05"
RDZ,22.04.2026,"46,535,725",115,"614070913,52"
RE7,22.04.2026,"1,081,299",12,"182825677,07"
RE8,22.04.2026,"3,185,449",12,"1208912590,95"
RGD,22.04.2026,"1,035,569",160,"32054103,64"
RGH,22.04.2026,"1,059,675",34,"39009387,74"
RHD,22.04.2026,"1,834,007",12,"142374366,54"
RHI,22.04.2026,"1,582,184",572,"99791069,07"
RHS,22.04.2026,"7,444,191",1799,"846366126,68"
RIA,22.04.2026,"1,247,889",81,"161075654,98"
RIH,22.04.2026,"6,682,387",609,"192577829,04"
RIK,22.04.2026,"5,360,529",6991,"1483298230,14"
RJG,22.04.2026,"3,536,444",653,"136928687,99"
RKC,22.04.2026,"1,573,601",461,"120711261,39"
RKH,22.04.2026,"988,321",89,"8584588,46"
RKL,22.04.2026,"3,064,937",1,"2398626535,22"
RKS,22.04.2026,"1,880,315",132,"124871599,55"
RKV,22.04.2026,"229,544",260,"544746246,96"
RLH,22.04.2026,"1,534,174",26,"251149924,21"
RO1,22.04.2026,"1,136,048",25,"181845790,55"
ROD,22.04.2026,"51,812,911",849,"3030275435,91"
ROF,22.04.2026,"3,239,106",1232,"578012147,79"
ROS,22.04.2026,"0,00",0,"15,02"
ROY,22.04.2026,"1,234,331",11,"137521507,87"
RPC,22.04.2026,"4,816,003",563,"27108282,33"
RPD,22.04.2026,"13,220,816",2265,"307727693,37"
RPE,22.04.2026,"0,00",0,"4,40"
RPG,22.04.2026,"630,416",1689,"1446447697,46"
RPI,22.04.2026,"1,348,652",343,"17041196,18"
RPK,22.04.2026,"59,619,481",5,"115943555,61"
RPL,22.04.2026,"153,685",12,"111864977,30"
RPM,22.04.2026,"3,892,462",2893,"66105795,71"
RPN,22.04.2026,"5,137,343",23,"817141226,86"
RPO,22.04.2026,"6,798,645",3,"1651956241,34"
RPP,22.04.2026,"436,057",8596,"5947261195,30"
RPS,22.04.2026,"59,909,657",112,"206532852,12"
RPT,22.04.2026,"4,546,872",206,"1210060585,92"
RPU,22.04.2026,"3,247,314",12,"2341753614,04"
RPX,22.04.2026,"5,849,157",148,"1553615345,42"
RRA,22.04.2026,"1,320,041",230,"2854295367,91"
RRP,22.04.2026,"1,451,528",74,"164437139,19"
RS1,22.04.2026,"1,414,915",125,"514569822,28"
RSF,22.04.2026,"3,877,339",13,"971497280,57"
RSK,22.04.2026,"1,602,827",181,"184002165,18"
RSY,22.04.2026,"981,495",11,"144715362,29"
RSZ,22.04.2026,"5,627,984",25,"1243986853,11"
RTA,22.04.2026,"1,857,561",15,"3411445763,29"
RTB,22.04.2026,"2,372,537",11,"349148640,45"
RTD,22.04.2026,"1,710,361",223,"20907430,58"
RTG,22.04.2026,"4,854,945",4083,"174192478,01"
RTH,22.04.2026,"6,292,582",327,"32363145,17"
RTI,22.04.2026,"2,979,247",49,"27113703614,67"
RTP,22.04.2026,"12,161,868",2358,"482168903,48"
RUH,22.04.2026,"2,524,037",17,"87061980,67"
RUT,22.04.2026,"2,144,121",3831,"120339541,68"
RVI,22.04.2026,"1,308,051",11,"19645674,17"
RVS,22.04.2026,"2,656,099",20,"4127722979,33"
RYA,22.04.2026,"1,170,862",1,"351992174,87"
RYB,22.04.2026,"4,636,204",11,"4637826,71"
RYD,22.04.2026,"1,442,945",13,"318854943,30"
RYF,22.04.2026,"15,286,867",32,"483677806,99"
RYU,22.04.2026,"45,563,388",45,"256967166,50"
RZR,22.04.2026,"469,216",2,"16601979,58"
SAP,22.04.2026,"1,628,658",343,"216865543,28"
SAR,22.04.2026,"49,227,666",9,"835088429,02"
SAS,22.04.2026,"1,730,667",47308,"1540944641,65"
SAT,22.04.2026,"295,586,975",4,"2350692074,77"
SBH,22.04.2026,"1,961,391",1129,"324005416,00"
SBI,22.04.2026,"4,325,812",15,"40863121,92"
SBR,22.04.2026,"1,345,585",25,"15513221,46"
SBS,22.04.2026,"66,805,773",1,"228782716,94"
SCZ,22.04.2026,"1,386,264",189,"81883794,89"
SDA,22.04.2026,"46,666,758",1071,"5935243515,81"
SEH,22.04.2026,"1,152,071",46,"55218316,95"
SER,22.04.2026,"54,040,877",794,"6573806301,48"
SFA,22.04.2026,"17,831,675",16,"891174847,21"
SFS,22.04.2026,"1,310,474",81,"29905620,98"
SGT,22.04.2026,"1,466,536",829,"234052171,00"
SHE,22.04.2026,"3,714,741",728,"58663646,35"
SHI,22.04.2026,"2,451,389",47,"1623392013,50"
SHU,22.04.2026,"1,438,919",18,"225169669,37"
SIS,22.04.2026,"1,801,886",11,"60027947,33"
SJP,22.04.2026,"57,916,274",29,"299446886,78"
SKL,22.04.2026,"1,790,074",821,"208280290,63"
SKO,22.04.2026,"1,693,931",5286,"319917507,31"
SKS,22.04.2026,"4,733,291",3,"1183322753,86"
SKT,22.04.2026,"103,806",2055,"40463316,50"
SKZ,22.04.2026,"906,147",1730,"259358941,03"
SLF,22.04.2026,"9,959,028",7017,"1249640586,74"
SLG,22.04.2026,"1,344,268",954,"432323473,09"
SLR,22.04.2026,"319,529",5,"1213154222,24"
SLS,22.04.2026,"1,014,861",11,"111634,73"
SMP,22.04.2026,"1,023,362",1,"1432707169,72"
SNY,22.04.2026,"2,531,983",685,"895497281,68"
SOS,22.04.2026,"135,235",159,"9942766,31"
SPA,22.04.2026,"63,115,618",207,"2900410232,56"
SPD,22.04.2026,"76,194,327",1,"322629639,35"
SPE,22.04.2026,"99,963,861",1145,"3603259751,82"
SPN,22.04.2026,"8,953,774",502,"2539051310,01"
SPP,22.04.2026,"1,392,203",149,"218532353,64"
SPR,22.04.2026,"1,266,134",166,"15814716,36"
SPT,22.04.2026,"1,978,079",933,"99059542,00"
SRA,22.04.2026,"19,592,737",1,"3903984688,67"
SRE,22.04.2026,"59,917,467",1,"937780087,43"
SRL,22.04.2026,"1,458,957",315,"19126947,40"
SRO,22.04.2026,"25,141,388",6,"7008284584,11"
SSD,22.04.2026,"51,828,801",1,"535527666,91"
SSE,22.04.2026,"4,167",11,"130728271,90"
SSF,22.04.2026,"1,023,461",15,"1323997,14"
SSK,22.04.2026,"1,499,468",498,"36538991,85"
SSN,22.04.2026,"54,970,697",4,"717283440,18"
SSO,22.04.2026,"13,053,384",1,"6655633873,88"
SSS,22.04.2026,"1,436,097",4906,"251153710,95"
SST,22.04.2026,"1,459,789",22,"8613501,02"
ST1,22.04.2026,"194,050,261",3184,"708382935,52"
STI,22.04.2026,"124,895",92,"132808462,44"
STM,22.04.2026,"4,725,377",12,"563978,52"
STS,22.04.2026,"80,140,377",27,"403828964,51"
STZ,22.04.2026,"24,837,903",85,"568848985,03"
SUA,22.04.2026,"531,559",1385,"2578169168,13"
SUB,22.04.2026,"394,378",845,"113759859,43"
SUC,22.04.2026,"19,996,984",525,"445915880,50"
SUR,22.04.2026,"120,337",106,"190721329,63"
SVB,22.04.2026,"9,234,802",1616,"292478365,20"
SVS,22.04.2026,"2,544,481",1,"1654494506,61"
SVY,22.04.2026,"1,589,133",2,"3367711783,89"
SYF,22.04.2026,"304,581,245",6,"2385416347,58"
SYL,22.04.2026,"4,189,675,015",1,"1159727182,08"
SYR,22.04.2026,"48,321,925",22,"310035353,18"
SYS,22.04.2026,"45,864,039",123,"1655123777,00"
T3B,22.04.2026,"152,097",26,"11659605739,58"
TAL,22.04.2026,"2,883,662",826,"39622572,71"
TAO,22.04.2026,"19,465,927",1,"1028899531,30"
TAR,22.04.2026,"2,294,639",6737,"116889610,59"
TAU,22.04.2026,"706,094",38849,"2662303899,27"
TAZ,22.04.2026,"2,322,314",2,"1095015167,52"
TB9,22.04.2026,"49,480,179",11364,"40946178313,50"
TBP,22.04.2026,"259,141",209,"442466415,31"
TBT,22.04.2026,"51,508,223",2796,"424319104,49"
TBV,22.04.2026,"363,053",8387,"1305703267,76"
TCA,22.04.2026,"829,603",51316,"16234200654,59"
TCB,22.04.2026,"206,395",4962,"3829116584,05"
TCC,22.04.2026,"77,489",297,"347133635,53"
TCD,22.04.2026,"46,012,029",12636,"1471951602,40"
TCF,22.04.2026,"4,050,905",3376,"5395512411,21"
TCG,22.04.2026,"1,346,843",1,"190789969,67"
TCH,22.04.2026,"2,043,358",74,"279965354,79"
TCI,22.04.2026,"10,141,421",17,"1312776302,17"
TCS,22.04.2026,"41,777,282",45,"1449390436,18"
TDG,22.04.2026,"496,328",2149,"658996538,03"
TDP,22.04.2026,"55,547,369",44,"303273469,22"
TE3,22.04.2026,"38,410,273",3288,"1278433345,23"
TE4,22.04.2026,"5,819,892",1741,"2381934450,51"
TEJ,22.04.2026,"2,202,039",1110,"538698147,22"
TFE,22.04.2026,"2,507,495",103,"30945866,44"
TFF,22.04.2026,"34,833,457",8543,"1152808069,28"
TFU,22.04.2026,"1,159,676",3176,"806548324,16"
TGA,22.04.2026,"459,795",6834,"845715747,24"
TGE,22.04.2026,"271,674",42266,"3419928654,78"
TGN,22.04.2026,"1,273,421",1986,"2395920465,30"
TGR,22.04.2026,"6,681,429",5986,"122667742,19"
TGT,22.04.2026,"106,338",62221,"3254748440,87"
TGV,22.04.2026,"17,661,277",13,"11237105280,08"
TGZ,22.04.2026,"5,412,656",11,"985683645,50"
THD,22.04.2026,"2,729,978",214,"9180043,69"
THF,22.04.2026,"2,205,171",7597,"1156131256,77"
THG,22.04.2026,"6,325,073",189,"164964636,94"
THH,22.04.2026,"134,511,095",1,"1716160076,69"
THO,22.04.2026,"46,921,461",12,"2241548343,87"
THS,22.04.2026,"59,016,622",1,"387217143,68"
THT,22.04.2026,"242,954",363,"8766900,71"
THV,22.04.2026,"80,270,785",21,"3619773781,42"
TI1,22.04.2026,"1,467,280,434",228021,"173234394912,75"
TI2,22.04.2026,"132,997",22830,"4279724072,92"
TI3,22.04.2026,"125,273",24886,"2521492743,47"
TI4,22.04.2026,"59,146",16026,"2277643532,20"
TI6,22.04.2026,"50,233",4862,"799987148,16"
TI7,22.04.2026,"72,397,666",10704,"1339764058,80"
TIE,22.04.2026,"755,757",17869,"1890010137,64"
TIL,22.04.2026,"1,374,128",1663,"92051077,33"
TIP,22.04.2026,"46,495,783",29,"156187798,35"
TIV,22.04.2026,"47,079,408",112888,"19451040859,40"
TJB,22.04.2026,"9,491,526",1,"775480699,65"
TJF,22.04.2026,"5,174,299",580,"61239662,28"
TJI,22.04.2026,"6,151,528",923,"725300849,34"
TJL,22.04.2026,"21,026,485",4,"1429612609,05"
TJT,22.04.2026,"6,405,825",2003,"2381231426,41"
TKF,22.04.2026,"65,200,469",4649,"1040738035,42"
TKH,22.04.2026,"2,178,563",1,"444961882,74"
TKK,22.04.2026,"1,704,087",114708,"1817175280,87"
TKM,22.04.2026,"189,491",499638,"61344480646,17"
TLE,22.04.2026,"26,573,401",993,"561588340,61"
TLH,22.04.2026,"31,471,927",444,"148493867,75"
TLK,22.04.2026,"1,557,593",907,"2635696920,67"
TLT,22.04.2026,"65,706,615",1,"372140519,79"
TLU,22.04.2026,"49,602,459",547,"9998456057,74"
TLV,22.04.2026,"1,197,408",7418,"4416597350,45"
TLY,22.04.2026,"5,099,616,212",84328,"121821671915,95"
TLZ,22.04.2026,"17,657,719",809,"57121732,06"
TMC,22.04.2026,"149,202",11070,"100684632,77"
TMG,22.04.2026,"1,249,268",32645,"4453710694,52"
TMH,22.04.2026,"0,00",12,"0,00"
TMM,22.04.2026,"65,188,503",1204,"820907994,03"
TMR,22.04.2026,"7,088,023",1,"9031027493,88"
TMS,22.04.2026,"1,859,558",88,"332133676,91"
TMU,22.04.2026,"1,290,756",101,"108003918,56"
TMV,22.04.2026,"508,833",1488,"5724164804,12"
TMZ,22.04.2026,"1,825,073",2524,"47993353,38"
TNA,22.04.2026,"1,608,181",1,"5487838160,26"
TNB,22.04.2026,"47,357,621",87,"717901321,69"
TND,22.04.2026,"1,324,463",389,"174493219,05"
TNF,22.04.2026,"3,729,144",3,"4732791574,16"
TNH,22.04.2026,"12,140,722",2,"110419949,10"
TNI,22.04.2026,"10,053,785",3636,"10272187130,63"
TNK,22.04.2026,"29,936,452",75518,"3573500675,91"
TNS,22.04.2026,"10,362,133",30,"385798621,36"
TO8,22.04.2026,"53,305,891",99,"753825418,27"
TOK,22.04.2026,"55,880,032",7355,"23763859613,76"
TOT,22.04.2026,"841,223,938",798,"117288488,80"
TP1,22.04.2026,"63,074,574",1,"357455848,69"
TP2,22.04.2026,"1,859,155",96413,"128894238248,25"
TPC,22.04.2026,"13,972,858",17781,"8257060717,59"
TPE,22.04.2026,"50,627",34,"2299678796,64"
TPF,22.04.2026,"9,837,645",598,"165102300,63"
TPJ,22.04.2026,"72,559,903",1615,"2459878442,54"
TPL,22.04.2026,"19,742,553",1429,"690108024,32"
TPO,22.04.2026,"162,965",3,"96073548,88"
TPP,22.04.2026,"67,962,589",414,"1501293594,73"
TPR,22.04.2026,"49,525",2,"302048033,89"
TPV,22.04.2026,"10,280,834",38,"6483844,14"
TPZ,22.04.2026,"26,224,903",1557,"137507996,69"
TRJ,22.04.2026,"1,856,318",3046,"1963657251,13"
TRN,22.04.2026,"1,242,961",1,"2273529246,63"
TRO,22.04.2026,"2,581,025",472,"35689617,92"
TRR,22.04.2026,"5,664,676",506,"2873032420,57"
TRU,22.04.2026,"1,401,534",270,"279318240,11"
TSI,22.04.2026,"183,593",78047,"20231129880,41"
TSP,22.04.2026,"6,544,243",5,"1605745391,60"
TTA,22.04.2026,"64,239",222492,"29770860344,11"
TTE,22.04.2026,"1,424,877",38590,"2867037194,98"
TTL,22.04.2026,"35,798,279",394,"252137806,89"
TTP,22.04.2026,"47,734,718",109,"836973045,50"
TTS,22.04.2026,"65,085,709",1,"2023287284,27"
TTV,22.04.2026,"7,786,021",22,"2425892302,16"
TTZ,22.04.2026,"3,592,353",9,"306760508,76"
TUA,22.04.2026,"150,355",35029,"18504291204,25"
TVE,22.04.2026,"1,162,643",271,"147532260,69"
TVN,22.04.2026,"2,478,338",549,"7581886,41"
TYH,22.04.2026,"2,158,975",7075,"1941060932,87"
TZC,22.04.2026,"29,856",1136,"30404329,00"
TZD,22.04.2026,"2,407,516",8006,"938415493,59"
TZH,22.04.2026,"7,772,818",1,"55954491397,62"
TZL,22.04.2026,"121,462",176253,"75884660314,34"
TZP,22.04.2026,"12,395,622",14,"984109632,25"
TZT,22.04.2026,"156,281",6039,"325487984,82"
TZV,22.04.2026,"839,862,504",133123,"21815188772,50"
UAB,22.04.2026,"4,991,395",2,"454954721,30"
UAP,22.04.2026,"65,165,206",1,"427904066,12"
UCN,22.04.2026,"2,099,058",2,"1143839497,99"
UCP,22.04.2026,"1,164,862",28,"13591224712,59"
UFH,22.04.2026,"67,795,306",1,"249235815,15"
UHL,22.04.2026,"68,214,715",1,"2436886112,25"
UHS,22.04.2026,"7,491,668",13,"403141175,13"
ULH,22.04.2026,"6,260,108",268,"1248102456,92"
ULL,22.04.2026,"655,653",3,"268620704,44"
UNT,22.04.2026,"1,376,351",229,"99748034,54"
UP1,22.04.2026,"6,368,759",1662,"1310027689,35"
UP2,22.04.2026,"3,702,065",263,"2042563508,31"
UPD,22.04.2026,"20,450,532",294,"2597157337,54"
UPH,22.04.2026,"31,424,826",596,"201132212,51"
UPP,22.04.2026,"6,193,265",1016,"2985415837,97"
UPS,22.04.2026,"4,691,599",1,"541969765,01"
URA,22.04.2026,"1,958,706",11619,"930325748,91"
URC,22.04.2026,"5,222,018",182,"200248565,68"
URD,22.04.2026,"45,966,172",12,"10247826758,47"
URG,22.04.2026,"70,596,024",1,"529664458,28"
URM,22.04.2026,"46,206,804",1,"8777121,13"
URS,22.04.2026,"3,521,417",1,"922925228,07"
URV,22.04.2026,"3,792,565",2,"10184553968,51"
USS,22.04.2026,"3,375,252",1,"3658890371,13"
UST,22.04.2026,"368,573",1,"1728014181,56"
USY,22.04.2026,"236,439",486,"1262274622,42"
UYH,22.04.2026,"4,505,727",12,"873319616,67"
UZY,22.04.2026,"2,523,537",16,"78964,01"
VAY,22.04.2026,"1,631,551",3293,"48210158,14"
VCD,22.04.2026,"5,570,385",12,"61276193,68"
VCG,22.04.2026,"5,039,798",20,"1747196309,09"
VCY,22.04.2026,"3,247,477",12185,"147793928,78"
VFK,22.04.2026,"4,839,415",5454,"3165888769,49"
VFS,22.04.2026,"1,826,595",1,"5882906,75"
VK6,22.04.2026,"3,652,498",155420,"66414119920,87"
VKI,22.04.2026,"2,748,714",578,"2005266561,15"
VKT,22.04.2026,"107,808",45280,"4357548302,26"
VMV,22.04.2026,"2,452,112",155,"6905986732,63"
VNK,22.04.2026,"2,348,527",467,"7822434805,41"
VPP,22.04.2026,"48,115,046",441,"1358851326,94"
VPS,22.04.2026,"146,076",12362,"5377434771,46"
VRK,22.04.2026,"1,209,441",153,"24594551,58"
VTF,22.04.2026,"2,109,983",1,"403413909,64"
YA1,22.04.2026,"1,253,039",19,"722592943,06"
YAC,22.04.2026,"13,878,606",10424,"5569107873,75"
YAE,22.04.2026,"1,055,899",907,"298262024,72"
YAK,22.04.2026,"4,847,408",109755,"1111887596,42"
YAN,22.04.2026,"13,151,641",3712,"1783426134,01"
YAR,22.04.2026,"2,669,759",1,"747532513,75"
YAS,22.04.2026,"15,118,992",71158,"7558419016,07"
YAY,22.04.2026,"148,551,335",36999,"10168759277,66"
YBE,22.04.2026,"1,704,293",14338,"5361638034,27"
YBH,22.04.2026,"49,916,886",668,"749378798,82"
YBJ,22.04.2026,"5,457,569",1,"1804569404,95"
YBP,22.04.2026,"11,484,756",56,"864724552,23"
YBR,22.04.2026,"51,762,301",2331,"5274075161,11"
YBS,22.04.2026,"128,149",11267,"1760397296,12"
YCG,22.04.2026,"56,794,479",4,"189137258,61"
YCH,22.04.2026,"2,416,025",137,"119044188,11"
YCK,22.04.2026,"4,052,407",39,"480339287,28"
YCL,22.04.2026,"10,735,356",12,"386033744,97"
YCP,22.04.2026,"9,404,046",2285,"1298668262,70"
YCY,22.04.2026,"3,657,237",273,"248104508,95"
YDI,22.04.2026,"454,773",7535,"1227303560,71"
YDK,22.04.2026,"106,214",48805,"134776866,18"
YDL,22.04.2026,"55,295,949",8,"1153209134,57"
YDM,22.04.2026,"1,597,625",2,"1107654504,07"
YDP,22.04.2026,"2,059,551",2390,"364551797,72"
YDZ,22.04.2026,"50,733,776",3117,"12393527773,05"
YEF,22.04.2026,"959,279",13798,"2009274682,18"
YFV,22.04.2026,"95,824",7417,"908512958,84"
YGM,22.04.2026,"3,195,948",2526,"648621504,73"
YHB,22.04.2026,"2,231,336",7701,"302302172,62"
YHI,22.04.2026,"1,469,122",275,"65800432,10"
YHK,22.04.2026,"1,856,424",5539,"970766223,32"
YHP,22.04.2026,"4,106,026",1,"1724531057,81"
YHS,22.04.2026,"25,659,118",8724,"3694606974,09"
YHT,22.04.2026,"368,398",86492,"2096140032,27"
YHY,22.04.2026,"1,269,082",16,"1597996,48"
YHZ,22.04.2026,"7,956,833",13867,"905203911,66"
YIK,22.04.2026,"1,349,804",1451,"26093062743,70"
YIS,22.04.2026,"1,251,728",1,"926616266,68"
YIT,22.04.2026,"2,254,914",5920,"669174658,28"
YIV,22.04.2026,"340,307",2,"4634155043,69"
YJA,22.04.2026,"62,602,652",4,"374797883,43"
YJH,22.04.2026,"3,696,861",3814,"186359559,05"
YJK,22.04.2026,"4,779,794",9394,"649284294,53"
YJU,22.04.2026,"6,205,741",1,"413153844,59"
YJY,22.04.2026,"53,544,276",8311,"67223121138,73"
YKS,22.04.2026,"320,594",381,"193308065,53"
YKT,22.04.2026,"909,222",94408,"37153123120,35"
YLB,22.04.2026,"1,602,446",334522,"68540812284,97"
YLC,22.04.2026,"3,676,958",1479,"80962844,91"
YLE,22.04.2026,"8,666,192",2491,"323735827,72"
YLO,22.04.2026,"4,962,483",4857,"220176706,55"
YLR,22.04.2026,"13,064,694",4,"63990,87"
YLY,22.04.2026,"2,418,511",587,"39044687,75"
YLZ,22.04.2026,"3,613,071",13,"2031242704,67"
YMD,22.04.2026,"5,240,633",1317,"5987131623,58"
YMH,22.04.2026,"1,430,512",358,"478570115,54"
YMP,22.04.2026,"1,008,579",4,"24020800,39"
YNK,22.04.2026,"45,134,836",1164,"17165272401,83"
YNL,22.04.2026,"52,002,637",1,"207070860,67"
YOA,22.04.2026,"83,168,551",142,"1812137348,47"
YOS,22.04.2026,"53,327,819",229,"970151621,99"
YOT,22.04.2026,"36,805,682",10191,"2323446994,86"
YOZ,22.04.2026,"45,755,929",1210,"24337039414,22"
YP1,22.04.2026,"61,657,807",3,"217492240,30"
YP2,22.04.2026,"68,641,333",1,"1275983898,29"
YP4,22.04.2026,"50,426,826",30412,"138143776927,29"
YPC,22.04.2026,"4,835,751",2355,"42252996,48"
YPD,22.04.2026,"63,791,003",2,"93687358,38"
YPF,22.04.2026,"9,043,697",459,"1139222751,49"
YPI,22.04.2026,"52,385,573",68,"1997431919,42"
YPK,22.04.2026,"13,722,067",273,"225443466,51"
YPL,22.04.2026,"68,291,139",1620,"13066936920,31"
YPN,22.04.2026,"62,748,887",100,"1788629107,52"
YPP,22.04.2026,"24,083,328",1,"4504998567,76"
YPR,22.04.2026,"1,629,895",282,"201661980,17"
YPT,22.04.2026,"3,636,614",18708,"104411913593,96"
YPU,22.04.2026,"6,174,978",1728,"3756727502,35"
YPV,22.04.2026,"761,605",3621,"6628185657,56"
YRZ,22.04.2026,"45,324,886",159,"748202141,28"
YSA,22.04.2026,"45,431,537",198,"196809009,47"
YSL,22.04.2026,"41,884,047",423,"711774146,38"
YSO,22.04.2026,"1,247,685",192,"63062997,05"
YSU,22.04.2026,"161,902",6404,"250426561,93"
YTC,22.04.2026,"62,599,163",120,"311976762,64"
YTD,22.04.2026,"802,043",15240,"1590092321,09"
YTJ,22.04.2026,"65,336,753",1,"1147877884,41"
YTO,22.04.2026,"50,490,071",4,"667130513,98"
YTR,22.04.2026,"75,801,119",2,"587109838,58"
YTV,22.04.2026,"2,866,739",2406,"219857869,54"
YTY,22.04.2026,"55,816,742",20579,"101457340224,23"
YUB,22.04.2026,"5,529,901",675,"583230138,93"
YUD,22.04.2026,"70,583,371",2,"242157781,70"
YUI,22.04.2026,"1,881,718",9,"1213859544,45"
YUK,22.04.2026,"46,998,652",149,"1286434000,98"
YUN,22.04.2026,"53,670,204",479,"2740809165,03"
YUY,22.04.2026,"1,024,451",2,"1014576837,61"
YVB,22.04.2026,"1,294,351",725,"111752483,27"
YVD,22.04.2026,"3,897,972",82806,"41974887386,53"
YVF,22.04.2026,"69,259,963",4,"902829318,68"
YVG,22.04.2026,"59,663,035",1225,"5945828183,49"
YVO,22.04.2026,"6,573,066",2,"689030587,13"
YVS,22.04.2026,"70,463,108",6,"407115547,26"
YZC,22.04.2026,"4,174,074",12692,"541811227,58"
YZF,22.04.2026,"90,328,231",1,"451641152,54"
YZG,22.04.2026,"14,915,642",70200,"14062990538,89"
YZH,22.04.2026,"12,141,906",6431,"1193635293,97"
YZK,22.04.2026,"7,383,981",211,"207101625,07"
YZL,22.04.2026,"4,885,946",74,"613092156,74"
ZA2,22.04.2026,"1,763,918",2436,"14603043301,51"
ZAD,22.04.2026,"43,711,431",27,"11125958,08"
ZAV,22.04.2026,"54,331,703",4855,"68802488701,70"
ZAY,22.04.2026,"5,730,873",3756,"1741214115,58"
ZBD,22.04.2026,"659,391,102",2219,"923126706,56"
ZBI,22.04.2026,"2,037,294",1788,"221907372,98"
ZBJ,22.04.2026,"4,543,684",19605,"34181331304,97"
ZBN,22.04.2026,"2,397,615",186,"128216345,14"
ZBO,22.04.2026,"2,958,737",254,"416600123,86"
ZBZ,22.04.2026,"62,913,288",1,"330284379,87"
ZCA,22.04.2026,"7,584,792",1,"57155940,35"
ZCB,22.04.2026,"68,421,359",3,"73753846,01"
ZCC,22.04.2026,"74,532,245",2,"393818917,29"
ZCD,22.04.2026,"4,472,526",631,"1450142318,96"
ZCE,22.04.2026,"4,116,418",1,"11557806545,29"
ZCF,22.04.2026,"3,724,528",1,"1717000638,62"
ZCG,22.04.2026,"5,849,035",162,"552474559,04"
ZCH,22.04.2026,"2,418,899",1,"4978081537,02"
ZCK,22.04.2026,"1,616,258",1963,"381319609,90"
ZCN,22.04.2026,"3,850,556",7804,"641982548,57"
ZDD,22.04.2026,"6,852,501",1457,"481520087,83"
ZDK,22.04.2026,"1,508,443",1,"3160761,25"
ZDZ,22.04.2026,"12,370,462",9426,"1061475094,49"
ZFB,22.04.2026,"6,512,456",16171,"810772450,13"
ZFZ,22.04.2026,"6,450,584",3,"20733925495,79"
ZHH,22.04.2026,"1,421,216",1147,"110675390,80"
ZJB,22.04.2026,"11,845,287",2271,"11353698288,18"
ZJH,22.04.2026,"57,376,659",1,"194277308,52"
ZJI,22.04.2026,"12,366,472",2296,"8911423987,52"
ZJL,22.04.2026,"13,974,039",2956,"409633591,65"
ZJR,22.04.2026,"6,701,134",1,"1301239307,54"
ZJT,22.04.2026,"63,306,812",1,"1259263769,99"
ZJV,22.04.2026,"10,545,356",1470,"591984645,32"
ZK1,22.04.2026,"46,967,766",122,"2136445697,51"
ZK2,22.04.2026,"55,028,795",74,"1900959062,70"
ZKK,22.04.2026,"23,710,074",1,"2220760275,39"
ZLB,22.04.2026,"47,166,822",59,"544565958,63"
ZLG,22.04.2026,"60,097,951",1,"1011617504,04"
ZLH,22.04.2026,"11,479,994",3722,"464025929,28"
ZMT,22.04.2026,"59,106,021",299,"1185132528,91"
ZMU,22.04.2026,"191,878",13,"20253462,80"
ZMY,22.04.2026,"6,103,481",2898,"181349075,37"
ZNF,22.04.2026,"51,886,747",1,"1901915625,39"
ZOS,22.04.2026,"1,719,107",11,"526943206,55"
ZP1,22.04.2026,"58,959,508",2,"59781285,27"
ZP2,22.04.2026,"5,073,486",1,"543088159,41"
ZP3,22.04.2026,"4,123,212",1,"60145950,75"
ZP6,22.04.2026,"54,312,577",1621,"7079911209,52"
ZP7,22.04.2026,"63,960,007",1,"1599000166,58"
ZP8,22.04.2026,"3,585,416",5027,"54921684404,33"
ZP9,22.04.2026,"57,339,355",839,"1756847893,12"
ZPA,22.04.2026,"62,165,342",883,"3975536669,93"
ZPC,22.04.2026,"18,690,031",2996,"3125478990,96"
ZPE,22.04.2026,"32,817,443",6751,"1211609190,27"
ZPF,22.04.2026,"21,483,197",3388,"795263412,42"
ZPG,22.04.2026,"9,494,642",5716,"1309434511,11"
ZPH,22.04.2026,"1,331,031",62,"98800320,44"
ZPJ,22.04.2026,"11,143,521",409,"141834084,04"
ZPK,22.04.2026,"744,559",27331,"16304398286,74"
ZPN,22.04.2026,"67,216,856",1,"1905315231,09"
ZPR,22.04.2026,"1,353,243",923,"25252947836,96"
ZR2,22.04.2026,"1,271,203",1,"2548503382,30"
ZR3,22.04.2026,"74,906",166,"233227129,25"
ZSB,22.04.2026,"9,679,058",18,"2674548211,23"
ZSF,22.04.2026,"51,721,324",1754,"43409603,86"
ZSG,22.04.2026,"4,114,759",1015,"49718220,65"
ZSK,22.04.2026,"54,763,519",1,"577712297,31"
ZSN,22.04.2026,"52,199,502",2,"2846736723,94"
ZTF,22.04.2026,"6,672,553",1,"1834031998,86"
ZTG,22.04.2026,"1,182,492",838,"32207545,05"
ZUD,22.04.2026,"3,892,005",1,"2808650605,40"
ZUE,22.04.2026,"4,593,742",1,"5790947985,47"
ZUS,22.04.2026,"46,923,687",3366,"68801050734,20"
ZVB,22.04.2026,"84,555,075",11,"225838826,96"
ZVO,22.04.2026,"3,649,256",406,"867076680,63"
ZYC,22.04.2026,"4,321,093",1,"7923962611,44"
ZYD,22.04.2026,"4,322,845",1,"7972138390,58"
ZZL,22.04.2026,"76,725,786",15,"39077900,37"
AAK,21.04.2026,"35,671,943",769,"34736446,74"
AAL,21.04.2026,"315,396",4811,"2972519960,96"
AAS,21.04.2026,"1,126,153",157,"23759667,09"
AAV,21.04.2026,"63,368,526",2310,"305573553,91"
ABG,21.04.2026,"61,365,881",158,"7574566267,42"
ABJ,21.04.2026,"903,853",3,"1208760093,28"
ABU,21.04.2026,"93,429",31,"3199002,60"
AC1,21.04.2026,"2,841,403",160,"271258384,22"
AC2,21.04.2026,"3,710,695",48,"9197766647,23"
AC3,21.04.2026,"66,531,696",14,"139088634,41"
AC4,21.04.2026,"3,487,513",3592,"1971971601,36"
AC5,21.04.2026,"3,400,546",185,"52431828,57"
AC6,21.04.2026,"55,816,951",107,"76161839,56"
AC7,21.04.2026,"11,353,883",45,"6135467575,24"
AC8,21.04.2026,"192,838,933",97,"2379518077,89"
ACC,21.04.2026,"45,328,106",1451,"195417714,38"
ACD,21.04.2026,"5,624,358",1570,"325543474,93"
ACN,21.04.2026,"11,723,853",16,"636474440,79"
ACU,21.04.2026,"5,250,375",165,"1344971825,84"
ADE,21.04.2026,"874,391",27144,"1065313007,16"
ADP,21.04.2026,"1,400,649",22570,"4407623651,54"
AED,21.04.2026,"109,854,016",817,"43110264,01"
AES,21.04.2026,"156,975",36733,"1746904260,23"
AEV,21.04.2026,"1,930,892",398,"10982421,87"
AFA,21.04.2026,"1,083,808",45960,"5319997171,99"
AFO,21.04.2026,"1,369,869",87866,"23534849317,08"
AFS,21.04.2026,"305,542",26984,"778105131,08"
AFT,21.04.2026,"899,352",143594,"25291122751,08"
AFV,21.04.2026,"54,256",15734,"1201269852,26"
AGC,21.04.2026,"8,629,373",2493,"99735002,72"
AHH,21.04.2026,"9,516,365",15,"203370528,08"
AHI,21.04.2026,"38,383,308",2670,"149297440,67"
AHN,21.04.2026,"66,429,065",99,"28758338,00"
AHU,21.04.2026,"10,091,179",609,"212822701,48"
AHV,21.04.2026,"19,698,291",153,"116879531,92"
AHZ,21.04.2026,"26,890,424",12,"630227636,42"
AI1,21.04.2026,"1,102,164",19,"64937411,69"
AIH,21.04.2026,"1,823,944",4,"175896673,85"
AII,21.04.2026,"89,337,044",3,"365477845,59"
AIM,21.04.2026,"24,619,481",1,"23119391,22"
AIR,21.04.2026,"153,091,717",1,"1340736534,86"
AIS,21.04.2026,"94,389",12397,"12354801037,08"
AJ1,21.04.2026,"1,197,055",108,"32685169,24"
AJE,21.04.2026,"58,502,159",1022,"4421681720,93"
AJK,21.04.2026,"59,932,251",131,"134906059,66"
AJL,21.04.2026,"5,951,456",1488,"5403537429,30"
AJN,21.04.2026,"57,827,329",358,"567806027,63"
AK2,21.04.2026,"518,889",9488,"222015649,92"
AK3,21.04.2026,"53,315,339",20963,"8988757102,82"
AKE,21.04.2026,"493,332",13922,"1057160778,76"
AKU,21.04.2026,"954,988",17115,"1574433219,62"
AL4,21.04.2026,"3,515,347",12,"1119799751,92"
AL5,21.04.2026,"5,021,291",2466,"15010200758,84"
AL6,21.04.2026,"3,437,644",12,"4904118461,25"
AL7,21.04.2026,"3,323,082",110,"6673161031,20"
ALC,21.04.2026,"368,528",26690,"2041510547,48"
ALE,21.04.2026,"11,880,834",137851,"65659478310,79"
AN1,21.04.2026,"96,631,193",2574,"1456825322,84"
ANL,21.04.2026,"32,942,207",4143,"551183675,14"
ANZ,21.04.2026,"20,362,859",183,"267938248,20"
AOJ,21.04.2026,"1,575,029",248,"22291909,46"
AOY,21.04.2026,"347,354",36606,"986593060,22"
AP2,21.04.2026,"3,653,439",36,"1052557414,09"
AP4,21.04.2026,"996,062",11,"248236991,37"
AP5,21.04.2026,"1,076,371",12,"1104993,58"
AP6,21.04.2026,"8,785,192",46,"1059483542,80"
AP7,21.04.2026,"229,329",550,"178326069,76"
APJ,21.04.2026,"706,399",3187,"105105467,68"
APP,21.04.2026,"32,874,172",2,"210904315,35"
APT,21.04.2026,"1,501",13581,"325617886,45"
ARE,21.04.2026,"220,654",1673,"37549193,81"
ARF,21.04.2026,"7,896,327",1,"713432347,43"
ARL,21.04.2026,"14,987,269",7892,"4226492795,36"
ARM,21.04.2026,"17,862,248",5643,"3351846052,04"
ARP,21.04.2026,"42,547,594",1,"3215066255,91"
AS1,21.04.2026,"44,821,528",41,"6550307,68"
AS3,21.04.2026,"750,439",16,"169485105,38"
ASJ,21.04.2026,"3,920,318",852,"73898267,40"
ATJ,21.04.2026,"22,608,477",11,"1082211336,55"
AU1,21.04.2026,"1,206,517",625,"59766094,76"
AUT,21.04.2026,"907,948",157,"2795562,80"
AUV,21.04.2026,"46,872,059",615,"793712085,04"
AVC,21.04.2026,"148,101,515",11,"249661388,93"
AVT,21.04.2026,"19,957,753",19584,"3190730593,41"
AVZ,21.04.2026,"96,140,984",1,"221361732,55"
AY6,21.04.2026,"1,317,031",11,"103073757,90"
AY7,21.04.2026,"1,478,268",12,"209520854,40"
AYA,21.04.2026,"19,248,983",10442,"1260797369,67"
AYR,21.04.2026,"123,272",13239,"1607083245,81"
AZF,21.04.2026,"162,383",4,"539950103,57"
AZJ,21.04.2026,"1,812,667",41,"662784497,20"
AZV,21.04.2026,"24,992,801",4,"4204959030,59"
AZZ,21.04.2026,"58,809,355",7,"26905750031,73"
BA1,21.04.2026,"1,391,723",25,"279230916,43"
BAC,21.04.2026,"8,262,985",11,"6236061416,78"
BAG,21.04.2026,"895,242",56,"45517985,05"
BAL,21.04.2026,"46,374,697",1,"1019051043,44"
BAO,21.04.2026,"3,306,238",4,"153834365,59"
BAS,21.04.2026,"50,153,003",1,"1434916745,82"
BBF,21.04.2026,"317,641",1142,"179738123,76"
BBI,21.04.2026,"1,559,881",12,"1060603,51"
BBN,21.04.2026,"670,561",13,"1542667056,92"
BBO,21.04.2026,"2,319,902",12,"768788692,85"
BBP,21.04.2026,"2,060,141",793,"35959702,19"
BBS,21.04.2026,"137,876",791,"1184462840,13"
BCC,21.04.2026,"63,529,298",2,"2555360738,04"
BCK,21.04.2026,"1,776,246",1769,"93918095,92"
BCO,21.04.2026,"1,720,466",457,"46908653,66"
BDA,21.04.2026,"53,304,251",434,"1155901290,24"
BDC,21.04.2026,"912,325",40,"399287021,21"
BDI,21.04.2026,"570,424",74,"465121850,41"
BDO,21.04.2026,"2,765,273",11,"4640954542,33"
BDS,21.04.2026,"2,376,161",12792,"532023513,67"
BDY,21.04.2026,"1,601,211",2483,"102825636,07"
BFE,21.04.2026,"1,766,023",60,"9303386,85"
BFO,21.04.2026,"49,798,903",1,"3508318047,20"
BFS,21.04.2026,"10,496",37,"6150642,22"
BFT,21.04.2026,"123,891",551,"202109208,42"
BGH,21.04.2026,"2,136,996",1,"1004451016,66"
BGP,21.04.2026,"573,586",31166,"61777104828,31"
BHA,21.04.2026,"1,576,059",920,"106672596,04"
BHE,21.04.2026,"192,652",81,"40791123,07"
BHF,21.04.2026,"3,023,352",2585,"370153336,29"
BHH,21.04.2026,"601,065",74,"1066884710,95"
BHI,21.04.2026,"2,061,066",358,"670778560,95"
BHL,21.04.2026,"1,212,997",783,"59992938,09"
BHO,21.04.2026,"1,113,802",1,"1037300117,16"
BI5,21.04.2026,"2,325,938",12,"869845931,97"
BIA,21.04.2026,"254,804",12,"652347,47"
BID,21.04.2026,"3,450,389",2261,"304976620,62"
BIG,21.04.2026,"1,400,451",3796,"587045733,18"
BIH,21.04.2026,"7,525,806",408,"750639936,10"
BIK,21.04.2026,"1,497,496",14,"3478710164,11"
BIO,21.04.2026,"2,516,962",12141,"1135819895,54"
BIP,21.04.2026,"1,434,175",193,"5162285278,94"
BIS,21.04.2026,"1,618,384",75,"799862290,21"
BIY,21.04.2026,"1,288,346",307,"78963652,80"
BJD,21.04.2026,"49,390,073",74,"2646265009,69"
BKO,21.04.2026,"1,125,268",1,"3035303917,75"
BKY,21.04.2026,"45,844,923",561,"2127566123,81"
BLA,21.04.2026,"7,662,101",15,"7159774783,22"
BLD,21.04.2026,"1,465,619",737,"468284086,63"
BLT,21.04.2026,"1,799,141",3154,"402349956,71"
BMU,21.04.2026,"1,255,251",12,"1044412257,34"
BNC,21.04.2026,"2,014,078",256,"721298758,04"
BNH,21.04.2026,"1,355,957",206,"139905609,67"
BOH,21.04.2026,"1,027,936",11,"257569638,75"
BOL,21.04.2026,"1,567,737",255,"47120094,13"
BON,21.04.2026,"1,254,775",346,"29728613,90"
BOP,21.04.2026,"45,842,884",9,"1123344434,06"
BOS,21.04.2026,"149,091",1418,"2499425186,76"
BP5,21.04.2026,"1,573,768",15,"419935067,69"
BPD,21.04.2026,"49,323,413",11,"135561899,62"
BPZ,21.04.2026,"1,375,502",422,"389663098,64"
BRB,21.04.2026,"1,418,221",11,"935800265,31"
BRC,21.04.2026,"1,205,979",36,"126272997,13"
BRF,21.04.2026,"1,476,132",1078,"102827287,87"
BRG,21.04.2026,"4,496,154",1622,"1796516577,68"
BRH,21.04.2026,"5,441,688",15,"4387201611,33"
BRR,21.04.2026,"1,458,212",263,"292391858,38"
BRT,21.04.2026,"1,272,015",498,"36572774,47"
BRZ,21.04.2026,"51,018,961",5,"1597792838,45"
BS1,21.04.2026,"1,137,543",135,"7220592,78"
BSA,21.04.2026,"42,481",1,"866408892,15"
BSD,21.04.2026,"1,104,389",92,"270639052,12"
BSE,21.04.2026,"871,335",66,"609682450,10"
BSF,21.04.2026,"1,376,752",1,"7783471146,90"
BSH,21.04.2026,"1,130,983",162,"8953680,78"
BSM,21.04.2026,"1,445,998",1815,"1371052276,21"
BSN,21.04.2026,"1,483,561",12,"11664848,93"
BST,21.04.2026,"10,135,173",705,"60598667,61"
BTE,21.04.2026,"4,006,223",954,"210458422,23"
BTJ,21.04.2026,"1,237,465",82,"28320147,32"
BTK,21.04.2026,"1,281,805",295,"81250593,23"
BTP,21.04.2026,"506,961",15,"5255813,29"
BTY,21.04.2026,"54,721,527",3,"773652948,14"
BTZ,21.04.2026,"1,273,247",207,"8446933,60"
BUB,21.04.2026,"1,038,803",36,"3305864,91"
BUC,21.04.2026,"984,961",23,"241434057,49"
BUP,21.04.2026,"3,724,181",1,"12493798705,80"
BUT,21.04.2026,"1,751,484",4,"208001548,44"
BUV,21.04.2026,"1,400,425",475,"66638780,12"
BUY,21.04.2026,"1,847,702",18295,"419325103,85"
BV1,21.04.2026,"156,188",820,"150569957,17"
BVB,21.04.2026,"4,032,674",1,"4335136889,89"
BVC,21.04.2026,"3,830,563",1,"6210653333,10"
BVD,21.04.2026,"1,196,543",357,"218290743,70"
BVF,21.04.2026,"1,236,195",541,"942878939,69"
BVH,21.04.2026,"1,755,766",14,"113188645,15"
BVI,21.04.2026,"3,046,207",31,"323156655,26"
BVK,21.04.2026,"1,012,081",35,"2252373,79"
BVM,21.04.2026,"1,304,039",163,"11423616,55"
BVT,21.04.2026,"5,091,084",10,"19165368,80"
BVV,21.04.2026,"2,741,967",509,"97906066,08"
BVZ,21.04.2026,"3,939,403",762,"2257939778,01"
BYZ,21.04.2026,"2,579,158",42,"211887667,80"
CAH,21.04.2026,"1,375,314",371,"55518383,60"
CBD,21.04.2026,"3,208,319",15,"306046374,36"
CBN,21.04.2026,"48,743,761",6,"626750103,91"
CBO,21.04.2026,"302,844,612",3,"2191157688,75"
CEY,21.04.2026,"61,917,254",3,"205220713,53"
CFO,21.04.2026,"220,865",502,"2839824579,79"
CGD,21.04.2026,"54,082,394",2,"598666902,61"
CHY,21.04.2026,"644,805",43,"277826215,27"
CIN,21.04.2026,"158,955",534,"37308360,16"
CJD,21.04.2026,"47,636,809",30,"47942065,20"
CJF,21.04.2026,"60,900,593",3,"1847994644,06"
CJG,21.04.2026,"61,508,335",1,"1863317153,05"
CJH,21.04.2026,"58,369,924",1813,"3222575824,09"
CKF,21.04.2026,"1,834,751",1619,"524518313,43"
CKL,21.04.2026,"1,388,184",812,"364362302,16"
CKS,21.04.2026,"56,809,335",2430,"5951638259,74"
COT,21.04.2026,"56,114,403",200,"519117486,58"
CPT,21.04.2026,"3,189,333",8184,"444723724,39"
CPU,21.04.2026,"3,032,288",12557,"864825341,87"
CRL,21.04.2026,"45,434,951",3,"976851455,68"
CSD,21.04.2026,"60,012,395",1,"625374102,56"
CSH,21.04.2026,"3,370,471",55,"4740383217,46"
CTF,21.04.2026,"8,679,038",1,"324349169,87"
CTG,21.04.2026,"7,093,475",1,"15366624,35"
CTM,21.04.2026,"5,951,554",1,"15369125,33"
CTP,21.04.2026,"58,076,139",1,"525697660,89"
CTV,21.04.2026,"10,133,168",4,"191930017,88"
CVA,21.04.2026,"3,689,356",1,"8525997750,04"
CVB,21.04.2026,"3,798,714",5,"1797231817,82"
CVC,21.04.2026,"2,591,912",2,"650895897,66"
CVD,21.04.2026,"59,324,863",2,"1013541079,14"
CVE,21.04.2026,"2,464,422",1,"271141293,32"
CVF,21.04.2026,"4,164,439",1,"861135700,34"
CVK,21.04.2026,"4,650,207",2085,"644104767,02"
CVL,21.04.2026,"1,236,958",92,"28553883,25"
CYD,21.04.2026,"544,508",383,"1293766140,55"
DA1,21.04.2026,"46,132,498",47,"30984062,13"
DAC,21.04.2026,"67,724,426",1,"521124560,44"
DAE,21.04.2026,"3,603,035",1,"1810851766,28"
DAH,21.04.2026,"3,815,122",2920,"773726653,83"
DAI,21.04.2026,"89,389,364",4,"342407834,16"
DAL,21.04.2026,"67,187,038",1,"582858435,43"
DAS,21.04.2026,"50,984,804",26767,"131875445720,65"
DAT,21.04.2026,"90,396,756",6,"404776062,11"
DAV,21.04.2026,"54,624,343",133,"1034970328,85"
DAZ,21.04.2026,"12,139,137",4,"321136630,55"
DB2,21.04.2026,"1,839,461",18,"121838462,53"
DBA,21.04.2026,"763,687",27585,"11702947406,97"
DBB,21.04.2026,"103,244",1959,"331501101,56"
DBG,21.04.2026,"573,812",3,"2360624198,70"
DBH,21.04.2026,"353,898",9231,"1010787454,98"
DBK,21.04.2026,"106,784",86040,"636633531,18"
DBP,21.04.2026,"458,379",1106,"161447293,90"
DBZ,21.04.2026,"123,818",3090,"787873323,06"
DCB,21.04.2026,"4,178,116",22560,"132473590309,99"
DCD,21.04.2026,"62,055,961",1,"266549836,90"
DCE,21.04.2026,"67,950,633",3,"1182300176,85"
DCN,21.04.2026,"1,266,603",1101,"149846679,82"
DCP,21.04.2026,"69,663,601",3,"248314653,16"
DDA,21.04.2026,"14,141,132",1246,"268793407,87"
DDC,21.04.2026,"10,352,758",11,"3472942790,26"
DDE,21.04.2026,"71,094,495",1,"392091331,82"
DDF,21.04.2026,"1,095,266",548,"253442027,76"
DDP,21.04.2026,"69,110,744",1,"72292740,68"
DEF,21.04.2026,"2,564,529",94,"68771358,74"
DEI,21.04.2026,"34,761",13,"3129224,90"
DFC,21.04.2026,"3,126,431",1685,"126939312,23"
DFD,21.04.2026,"2,534,178",541,"160939323,55"
DFI,21.04.2026,"3,715,683",39473,"17842552123,95"
DFO,21.04.2026,"3,460,765",2,"1023575406,73"
DGF,21.04.2026,"129,052",229,"26978165,38"
DGH,21.04.2026,"9,421,369",233,"1142568572,99"
DHI,21.04.2026,"609,583",46,"915723911,66"
DHJ,21.04.2026,"7,065,115",3013,"228863761,84"
DHM,21.04.2026,"5,147,488",1290,"30516237,60"
DHP,21.04.2026,"3,956,181",1,"7467263,84"
DHS,21.04.2026,"324,627,451",1,"4286815214,36"
DHT,21.04.2026,"1,096,396",561,"83121561,97"
DHV,21.04.2026,"2,121,296",11,"324257702,18"
DID,21.04.2026,"1,393,987",171,"44222262,10"
DIH,21.04.2026,"1,814,564",11,"136196863,14"
DIM,21.04.2026,"48,935,352",1,"111940008,65"
DIP,21.04.2026,"1,380,547",1235,"48141206027,83"
DK1,21.04.2026,"1,312,554",67,"4200287780,24"
DK8,21.04.2026,"45,104,727",315,"1748460130,81"
DKA,21.04.2026,"45,072,609",239,"2297748898,25"
DKC,21.04.2026,"680,415",13,"213314,09"
DKH,21.04.2026,"3,582,957",1536,"211156731,06"
DKL,21.04.2026,"47,095,553",103,"407844283,95"
DKP,21.04.2026,"449,083",649,"3960462988,91"
DKR,21.04.2026,"754,343",543,"60380690,34"
DKS,21.04.2026,"67,283,656",2,"215841257,91"
DKY,21.04.2026,"44,927,172",231,"2552963550,31"
DL2,21.04.2026,"2,179,069",735,"10076363400,74"
DLD,21.04.2026,"7,395,522",619,"82074168,89"
DLG,21.04.2026,"1,177,294",43,"4567170,13"
DLN,21.04.2026,"1,894,241",12,"30348568,80"
DLY,21.04.2026,"5,345,232",314258,"71271773001,96"
DLZ,21.04.2026,"143,291",13,"176852,59"
DMG,21.04.2026,"7,818,162",16730,"3952733314,45"
DMR,21.04.2026,"53,851,558",1,"15965324685,30"
DMV,21.04.2026,"65,624,337",2,"315414581,36"
DMZ,21.04.2026,"59,679,852",5,"595348057,60"
DNA,21.04.2026,"8,675,954",5,"1726718159,67"
DNF,21.04.2026,"1,183,048",99,"23640869,76"
DNH,21.04.2026,"1,178,644",79,"18944440,04"
DNK,21.04.2026,"1,717,571",212,"20642857,05"
DNL,21.04.2026,"51,711,999",1,"206057111,75"
DNM,21.04.2026,"484,679",1231,"1801387720,61"
DNP,21.04.2026,"1,260,851",241,"1221236456,45"
DNU,21.04.2026,"44,697,735",16,"36751147,97"
DOC,21.04.2026,"449,996",178,"4607910012,66"
DOD,21.04.2026,"63,924,214",11,"8442790880,62"
DOH,21.04.2026,"2,155,943",4726,"933504589,64"
DOL,21.04.2026,"4,879,732",382,"3418394246,50"
DOR,21.04.2026,"66,378,009",1,"478102541,75"
DOS,21.04.2026,"65,164,202",2,"3071275252,04"
DOV,21.04.2026,"57,032,487",17773,"70916753675,50"
DP1,21.04.2026,"17,978,854",7,"5116365285,19"
DP2,21.04.2026,"62,410,566",11,"336873389,78"
DP3,21.04.2026,"65,148,494",4,"232458231,66"
DP4,21.04.2026,"6,789,767",3,"509197963,95"
DP5,21.04.2026,"78,616,559",1,"1702588902,94"
DP6,21.04.2026,"44,729,055",215,"1805770585,55"
DP7,21.04.2026,"56,596,296",3,"509467522,14"
DP8,21.04.2026,"45,148,962",50,"375326884,49"
DP9,21.04.2026,"45,115,621",155,"5702120254,85"
DPB,21.04.2026,"2,277,695",3852,"20891613016,41"
DPC,21.04.2026,"92,224,612",1,"317656148,68"
DPE,21.04.2026,"21,099,035",1,"1381072759,60"
DPG,21.04.2026,"93,650,452",2,"537009765,86"
DPI,21.04.2026,"7,892,957",111,"262242535,32"
DPK,21.04.2026,"7,658,661",1313,"828996201,07"
DPL,21.04.2026,"9,604,674",1,"2482960377,57"
DPN,21.04.2026,"56,320,979",1,"2210035,20"
DPP,21.04.2026,"158,299,362",2,"213693374,25"
DPT,21.04.2026,"17,453,634",5508,"351608514,56"
DPZ,21.04.2026,"76,311,864",1,"115049444,54"
DRA,21.04.2026,"1,239,644",16,"50251173,09"
DRD,21.04.2026,"52,987,584",153,"1660974613,74"
DRH,21.04.2026,"1,023,341",69,"141885022,25"
DRS,21.04.2026,"70,266,673",3,"233443804,11"
DRT,21.04.2026,"1,083,156",336,"18949966,65"
DSC,21.04.2026,"62,305,611",1,"925868113,20"
DSD,21.04.2026,"67,794,532",1672,"5811432392,78"
DSH,21.04.2026,"2,037,806",102,"24921060,69"
DSP,21.04.2026,"1,362,504",1092,"142315750,41"
DSV,21.04.2026,"45,890,057",49,"916685595,86"
DTH,21.04.2026,"1,225,711",124,"171044759,89"
DTL,21.04.2026,"3,904,305",3797,"171670094,77"
DTM,21.04.2026,"1,380,903",3149,"68172210,81"
DTO,21.04.2026,"44,822,726",161,"111724006,57"
DTP,21.04.2026,"1,826,422",4,"1654684033,45"
DTV,21.04.2026,"63,607,624",4,"3837204226,88"
DTZ,21.04.2026,"4,462,224",6167,"268831827,31"
DUC,21.04.2026,"667,232",12,"231103,00"
DUD,21.04.2026,"48,687,501",262,"326956923,19"
DUH,21.04.2026,"1,230,146",80,"5279125,36"
DUT,21.04.2026,"45,199,689",262,"834933256,98"
DUV,21.04.2026,"1,242,964",217,"73718973,55"
DVC,21.04.2026,"63,570,544",1,"52445698,75"
DVI,21.04.2026,"72,563,225",2,"183069687,96"
DVN,21.04.2026,"60,678,169",1,"290620396,56"
DVO,21.04.2026,"4,709,874",1,"30178930,30"
DVS,21.04.2026,"1,382,378",309,"241585749,54"
DVT,21.04.2026,"7,991,094",10762,"707795458,79"
DVU,21.04.2026,"7,651,116",5,"1377389147,10"
DVZ,21.04.2026,"61,804,858",1,"1298616236,65"
DXP,21.04.2026,"183,044",1189,"54235382,12"
DYJ,21.04.2026,"44,964,637",156,"1059703865,94"
DYN,21.04.2026,"4,243,112",1666,"56449905,38"
DYS,21.04.2026,"1,482,453",13,"17212448,68"
DZ2,21.04.2026,"144,642",2,"12505575000,93"
DZE,21.04.2026,"1,016,479",3039,"259471466,44"
DZM,21.04.2026,"80,856,489",4843,"19879575581,82"
DZP,21.04.2026,"56,237,105",2,"442454981,66"
DZS,21.04.2026,"1,399,755",156,"62119305,95"
EBD,21.04.2026,"224,468",389,"40003967,68"
EBI,21.04.2026,"53,501,981",29,"588354387,00"
EBS,21.04.2026,"45,451,154",29,"3223731128,03"
EC2,21.04.2026,"88,556,404",2621,"91891332,26"
ECA,21.04.2026,"1,709,188",382,"110037482,55"
ECB,21.04.2026,"47,048,224",3215,"861648933,28"
ECV,21.04.2026,"433,213",2409,"98144140,50"
EDD,21.04.2026,"1,048,972",13,"10575198,41"
EDP,21.04.2026,"1,020,687",26,"51928624,78"
EDT,21.04.2026,"1,983,778",618,"954255642,17"
EDU,21.04.2026,"3,263,328",666,"437038716,71"
EES,21.04.2026,"55,103,719",1,"460745724,65"
EGP,21.04.2026,"5,380,094",50,"246093139,53"
EHS,21.04.2026,"2,841,235",3,"670358052,48"
EIB,21.04.2026,"578,861",450,"280962775,24"
EID,21.04.2026,"1,882,307",2213,"122907295,80"
EIL,21.04.2026,"4,618,414",1923,"1358776200,49"
EJG,21.04.2026,"9,542,221",1,"652871207,91"
EKF,21.04.2026,"12,411",5427,"1897271951,94"
EKL,21.04.2026,"1,606,884",1441,"22849778882,56"
ELZ,21.04.2026,"13,804,173",787,"567394219,54"
EME,21.04.2026,"1,246,313",26,"43068115,89"
EML,21.04.2026,"1,176,065",756,"42916518,78"
ENA,21.04.2026,"1,051,438",16,"10602773,58"
ENJ,21.04.2026,"1,348,751",735,"39401421,28"
ENO,21.04.2026,"44,911,597",9,"44950625,25"
ENR,21.04.2026,"1,057,232",36,"12851950,04"
ENS,21.04.2026,"1,069,403",10,"10731292,34"
EPA,21.04.2026,"1,209,747",83,"434679439,08"
EPI,21.04.2026,"117,645",187,"278206033,21"
EPK,21.04.2026,"1,483,987",2119,"294097372,17"
EPO,21.04.2026,"57,529,001",1,"425139031,24"
EPP,21.04.2026,"1,293,816",40,"1651578177,98"
EPT,21.04.2026,"1,171,758",53,"904951968,04"
ESG,21.04.2026,"426,414",83,"119071957,03"
ESN,21.04.2026,"1,635,778",12,"65067932,02"
ESP,21.04.2026,"525,607",288,"45241362,01"
EUN,21.04.2026,"59,969,307",3598,"6421983261,21"
EUZ,21.04.2026,"59,173,983",39860,"137464026269,63"
EVM,21.04.2026,"1,081,866",584,"44397247,39"
EYT,21.04.2026,"2,804,328",632,"93818061,72"
EZM,21.04.2026,"4,205,534",1,"4205533,98"
FAK,21.04.2026,"1,406,339",462,"36279882,13"
FAL,21.04.2026,"1,287,881",959,"365061231,23"
FBC,21.04.2026,"2,271,695",5896,"195135600,52"
FBI,21.04.2026,"49,073,055",5431,"19466243160,78"
FBN,21.04.2026,"10,572,891",15,"55667496,09"
FBV,21.04.2026,"7,298,633",2330,"739782600,56"
FBZ,21.04.2026,"4,043,835",377,"194109147,42"
FCK,21.04.2026,"1,950,555",881,"344924627,95"
FCS,21.04.2026,"2,030,455",177,"1494531575,60"
FD1,21.04.2026,"1,820,186",177,"30733831,47"
FDE,21.04.2026,"44,846,222",901,"4188188709,68"
FDG,21.04.2026,"2,660,423",1524,"314424973,22"
FDO,21.04.2026,"57,157,963",1,"270778019,23"
FDV,21.04.2026,"5,230,429",1,"1307607267,25"
FDY,21.04.2026,"44,969,489",894,"3884016967,02"
FDZ,21.04.2026,"298,309",12,"226457536,83"
FFD,21.04.2026,"44,956",442,"226009126,72"
FFF,21.04.2026,"62,404,595",1,"1049790565,96"
FFH,21.04.2026,"7,895,628",1948,"1196688429,38"
FFO,21.04.2026,"57,959,949",7,"104435366,47"
FFP,21.04.2026,"7,387,657",2845,"2573510631,93"
FHI,21.04.2026,"1,527,685",11,"239436707,15"
FHP,21.04.2026,"2,978,783",49,"11181116789,42"
FHZ,21.04.2026,"62,672,831",3,"726409885,85"
FI3,21.04.2026,"736,954,355",9876,"1850745623,06"
FI5,21.04.2026,"652,420,632",51941,"91837783442,17"
FIB,21.04.2026,"522,026",13740,"6348571169,99"
FID,21.04.2026,"1,013,415",1819,"979633410,59"
FIL,21.04.2026,"326,738",19129,"12600656796,98"
FIT,21.04.2026,"220,996",611,"221879987,45"
FJB,21.04.2026,"6,256,738",825,"389935340,12"
FJC,21.04.2026,"55,412,777",88,"1259863905,44"
FJM,21.04.2026,"53,466,997",1745,"8645175707,99"
FJN,21.04.2026,"53,273,294",1261,"5467587168,81"
FJZ,21.04.2026,"61,612,617",892,"1714808764,21"
FKE,21.04.2026,"55,958,262",12703,"49160060722,28"
FKH,21.04.2026,"45,360,299",2137,"12522617688,86"
FKV,21.04.2026,"44,997,161",490,"2224209661,90"
FLS,21.04.2026,"58,105,049",2048,"3048884970,44"
FLY,21.04.2026,"1,688,203",1645,"124556881,61"
FMG,21.04.2026,"3,901,235",13011,"15490290949,26"
FMS,21.04.2026,"53,608,918",1,"628388831,35"
FMV,21.04.2026,"125,043",24,"137484373,86"
FNE,21.04.2026,"2,733,105",1,"1065473,83"
FNN,21.04.2026,"0,00",1,"0,00"
FNO,21.04.2026,"191,181",8711,"16182225519,00"
FNT,21.04.2026,"200,732",2157,"595573408,21"
FP4,21.04.2026,"1,274,663",120,"43949316,79"
FPE,21.04.2026,"70,999,096",1437,"323945942,18"
FPG,21.04.2026,"2,553,713",2585,"1380208425,13"
FPH,21.04.2026,"34,260,219",4861,"1546409177,56"
FPI,21.04.2026,"2,327,543",172,"111757792,62"
FPK,21.04.2026,"87,239",1187,"290555897,17"
FPR,21.04.2026,"11,357,958",21,"175861324,51"
FPZ,21.04.2026,"63,961,017",19497,"132417506625,35"
FR1,21.04.2026,"1,479,378",21,"563119858,54"
FRA,21.04.2026,"32,921,433",2,"538141052,95"
FRC,21.04.2026,"1,715,652",427,"92675660,43"
FRZ,21.04.2026,"15,698,924",2,"281020826,95"
FS1,21.04.2026,"1,680,657",297,"205619576,60"
FS2,21.04.2026,"2,081,149",28,"16367074,71"
FS3,21.04.2026,"1,991,565",22,"1693392385,95"
FS4,21.04.2026,"10,088,097",21,"5178995913,09"
FS5,21.04.2026,"2,504,976",9,"22024403,51"
FS6,21.04.2026,"160,141",418,"128387157,40"
FSF,21.04.2026,"60,672",7299,"11002290195,63"
FSG,21.04.2026,"3,780,792",855,"1058531439,37"
FSH,21.04.2026,"4,008,004",468,"329904715,53"
FSK,21.04.2026,"538,494",2611,"9333142734,03"
FSM,21.04.2026,"7,411,499",21,"994612232,79"
FSP,21.04.2026,"37,160,889",24,"471720,33"
FSR,21.04.2026,"44,868,487",2541,"6804111951,41"
FSU,21.04.2026,"1,346,771",7044,"914738846,07"
FSV,21.04.2026,"52,849,062",877,"5377392044,36"
FTL,21.04.2026,"1,346,457",218,"341108629,76"
FTM,21.04.2026,"52,137,918",14,"1691556301,40"
FTY,21.04.2026,"44,814,659",1253,"7496147938,38"
FUA,21.04.2026,"5,374,611",5068,"339790468,21"
FUB,21.04.2026,"709,737",2269,"1431561468,52"
FUM,21.04.2026,"58,738,625",2,"422391328,71"
FUN,21.04.2026,"1,471,753",11,"18059272,30"
FUP,21.04.2026,"102,919,529",2,"451577133,85"
FVL,21.04.2026,"4,343,814",55,"1431211790,78"
FYA,21.04.2026,"54,682",157,"1810792025,40"
FYB,21.04.2026,"93,548,467",9,"191351049,62"
FYD,21.04.2026,"12,217,408",5923,"3899357471,88"
FYF,21.04.2026,"100,154",11,"35124934,14"
FYG,21.04.2026,"15,572,381",2,"89576164,59"
FYH,21.04.2026,"8,285,322",26,"971132118,63"
FYI,21.04.2026,"9,302,529",190,"41322010,94"
FYM,21.04.2026,"409,729",15,"321101547,96"
FYO,21.04.2026,"1,044,141",1293,"974997217,41"
FYT,21.04.2026,"324,298",99205,"3045137111,82"
FYZ,21.04.2026,"6,247,467",2,"271244254,76"
FZJ,21.04.2026,"5,236,573",2349,"1264918040,52"
FZP,21.04.2026,"6,020,316",660,"1061888773,63"
GA1,21.04.2026,"1,813,678",1572,"356286008,59"
GAC,21.04.2026,"70,943,307",1,"392151689,02"
GAE,21.04.2026,"461,629",15050,"1586912911,71"
GAF,21.04.2026,"1,761,151",1793,"219314249,60"
GAG,21.04.2026,"16,725,037",229,"861268366,43"
GAH,21.04.2026,"11,555,424",3086,"435849994,96"
GAJ,21.04.2026,"59,167,798",1,"469500498,69"
GAL,21.04.2026,"361,726,553",57064,"61326566052,36"
GAN,21.04.2026,"9,451,972",11,"25454728,13"
GAS,21.04.2026,"295,411",2329,"3323145405,91"
GAU,21.04.2026,"61,195,451",5,"1981528762,48"
GAV,21.04.2026,"57,742,671",1,"227563867,55"
GBC,21.04.2026,"275,964",1628,"292411250,00"
GBG,21.04.2026,"498,773",3313,"153001524,94"
GBH,21.04.2026,"4,258,049",2727,"2245863765,62"
GBJ,21.04.2026,"1,607,411",2151,"692669384,84"
GBL,21.04.2026,"765,299",1770,"3247941194,06"
GBN,21.04.2026,"6,046,724",471,"5632782227,30"
GBP,21.04.2026,"66,912,297",2,"3669843071,30"
GBV,21.04.2026,"1,132,954",23010,"2382955188,68"
GBZ,21.04.2026,"3,399,604",3544,"1578627662,86"
GCA,21.04.2026,"67,270,327",2,"779232353,04"
GCC,21.04.2026,"5,494,053",2,"1220011592,58"
GCD,21.04.2026,"3,389,961",13,"441976098,52"
GCI,21.04.2026,"59,951,785",3,"205388581,55"
GCZ,21.04.2026,"57,372,539",1,"11171293,92"
GDJ,21.04.2026,"56,944,249",4,"461329730,04"
GDP,21.04.2026,"6,180,336",1,"1436065966,27"
GEC,21.04.2026,"71,180,439",3,"399435012,27"
GEI,21.04.2026,"11,798,402",11,"4361630647,11"
GEZ,21.04.2026,"56,196,451",1,"372832880,39"
GFB,21.04.2026,"65,122,618",4,"397642419,34"
GFD,21.04.2026,"64,874,791",2,"115500352,55"
GFI,21.04.2026,"49,687,093",3,"1606758315,62"
GFL,21.04.2026,"10,566,324",1,"443499551,12"
GFN,21.04.2026,"74,223,341",3,"859019090,16"
GFY,21.04.2026,"64,499,037",3,"395955780,73"
GGA,21.04.2026,"62,484,078",3,"8146033758,77"
GGC,21.04.2026,"5,203,876",5,"182827768,75"
GGD,21.04.2026,"61,115,559",2,"5831790125,10"
GGK,21.04.2026,"14,321,919",13371,"2919851969,97"
GGM,21.04.2026,"7,430,226",1,"2543298978,98"
GGN,21.04.2026,"63,711,715",4,"443651811,04"
GGP,21.04.2026,"26,359,619",1,"182593,08"
GGR,21.04.2026,"63,192,297",3,"1508205622,44"
GHS,21.04.2026,"40,527,773",14728,"3360333041,92"
GID,21.04.2026,"167,438",2294,"56034920,72"
GIE,21.04.2026,"3,717,934",5148,"95438754,97"
GIH,21.04.2026,"2,459,774",638,"12957819,34"
GJA,21.04.2026,"61,195,244",3,"872849546,64"
GJB,21.04.2026,"10,147,803",1071,"78521315,51"
GJD,21.04.2026,"58,997,539",3,"383985425,36"
GJE,21.04.2026,"59,034,897",2,"136766912,94"
GJF,21.04.2026,"59,713,291",2,"227276489,63"
GJH,21.04.2026,"3,456,791",26309,"136266062626,20"
GJM,21.04.2026,"40,082,282",69,"458997647,25"
GJO,21.04.2026,"55,676,708",1,"544487527,48"
GKE,21.04.2026,"0,00",0,"0,01"
GKF,21.04.2026,"483,815",801,"45701807,05"
GKG,21.04.2026,"1,389,449",1317,"45887738,86"
GKH,21.04.2026,"3,946,757",1883,"5723625440,52"
GKK,21.04.2026,"61,119,771",2,"1871341117,28"
GKL,21.04.2026,"15,388,873",4,"865611886,81"
GKM,21.04.2026,"45,144,384",14,"122053258,57"
GKO,21.04.2026,"0,00",0,"0,01"
GKV,21.04.2026,"7,659,249",3471,"394972480,13"
GL1,21.04.2026,"1,456,122,661",1001,"1279031935,58"
GLC,21.04.2026,"4,293,443",71,"16589370,95"
GLG,21.04.2026,"832,118",648,"70237914,11"
GLM,21.04.2026,"515,855",11,"260027882,51"
GLP,21.04.2026,"62,875,868",4,"515709187,81"
GLS,21.04.2026,"150,979",1406,"553913788,75"
GLV,21.04.2026,"8,354,181",22,"20182121,87"
GMA,21.04.2026,"1,938,974",1550,"2500472003,19"
GMC,21.04.2026,"9,284,343",25095,"5464799559,94"
GMD,21.04.2026,"2,561,482",116,"3099032,42"
GME,21.04.2026,"26,393,186",2,"372386192,23"
GMI,21.04.2026,"1,615,808",6311,"578675332,56"
GMM,21.04.2026,"44,874,151",27,"418204428,72"
GMN,21.04.2026,"1,200,517",31,"95493665,57"
GMO,21.04.2026,"305,116",4,"2442303781,00"
GMP,21.04.2026,"5,836,297",1,"1525292870,54"
GMR,21.04.2026,"1,383,116",5145,"210928971,26"
GMV,21.04.2026,"0,00",0,"0,01"
GMZ,21.04.2026,"13,093,245",2,"356432014,08"
GNH,21.04.2026,"1,490,043",198,"7619187,31"
GNK,21.04.2026,"6,416,849",1,"439911701,49"
GNL,21.04.2026,"56,225,181",4,"1672496053,68"
GNP,21.04.2026,"1,298,852",6634,"1531471782,02"
GNS,21.04.2026,"1,535,845",1451,"76056855,22"
GNZ,21.04.2026,"1,409,466",465,"1664095,43"
GO1,21.04.2026,"4,316,123",1100,"158737955,95"
GO2,21.04.2026,"4,590,072",593,"35356741,42"
GO3,21.04.2026,"4,738,971",601,"47230439,09"
GO4,21.04.2026,"5,132,744",972,"65886570,10"
GO6,21.04.2026,"3,702,666",4289,"4805080296,37"
GO9,21.04.2026,"2,541,917",1800,"408194455,44"
GOF,21.04.2026,"46,486,387",129,"66050508,12"
GOH,21.04.2026,"15,984,787",9005,"673723205,71"
GOL,21.04.2026,"2,894,733",13692,"5460377643,08"
GOP,21.04.2026,"1,063,755",429,"662094210,86"
GP1,21.04.2026,"3,772,138",1,"172454144,33"
GP3,21.04.2026,"58,347,452",286,"372763898,84"
GPA,21.04.2026,"2,162,919",5659,"762519533,74"
GPB,21.04.2026,"11,068,375",9870,"1219993044,54"
GPC,21.04.2026,"67,066,828",3965,"7424162277,38"
GPF,21.04.2026,"8,246,501",2884,"847430465,69"
GPG,21.04.2026,"14,591,633",2737,"868994328,49"
GPH,21.04.2026,"43,162,426",1,"2530915,17"
GPI,21.04.2026,"16,878,964",3036,"745913315,26"
GPJ,21.04.2026,"53,730,244",2,"880783659,22"
GPL,21.04.2026,"49,252,038",39354,"99449013471,49"
GPM,21.04.2026,"57,980,295",2,"1208139927,51"
GPN,21.04.2026,"1,221,228",2058,"1933480105,74"
GPT,21.04.2026,"2,340,448",2667,"85317013,66"
GPU,21.04.2026,"1,983,364",2728,"413120100,37"
GPV,21.04.2026,"63,312,314",1,"546401731,99"
GPZ,21.04.2026,"1,727,158",216,"8678874035,51"
GRL,21.04.2026,"1,732,093",355,"1025872241,20"
GRO,21.04.2026,"50,146,203",27112,"186595602348,57"
GRT,21.04.2026,"1,542,566",1429,"74522076,85"
GSE,21.04.2026,"59,787,881",105,"1451306084,86"
GSG,21.04.2026,"66,286,288",1,"82015759,01"
GSL,21.04.2026,"3,026,502",1,"292792995,98"
GSO,21.04.2026,"1,341,279",5,"307211817,04"
GSP,21.04.2026,"551,071",13911,"2630607546,17"
GSR,21.04.2026,"5,290,091",2,"245627389,29"
GSU,21.04.2026,"0,00",0,"0,01"
GTA,21.04.2026,"1,649,788",81975,"28760231340,91"
GTF,21.04.2026,"13,765,308",576,"206313421,98"
GTH,21.04.2026,"1,331,554",391,"10076777,93"
GTK,21.04.2026,"6,340,567",1,"25549104834,58"
GTL,21.04.2026,"118,525",322273,"139591528275,40"
GTM,21.04.2026,"7,895,994",14418,"1196988286,09"
GTN,21.04.2026,"48,675,648",2,"1363528292,05"
GTY,21.04.2026,"5,842,471",668,"483851469,49"
GTZ,21.04.2026,"13,672,534",71266,"16985019152,14"
GUA,21.04.2026,"5,457,854",1,"1865826171,91"
GUB,21.04.2026,"2,258,992",3399,"1972164462,01"
GUC,21.04.2026,"1,284,158",1,"2835237430,80"
GUH,21.04.2026,"356,753",26511,"2524141747,27"
GUK,21.04.2026,"1,644,285",3421,"1373309797,44"
GUM,21.04.2026,"14,516,762",59042,"8568915251,36"
GUV,21.04.2026,"1,645,876",2123,"677031699,00"
GVA,21.04.2026,"4,107,425",3416,"92264365,70"
GVB,21.04.2026,"63,254,137",3,"3320819395,96"
GVC,21.04.2026,"59,947,691",1,"284108173,16"
GVD,21.04.2026,"19,971,848",1,"441677,42"
GVI,21.04.2026,"5,518,998",5424,"1432920403,63"
GVL,21.04.2026,"61,850,572",3,"486894755,67"
GVZ,21.04.2026,"68,824,965",2,"380832894,04"
GYC,21.04.2026,"3,658,599",1,"15017415977,98"
GYG,21.04.2026,"66,997,406",4,"499002108,66"
GYK,21.04.2026,"101,405",279,"73307210,80"
GYL,21.04.2026,"12,843,256",7723,"1055925892,32"
GYN,21.04.2026,"62,985,911",1,"1298364164,69"
GYR,21.04.2026,"58,620,687",5,"563936286,03"
GZB,21.04.2026,"6,665,962",1,"1266532821,67"
GZD,21.04.2026,"57,512,214",3,"50420843,33"
GZE,21.04.2026,"7,163,495",5343,"1886958116,18"
GZG,21.04.2026,"5,932,937",1622,"432375812,64"
GZH,21.04.2026,"4,918,464",6200,"390789420,72"
GZJ,21.04.2026,"8,290,299",6069,"2020573321,49"
GZL,21.04.2026,"5,263,807",6229,"351442579,17"
GZM,21.04.2026,"8,120,311",308,"114728972,05"
GZN,21.04.2026,"45,279,208",1414,"429464641,21"
GZO,21.04.2026,"65,967,849",1,"108498508,06"
GZP,21.04.2026,"7,048,489",9697,"4266742001,19"
GZR,21.04.2026,"11,907,173",2173,"1089369218,59"
GZU,21.04.2026,"63,124,117",2,"431115559,45"
GZV,21.04.2026,"790,554",1381,"94026218,38"
GZY,21.04.2026,"7,425,638",2343,"66682531,18"
GZZ,21.04.2026,"6,689,702",1304,"62934593,56"
HAE,21.04.2026,"51,952,549",1067,"2337525302,89"
HAG,21.04.2026,"57,461,216",47,"407143513,81"
HAM,21.04.2026,"3,204,089",9069,"1889056548,41"
HAR,21.04.2026,"1,053,975",64,"41141771,09"
HAT,21.04.2026,"1,790,509",121,"8934358,61"
HB1,21.04.2026,"46,788,424",334,"21170044505,74"
HB2,21.04.2026,"54,398,368",189,"10809561613,99"
HBF,21.04.2026,"52,422,603",12853,"7415028560,31"
HBJ,21.04.2026,"2,429,154",1,"242915,40"
HBN,21.04.2026,"4,072,197",1134,"532866941,99"
HBU,21.04.2026,"1,470,597",2814,"514976033,46"
HBV,21.04.2026,"15,574,154",18,"896275888,39"
HCV,21.04.2026,"1,056,563",203,"52464409,43"
HDA,21.04.2026,"2,818,004",799,"414866579,09"
HDE,21.04.2026,"5,427,278",4375,"7957872723,39"
HDH,21.04.2026,"8,314,358,927",18,"30835762269,13"
HDJ,21.04.2026,"5,733,619",11,"14217115,40"
HDK,21.04.2026,"2,789,968",153,"12537470,48"
HDS,21.04.2026,"15,281,614",13,"1534555243,27"
HDV,21.04.2026,"61,581,455",2202,"4280794646,28"
HEH,21.04.2026,"2,887,926",1917,"747630198,44"
HFA,21.04.2026,"2,938,262",2,"4154205322,20"
HFI,21.04.2026,"1,636,058",155,"45700272,18"
HFR,21.04.2026,"1,519,898",786,"94733592,35"
HFV,21.04.2026,"59,356,423",3369,"9030353020,88"
HFY,21.04.2026,"1,156,879",29,"802626949,44"
HGC,21.04.2026,"49,226,085",192,"308896290,23"
HGH,21.04.2026,"1,765,138",21,"78346451,95"
HGJ,21.04.2026,"13,420,289",11,"5997916,51"
HGM,21.04.2026,"3,961,789",2015,"150826795,95"
HGR,21.04.2026,"1,171,371",384,"60701757,06"
HGT,21.04.2026,"88,395,321",14,"3620968808,38"
HGU,21.04.2026,"4,408,869",2,"2473457599,85"
HGV,21.04.2026,"5,297,746",563,"64818745,37"
HIA,21.04.2026,"1,372,906",360,"384776431,25"
HIF,21.04.2026,"651,541",12,"960007,21"
HIH,21.04.2026,"1,439,978",6316,"392423256,51"
HII,21.04.2026,"3,084,737",1,"1016011185,15"
HIM,21.04.2026,"3,556,333",302,"412202404,80"
HIP,21.04.2026,"1,902,532",882,"1801087517,55"
HIS,21.04.2026,"350,562",12,"1427632,00"
HIZ,21.04.2026,"1,923,994",1089,"160520425,71"
HJA,21.04.2026,"27,862,792",13,"3232635812,11"
HJB,21.04.2026,"4,350,755",1805,"138958994,81"
HKG,21.04.2026,"1,421,986",997,"39301164,54"
HKH,21.04.2026,"8,560,361",16145,"1797875374,60"
HKJ,21.04.2026,"1,214,209",2739,"12514965662,98"
HKM,21.04.2026,"4,938,492",1505,"157546883,54"
HKP,21.04.2026,"5,306,251",128,"427815143,65"
HKR,21.04.2026,"3,997,236",1871,"1655265698,66"
HKV,21.04.2026,"521,621,626",37818,"3863350405,39"
HLA,21.04.2026,"2,199,802",11,"49105071,56"
HLL,21.04.2026,"335,494",1039284,"44117598545,87"
HLR,21.04.2026,"23,716,887",14,"5599397412,05"
HMC,21.04.2026,"7,631,769",122,"6971918,76"
HME,21.04.2026,"50,396,688",8278,"24652648979,00"
HMG,21.04.2026,"60,438",4761,"1853777908,60"
HMK,21.04.2026,"299,636,128",113,"288434231,11"
HML,21.04.2026,"45,772,936",46,"20328905,26"
HMS,21.04.2026,"105,884",4542,"447049712,25"
HMT,21.04.2026,"6,801,922",22,"568850569,96"
HMV,21.04.2026,"18,537,498",13,"15155272701,41"
HNC,21.04.2026,"1,375,223",109,"13944327,14"
HNS,21.04.2026,"46,605,996",109,"479883347,31"
HOA,21.04.2026,"214,774",3346,"1390768946,33"
HOY,21.04.2026,"327,604",2614,"1220927373,77"
HP3,21.04.2026,"53,892,468",122,"298119766,81"
HPC,21.04.2026,"12,139,139",7,"35060785786,80"
HPD,21.04.2026,"2,144",1571,"353049745,39"
HPF,21.04.2026,"40,607,722",12,"1752187485,33"
HPH,21.04.2026,"2,099,518",10707,"11504453101,87"
HPI,21.04.2026,"7,777,844",14,"267667351,45"
HPJ,21.04.2026,"3,750,189",1,"73575176,01"
HPL,21.04.2026,"2,811,248",24,"1275104932,61"
HPO,21.04.2026,"15,268",3028,"1254466047,71"
HPT,21.04.2026,"100,486",10410,"2485594285,01"
HPV,21.04.2026,"6,877,519",342187,"7800207747,38"
HPZ,21.04.2026,"595,648,833",16,"1204997,59"
HRZ,21.04.2026,"2,255,193",5669,"340650610,24"
HSA,21.04.2026,"1,551,420,592",2739,"4154769504,98"
HSL,21.04.2026,"362,767,905",24323,"21834042855,81"
HSP,21.04.2026,"45,062,896",1074,"1939081932,76"
HST,21.04.2026,"930,813",3912,"465620995,62"
HTF,21.04.2026,"1,270,976",517,"4745959023,61"
HTJ,21.04.2026,"1,617,698",144,"8316396,08"
HTS,21.04.2026,"51,406,094",1793,"3111979461,28"
HTZ,21.04.2026,"15,792,225",13,"747325557,97"
HUI,21.04.2026,"87,932,331",1,"2075172769,17"
HUS,21.04.2026,"3,638",12,"2070169,11"
HVA,21.04.2026,"527,417,975",17,"145912819,96"
HVB,21.04.2026,"1,725,245",13,"1501293944,22"
HVC,21.04.2026,"26,839,876",17,"73211961,80"
HVI,21.04.2026,"127,828",493,"50804350,53"
HVK,21.04.2026,"5,038,776",2167,"1144493489,22"
HVL,21.04.2026,"20,400,938",11,"2864291,66"
HVN,21.04.2026,"5,380,135",12,"6106297,30"
HVS,21.04.2026,"15,973",10941,"2946733620,80"
HVT,21.04.2026,"4,126,163",2128,"836539365,48"
HVU,21.04.2026,"5,385,585",907,"22078168,36"
HVV,21.04.2026,"64,630,174",1,"3277129927,21"
HVZ,21.04.2026,"6,976,967",2085,"106605578,54"
HYK,21.04.2026,"10,190,753",24,"197237945,12"
HYP,21.04.2026,"9,058,142",60,"49384799,74"
HYU,21.04.2026,"1,584,148",298,"1032917848,64"
HYV,21.04.2026,"5,570,863",7744,"7687877054,65"
HYY,21.04.2026,"12,879,646",1,"6355946578,73"
HZV,21.04.2026,"5,785,457",3,"947626045,63"
IAC,21.04.2026,"406,208",1,"2816723378,67"
IAE,21.04.2026,"1,984,943",503,"243680461,49"
IAF,21.04.2026,"863,513",11,"54874382,55"
IAI,21.04.2026,"6,682,917",1,"76154042,39"
IAM,21.04.2026,"1,594,936",3150,"93683404,58"
IAR,21.04.2026,"72,953,378",29,"165945152,43"
IAS,21.04.2026,"216,665",17,"3506379495,60"
IAT,21.04.2026,"176,379",8427,"1600797353,95"
IAU,21.04.2026,"2,371,036",301,"42869048,73"
IAY,21.04.2026,"1,553,454",225,"50267641,63"
IBB,21.04.2026,"14,069,803",8799,"1308224861,18"
IBC,21.04.2026,"17,250,279",5,"369654385,28"
IBE,21.04.2026,"23,321,179",12,"772579248,58"
IBG,21.04.2026,"1,451,211",11,"484333035,68"
IBJ,21.04.2026,"60,724,933",23,"737710346,60"
IBK,21.04.2026,"120,307",122733,"209527722,51"
IBM,21.04.2026,"3,554,715",17,"245149469,25"
IBP,21.04.2026,"64,335,632",4,"4377465023,88"
IBR,21.04.2026,"265,218",71,"1515174642,25"
ICA,21.04.2026,"570,816",3472,"739354627,60"
ICC,21.04.2026,"1,269,332",288,"30772272,62"
ICD,21.04.2026,"121,316,573",212,"41302591,28"
ICE,21.04.2026,"112,487,983",5630,"1962506975,50"
ICF,21.04.2026,"187,839,493",556,"20059567,33"
ICG,21.04.2026,"65,636,328",1,"839694405,31"
ICH,21.04.2026,"2,020,653",1480,"148526713,81"
ICN,21.04.2026,"3,716,235",16,"164238954,69"
ICS,21.04.2026,"47,631,632",71,"44353003,69"
ICV,21.04.2026,"5,531,809",48,"6689257,11"
ICZ,21.04.2026,"7,910,018",22237,"947839289,61"
IDD,21.04.2026,"150,385",25,"31487758,76"
IDF,21.04.2026,"71,650,431",4580,"13352688021,60"
IDH,21.04.2026,"12,612,888",22553,"1071017421,91"
IDI,21.04.2026,"1,491,464",368,"19401322,15"
IDL,21.04.2026,"5,300,708",3722,"3016071506,01"
IDO,21.04.2026,"54,895,541",14967,"74688287560,10"
IDP,21.04.2026,"1,950,438",30,"196616644,52"
IDV,21.04.2026,"66,182,025",2,"519965434,23"
IDY,21.04.2026,"215,215",3166,"650550879,71"
IEN,21.04.2026,"1,272,636",136,"52208060,11"
IEV,21.04.2026,"4,846,815",3118,"56206194,37"
IEZ,21.04.2026,"6,255,822",3,"125772819,91"
IFD,21.04.2026,"56,110,214",9,"1122204285,75"
IFN,21.04.2026,"9,729,342",482,"5262571,83"
IFV,21.04.2026,"4,126,421",213,"11219447,03"
IFY,21.04.2026,"6,789,373",1,"135787460,31"
IGF,21.04.2026,"63,066,427",2,"1332732724,10"
IGL,21.04.2026,"509,342,439",17819,"4860865761,29"
IGM,21.04.2026,"61,698,834",3,"1178422870,99"
IGZ,21.04.2026,"1,054,549",3,"2121104616,11"
IHA,21.04.2026,"3,238,808",392,"11458985,94"
IHC,21.04.2026,"6,727,905",280,"267077668,13"
IHK,21.04.2026,"17,609,115",33340,"2097785011,68"
IHP,21.04.2026,"1,761,092",342,"170607127,52"
IHT,21.04.2026,"3,824,012",3727,"89503844,49"
IHV,21.04.2026,"1,914,874",35,"334410926,00"
IHY,21.04.2026,"6,857,923",1,"138560286,43"
IHZ,21.04.2026,"1,090,272",57,"1624219,20"
IIA,21.04.2026,"7,073,347",11,"2707897979,83"
IIC,21.04.2026,"3,276,838",12,"184260743,24"
IIE,21.04.2026,"8,635,704",5451,"1178255265,56"
IIF,21.04.2026,"130,167",14,"433472882,16"
IIH,21.04.2026,"33,733,973",24647,"2364959317,16"
IIN,21.04.2026,"1,226,902",90,"2317324554,37"
IIP,21.04.2026,"333,061",16,"40122207,47"
IIS,21.04.2026,"99,430,525",202,"3678229640,75"
IJA,21.04.2026,"13,333,816",1352,"214876054,80"
IJB,21.04.2026,"5,994,459",7400,"202063157,30"
IJC,21.04.2026,"13,176,939",21050,"1880279946,36"
IJE,21.04.2026,"63,244,043",4,"33877999,77"
IJF,21.04.2026,"9,817,876",2,"901101667,58"
IJH,21.04.2026,"6,675,664",476,"51907679,17"
IJI,21.04.2026,"9,299,202",26,"64416877,55"
IJK,21.04.2026,"59,657,044",3,"273888472,09"
IJL,21.04.2026,"507,377",12,"335741049,70"
IJP,21.04.2026,"7,776,425",13028,"557726552,64"
IJT,21.04.2026,"6,465,556",1494,"422173623,80"
IJV,21.04.2026,"4,947,252",3149,"3557152964,51"
IJZ,21.04.2026,"10,453,167",11503,"517646522,87"
IK2,21.04.2026,"44,579,993",96,"199696345,56"
IKL,21.04.2026,"8,879,848",5421,"209994206,28"
IKP,21.04.2026,"8,518,957",13016,"912702805,06"
IKV,21.04.2026,"1,351,571",1095,"176510624,73"
ILC,21.04.2026,"4,738,137",223,"1325630579,49"
ILE,21.04.2026,"4,546,502",1,"10121300481,47"
ILH,21.04.2026,"3,506,725",11094,"121997505940,25"
ILI,21.04.2026,"5,135,921",15,"448806620,83"
ILM,21.04.2026,"7,086,751",13,"308631128,75"
ILP,21.04.2026,"58,059,841",6,"2911071937,07"
ILU,21.04.2026,"1,056,638",1,"1674309642,63"
ILZ,21.04.2026,"7,545,431",7387,"1063180843,82"
IMB,21.04.2026,"1,269,148",236,"36331189,68"
IMF,21.04.2026,"5,343,927",19,"365416581,62"
IMG,21.04.2026,"46,207,501",144,"923001028,18"
IMH,21.04.2026,"6,224,973",1,"2196215659,47"
IML,21.04.2026,"1,717,404",6500,"1121000253,48"
IMO,21.04.2026,"5,253,901",2,"4512038893,93"
IMS,21.04.2026,"14,687,322",4,"545979903,54"
IMT,21.04.2026,"65,431,815",4,"661350694,07"
IMY,21.04.2026,"69,161,647",6,"1484834656,72"
IMZ,21.04.2026,"68,855,109",4,"285579800,24"
INH,21.04.2026,"13,911,052",507,"369797977,39"
INV,21.04.2026,"4,231,643",1,"1803311594,84"
INZ,21.04.2026,"3,043,859",14,"6088823,26"
IOG,21.04.2026,"15,734,597",23584,"18014001018,31"
IOH,21.04.2026,"48,865,922",30,"125127012,42"
IOJ,21.04.2026,"48,024,631",40,"172233374,63"
IOL,21.04.2026,"62,289,371",1,"891062658,27"
IOM,21.04.2026,"3,962,841",15,"597599118,75"
ION,21.04.2026,"2,880,269",15,"183936255,88"
IOO,21.04.2026,"4,045,796",6554,"26070179335,56"
IOP,21.04.2026,"5,545,811",7424,"7237549445,31"
IOT,21.04.2026,"54,418,994",6,"245023698,23"
IOV,21.04.2026,"53,538,146",1,"530425385,10"
IPA,21.04.2026,805,16,"829530106,67"
IPB,21.04.2026,"851,394",17437,"1266976617,96"
IPC,21.04.2026,"23,421,134",1,"13467152,23"
IPE,21.04.2026,"9,130,001",3,"3803702547,54"
IPF,21.04.2026,"113,293",23,"142805083,73"
IPG,21.04.2026,"9,070,021",1950,"351719994,21"
IPJ,21.04.2026,"18,880,702",17463,"1203367884,17"
IPK,21.04.2026,"48,550,258",1,"2903209777,97"
IPO,21.04.2026,"42,473,113",1,"510801149,95"
IPP,21.04.2026,"167,065",185,"6386050293,87"
IPR,21.04.2026,"31,554,214",1,"19405841,69"
IPU,21.04.2026,"4,335,765",1,"5058260504,14"
IPV,21.04.2026,"72,869,582",12346,"1981664315,90"
IRB,21.04.2026,"1,155,382",836,"820918916,98"
IRE,21.04.2026,"44,705,666",65,"112984093,33"
IRF,21.04.2026,"6,298,334",1618,"349159596,29"
IRL,21.04.2026,"16,391,783",15,"248592837,11"
IRO,21.04.2026,"1,795,869",47,"23996854,34"
IRT,21.04.2026,"6,495,662",1497,"110256149,90"
IRV,21.04.2026,"6,252,898",40,"293922186,68"
IRY,21.04.2026,"3,498,737",2422,"2321491760,03"
ISR,21.04.2026,"18,239,813",8,"945782255,96"
ISS,21.04.2026,"273,538",7,"212186909,08"
IST,21.04.2026,"170,559",3220,"2191938364,76"
ITA,21.04.2026,"6,791,099",1,"762051829,28"
ITC,21.04.2026,"1,263,199",348,"25659633,98"
ITD,21.04.2026,"63,612,158",1,"2353667140,82"
ITJ,21.04.2026,"10,659,767",11,"421617838,22"
ITL,21.04.2026,"3,968,471",1,"4072714831,80"
ITP,21.04.2026,"10,920,899",10599,"1011033965,99"
ITR,21.04.2026,"3,904,989",1,"1024544453,19"
ITV,21.04.2026,"44,986,204",25,"164072516,30"
ITZ,21.04.2026,"56,000,419",3,"1740740922,60"
IUA,21.04.2026,"63,510,153",57,"433807432,14"
IUB,21.04.2026,"66,645,866",3,"320880516,91"
IUC,21.04.2026,"192,428",1,"933956521,80"
IUF,21.04.2026,"64,293,617",8247,"23184595142,99"
IUH,21.04.2026,"5,200,301",638,"8338109,01"
IUM,21.04.2026,"62,299,661",1,"378505202,19"
IUN,21.04.2026,"70,967,845",4,"278329928,37"
IUV,21.04.2026,"6,268,996",7044,"22965216314,88"
IUZ,21.04.2026,"4,181,703",1150,"1249921679,41"
IV2,21.04.2026,"17,330,272",14,"1061288364,16"
IV6,21.04.2026,"60,380,652",1,"1510608597,95"
IV7,21.04.2026,"4,465,882",1,"488141828,74"
IV8,21.04.2026,"2,055,296",132,"29413491,77"
IVA,21.04.2026,"2,548,352",3,"127417620,65"
IVF,21.04.2026,"6,294,188",1309,"174188454,01"
IVS,21.04.2026,"5,452,576",30,"452851847,18"
IVY,21.04.2026,"5,175,283",14993,"794583028,84"
IYB,21.04.2026,"5,781,087",498,"111708459,09"
IYP,21.04.2026,"3,186,078",2,"2442552844,42"
IYR,21.04.2026,"129,424",32,"215095967,76"
IYS,21.04.2026,"1,312,148",16,"5735441235,91"
IYV,21.04.2026,"1,160,942",74,"220495795,47"
IZA,21.04.2026,"2,009,653",1,"500131639,75"
IZB,21.04.2026,"9,000,844",32,"55265884,09"
IZE,21.04.2026,"60,630,842",1,"253043605,34"
IZL,21.04.2026,"48,553,675",21,"88867456,66"
IZS,21.04.2026,"8,637,528",14,"57565400,93"
IZV,21.04.2026,"9,113,712",2,"99792013,89"
IZY,21.04.2026,"44,908,726",32,"50582988,61"
JET,21.04.2026,"227,839",20087,"914574026,99"
JOT,21.04.2026,"5,419,913",1,"1068243652,29"
JUP,21.04.2026,"501,662",58,"53581811,42"
KAC,21.04.2026,"3,444,176",2074,"17212726554,38"
KAN,21.04.2026,"6,999,052,676",36,"4794813020,85"
KAV,21.04.2026,"54,506,535",5913,"19337822642,19"
KBJ,21.04.2026,"4,125,672",119,"773734578,73"
KBP,21.04.2026,"1,576,295",6,"372513515,65"
KBZ,21.04.2026,"48,574,682",1,"150313966,07"
KCL,21.04.2026,"1,709,296",204,"15571737,67"
KCV,21.04.2026,"4,656,609",11580,"2020636291,14"
KDE,21.04.2026,"1,556,487",1891,"484217756,92"
KDI,21.04.2026,"52,860,637",10,"351739650,79"
KDK,21.04.2026,"14,491,968",1,"724598,40"
KDL,21.04.2026,"4,890,145",7309,"25567091905,73"
KDO,21.04.2026,"53,280,079",416,"1659444563,81"
KDS,21.04.2026,"5,054,309",1374,"32956343720,97"
KDT,21.04.2026,"50,476,281",1140,"3188562554,33"
KDV,21.04.2026,"45,081,464",159,"11360023383,33"
KDZ,21.04.2026,"45,713,552",821,"5926619662,65"
KEI,21.04.2026,"1,702,287",1,"305761918,17"
KEO,21.04.2026,"1,599,507",1,"63088416,58"
KEU,21.04.2026,"50,094,458",33,"4194878883,98"
KFZ,21.04.2026,"3,934,386",1,"325011436,82"
KGM,21.04.2026,"3,368,002",31064,"4006977938,15"
KH1,21.04.2026,"1,265,282",808,"81004946,75"
KHA,21.04.2026,"3,409,143",16816,"1606091730,49"
KHB,21.04.2026,"1,529,581",217,"17881000,73"
KHC,21.04.2026,"2,130,805",1631,"116622849,75"
KHD,21.04.2026,"1,310,757",14,"657662581,90"
KHF,21.04.2026,"150,848",13,"1130495,55"
KHJ,21.04.2026,"1,197,251",498,"15494414,20"
KHP,21.04.2026,"1,009,645",184,"3572678875,54"
KHT,21.04.2026,"283,936",363,"27357928,06"
KHU,21.04.2026,"35,509,801",1,"3391825,14"
KIA,21.04.2026,"4,484,032",427,"9399957,48"
KIB,21.04.2026,"3,936,632",1009,"11689793,26"
KIE,21.04.2026,"4,044,637",928,"196822678,18"
KIH,21.04.2026,"136,851",32,"53112827,83"
KIK,21.04.2026,"1,336,554",1125,"158434288,06"
KIS,21.04.2026,"207,961",834,"92594880,82"
KJK,21.04.2026,"2,136",1,"275875,63"
KKB,21.04.2026,"59,693,708",1,"14627405,81"
KKC,21.04.2026,"54,297,849",57,"224767899,76"
KKE,21.04.2026,"48,179,198",2,"83194875,22"
KKH,21.04.2026,"6,350,458",5547,"540290012,86"
KKL,21.04.2026,"2,149,251",1273,"2785734699,16"
KKO,21.04.2026,"45,535,175",263,"2121864313,92"
KKP,21.04.2026,"46,205,891",319,"3753948900,36"
KKT,21.04.2026,"274,043",38,"2034437638,75"
KLH,21.04.2026,"2,518,623",2444,"121032828,67"
KLI,21.04.2026,"1,149,619",94,"478881965,89"
KLL,21.04.2026,"54,230,299",1,"10649203,77"
KLM,21.04.2026,"62,078,756",1,"923550375,32"
KLS,21.04.2026,"41,122,606",2,"1010300,19"
KLU,21.04.2026,"4,258,184",87129,"63588029188,81"
KMA,21.04.2026,"158,419,769",1,"11852650,24"
KME,21.04.2026,"1,474,326",1038,"175503650,28"
KMF,21.04.2026,"3,541,403",2702,"2239157825,51"
KMN,21.04.2026,"1,028,668",4979,"627125956,29"
KMT,21.04.2026,"3,580,373",1,"88740864,41"
KNC,21.04.2026,"62,555,821",16,"344109999,17"
KNI,21.04.2026,"1,214,382",381,"7963080559,02"
KNJ,21.04.2026,"1,831,941",12795,"894746623,93"
KNN,21.04.2026,"1,321,022",18,"567208200,41"
KNP,21.04.2026,"76,867,898",2,"224096057,46"
KNS,21.04.2026,"3,923,709",1,"4422772142,54"
KNT,21.04.2026,"56,081,615",4,"160737872,14"
KNV,21.04.2026,"66,254,875",5,"297506916,21"
KNZ,21.04.2026,"66,126,143",1,"974488478,07"
KO4,21.04.2026,"52,830,889",882,"4457870442,68"
KOB,21.04.2026,"1,242,538",16,"307437694,43"
KOP,21.04.2026,"7,406,601",14,"15190938,80"
KOT,21.04.2026,"1,426,756",4651,"238419329,60"
KOZ,21.04.2026,"60,099,542",4,"67217551,76"
KP3,21.04.2026,"50,774,765",15,"14575759,54"
KPA,21.04.2026,"1,497,401",11804,"334328654,55"
KPB,21.04.2026,"6,308,461",1,"5055777,09"
KPC,21.04.2026,"19,500,744",20326,"3516206478,33"
KPD,21.04.2026,"46,157,767",570,"246327798,85"
KPF,21.04.2026,"1,547,009",201,"93363780,53"
KPH,21.04.2026,"1,376,424",13297,"689241564,66"
KPI,21.04.2026,"1,295,145",3742,"3134165692,99"
KPK,21.04.2026,"9,430,905",1,"436204559,54"
KPP,21.04.2026,"2,775,334",767,"703994116,81"
KPR,21.04.2026,"1,647,906",1209,"50026949387,50"
KPU,21.04.2026,"3,734,183",6091,"563239151,12"
KRC,21.04.2026,"13,285",155,"28010432,02"
KRF,21.04.2026,"1,942,193",730,"128541731,90"
KRH,21.04.2026,"1,378,364",42,"1796187081,76"
KRO,21.04.2026,"45,020,921",60,"288115974,01"
KRR,21.04.2026,"1,112,134",520,"20379677,43"
KRS,21.04.2026,"487,402",1409,"1655848464,41"
KRT,21.04.2026,"69,052,397",176,"790510395,11"
KRV,21.04.2026,"4,495,037",1049,"5338755497,70"
KSA,21.04.2026,"3,581,758",2768,"11301485984,16"
KSC,21.04.2026,"45,946,473",1,"45154126,15"
KSK,21.04.2026,"2,568,996",615,"5892945257,36"
KSL,21.04.2026,"53,466,105",119,"262949992,88"
KSM,21.04.2026,"47,840,149",756,"15469497404,28"
KSP,21.04.2026,"60,557,487",280,"1158464723,36"
KSR,21.04.2026,"4,666,071",3711,"164536708,47"
KST,21.04.2026,"1,996,072",540,"13729254,60"
KSV,21.04.2026,"5,082,762",11227,"30533764336,82"
KSY,21.04.2026,"9,663,672",83,"3087352570,36"
KTE,21.04.2026,"41,445,469",1,"100049611,68"
KTI,21.04.2026,"1,910,849",546,"220642763,89"
KTJ,21.04.2026,"2,084,297",12155,"688928600,35"
KTM,21.04.2026,"20,130,839",5818,"699764153,17"
KTN,21.04.2026,"7,367,564",3901,"474003431,89"
KTR,21.04.2026,"9,399,274",719,"21868775063,96"
KTS,21.04.2026,"13,481,545",708,"100714528,89"
KTT,21.04.2026,"65,594,893",1402,"5340332229,94"
KTU,21.04.2026,"26,500,317",1,"696589554,84"
KTV,21.04.2026,"682,429",45570,"26764122746,96"
KUA,21.04.2026,"1,416,966",2195,"160777073,94"
KUB,21.04.2026,"69,332",4140,"325925699,48"
KUD,21.04.2026,"1,518,375",918,"57179949,77"
KUP,21.04.2026,"46,802,867",132,"1643743311,87"
KUT,21.04.2026,"12,936,704",46758,"10079496371,77"
KVA,21.04.2026,"1,553,032",1,"570072797,28"
KVK,21.04.2026,"1,144,054",151,"487149215,42"
KVR,21.04.2026,"1,137,916",42,"139126121,64"
KVS,21.04.2026,"3,325,683",2385,"16939553245,81"
KVT,21.04.2026,"1,385,271",2962,"126627884,85"
KYA,21.04.2026,"1,309,689",1948,"84975820,93"
KYR,21.04.2026,"835,348",11,"532070046,74"
KYS,21.04.2026,"50,411,854",4,"10329388,86"
KZL,21.04.2026,"2,887,337",69468,"88081027991,12"
KZO,21.04.2026,"2,005,236",3,"1090676009,61"
KZU,21.04.2026,"2,438,596",6572,"517628596,99"
LAI,21.04.2026,"1,939,325",11,"100251,47"
LET,21.04.2026,"51,980,366",2,"704975911,72"
LFD,21.04.2026,"833,712",1,"2372975891,92"
LGK,21.04.2026,"1,258,937",1,"1467975047,83"
LGO,21.04.2026,"606,442",12,"331261124,39"
LHM,21.04.2026,"76,947,991",4,"725345696,94"
LHP,21.04.2026,"53,261,241",105,"92572458,01"
LKT,21.04.2026,"1,657,676",378,"160763543,59"
LLA,21.04.2026,"1,400,347",1035,"54820905,07"
LPH,21.04.2026,"1,257,513",855,"674726545,93"
LRT,21.04.2026,"3,250,397",11,"753055964,22"
LTC,21.04.2026,"1,438,625",397,"226791307,26"
LTS,21.04.2026,"4,212,447",14,"1386922066,29"
LZV,21.04.2026,"10,209,469",2,"116113058,09"
MAC,21.04.2026,"777,933",38882,"4922386736,32"
MAD,21.04.2026,"1,038,945",399,"24141223,40"
MAS,21.04.2026,"12,723,351",89,"883773732,17"
MAV,21.04.2026,"55,391,023",1,"875101443,43"
MBL,21.04.2026,"253,987",223,"21257166,23"
MBR,21.04.2026,"1,509,207",228,"125515087,71"
MCU,21.04.2026,"1,236,642",169,"25099271,43"
MD1,21.04.2026,"2,001,726",604,"64135715,29"
MD2,21.04.2026,"1,896,238",718,"175098258,87"
MDF,21.04.2026,"1,289,193",1420,"851096757,95"
MET,21.04.2026,"5,358,711",6881,"708456317,62"
MGB,21.04.2026,"1,388,839",562,"72104524,25"
MGD,21.04.2026,"904,583",1,"607970968,35"
MGE,21.04.2026,"9,555,386",69,"5445690810,11"
MGH,21.04.2026,"2,034,235",871,"641929970,63"
MHF,21.04.2026,"1,946,289",1337,"66635340,29"
MIK,21.04.2026,"266,254",14,"852095,33"
MJB,21.04.2026,"7,317,988",833,"64713893,18"
MJE,21.04.2026,"54,649,988",943,"6561305306,08"
MJG,21.04.2026,"1,250,457",8704,"1246272680,54"
MJH,21.04.2026,"4,608,477",18,"42463883,76"
MJK,21.04.2026,"36,582,671",491,"2319431377,89"
MJL,21.04.2026,"5,777,844",633,"901528440,49"
MKA,21.04.2026,"1,336,552",1880,"103753771,95"
MKG,21.04.2026,"18,013,619",9343,"1730806891,82"
MKL,21.04.2026,"58,258,817",1,"751865974,24"
MLS,21.04.2026,"16,488,973",4,"1232745854,01"
MLT,21.04.2026,"1,366,611",148,"47796310,82"
MMH,21.04.2026,"16,900,519",1591,"182224538,52"
MOD,21.04.2026,"56,312,276",2,"702736991,91"
MOZ,21.04.2026,"1,172,722",140,"270925368,28"
MP2,21.04.2026,"1,985,495",13,"5264149222,62"
MP4,21.04.2026,"2,769,133",15,"5434900501,16"
MPD,21.04.2026,"56,262,237",787,"3968278259,66"
MPE,21.04.2026,"1,272,077",86,"86362438,17"
MPF,21.04.2026,"7,357,119",1950,"1415626156,55"
MPI,21.04.2026,"2,734,181",22,"79846629,12"
MPK,21.04.2026,"874,803",1486,"282721672,49"
MPL,21.04.2026,"1,811,679",1434,"2101069008,03"
MPN,21.04.2026,"57,602,582",327,"370582178,38"
MPP,21.04.2026,"2,245,068",1807,"628363055,38"
MPS,21.04.2026,"24,114,147",2671,"164964547,78"
MRI,21.04.2026,"1,304,832",143,"15463664,53"
MSK,21.04.2026,"3,479,223",1,"1043485905,50"
MSO,21.04.2026,"54,520,911",1,"531326991,22"
MSR,21.04.2026,"2,062,707",16,"37980907,55"
MT1,21.04.2026,"42,558,707",21,"34253162,14"
MT2,21.04.2026,"1,214,102",4771,"10191053422,03"
MT5,21.04.2026,"1,377,508",18,"509338495,34"
MT6,21.04.2026,"1,944,892",13,"932979933,02"
MT7,21.04.2026,"776,191",15,"101304537,57"
MT8,21.04.2026,"1,897,749",16,"2883259467,70"
MT9,21.04.2026,"82,614",17,"9259951100,47"
MTD,21.04.2026,"1,356,637",1972,"188807105,51"
MTE,21.04.2026,"5,159,185",17,"632108610,71"
MTF,21.04.2026,"1,273,245",40,"63139549,01"
MTG,21.04.2026,"1,456,313",145,"37797140,12"
MTH,21.04.2026,"1,925,711",4993,"775121682,05"
MTI,21.04.2026,"17,197",2,"2056722,74"
MTK,21.04.2026,"1,516,348",518,"56379733,80"
MTL,21.04.2026,"3,033,558",14,"7945271012,40"
MTS,21.04.2026,"2,699,648",760,"94609578,67"
MTU,21.04.2026,"1,226,398",18,"1211779,57"
MTV,21.04.2026,"4,847,547",12950,"127605885,44"
MTX,21.04.2026,"4,659,826",2264,"102790966,74"
MUL,21.04.2026,"1,804,963",13,"9319311,66"
MUT,21.04.2026,"1,749,067",1805,"940751349,00"
NAK,21.04.2026,"1,104,879",189,"143129238,49"
NAL,21.04.2026,"1,825,233",22,"1381221567,84"
NAU,21.04.2026,"3,239,304",12613,"3275561716,53"
NBE,21.04.2026,"1,582,944",11,"998968391,41"
NBH,21.04.2026,"5,842,025",146,"1073485229,28"
NBO,21.04.2026,"1,322,933",405,"1356415859,76"
NBZ,21.04.2026,"67,032,735",288,"1379820723,19"
NCS,21.04.2026,"53,159,438",1853,"7767501747,12"
NCU,21.04.2026,"56,342,613",12,"136449694,88"
NDL,21.04.2026,"2,090,279",1,"11787320,89"
NDS,21.04.2026,"865,012",12,"520692105,03"
NES,21.04.2026,"2,036,056",2,"2034028810,68"
NFF,21.04.2026,"1,203,922",49,"1798928877,92"
NFH,21.04.2026,"2,085,139",51,"139201536,41"
NFK,21.04.2026,"4,678,219",98,"1539041070,36"
NHP,21.04.2026,"5,302,654",171,"11914125,37"
NHT,21.04.2026,"5,955,056",2,"590454278,58"
NHV,21.04.2026,"4,084,218",2,"7527029958,30"
NHY,21.04.2026,"5,571,788",2514,"171488138,63"
NIG,21.04.2026,"1,031,328",12,"260742716,74"
NIS,21.04.2026,"1,511,463",26,"1016450712,07"
NJF,21.04.2026,"12,654,944",1764,"1333007306,14"
NJG,21.04.2026,"2,691,448",15,"65967941,76"
NJR,21.04.2026,"5,056,873",2851,"1258688748,76"
NJY,21.04.2026,"6,617,546",1358,"293239194,87"
NKA,21.04.2026,"45,998,629",15,"156737569,29"
NKC,21.04.2026,"127,117",1311,"540030625,63"
NKH,21.04.2026,"153,321",12,"142379916,48"
NKJ,21.04.2026,"15,054,302",1,"1545150109,85"
NKK,21.04.2026,"7,835,675",11,"1495873310,54"
NKL,21.04.2026,"3,108,127",2536,"13837492120,45"
NKM,21.04.2026,"1,004,188",569,"52125150,66"
NKP,21.04.2026,"1,174,707",3164,"157473460,67"
NKS,21.04.2026,"1,743,425",11,"23536412,86"
NKT,21.04.2026,"134,824",425,"56023175,45"
NKV,21.04.2026,"2,027,594",1,"13144316488,12"
NLC,21.04.2026,"47,283,209",60,"565246554,43"
NLD,21.04.2026,"50,508,502",1,"1323415338,59"
NLE,21.04.2026,"1,437,882",11646,"417030388,50"
NLK,21.04.2026,"1,647,185",1159,"5219163268,91"
NLL,21.04.2026,"3,781,656",22,"1531806009,92"
NME,21.04.2026,"54,577,823",63,"71671815,95"
NMG,21.04.2026,"119,341,021",11,"2694921342,51"
NMU,21.04.2026,"1,098,108",50,"27902831,95"
NNF,21.04.2026,"2,262,772",22482,"3180752584,74"
NOA,21.04.2026,"1,454,311",11,"553544360,31"
NOI,21.04.2026,"1,290,245",13,"886203574,87"
NOV,21.04.2026,"60,366,061",1,"896480007,76"
NP1,21.04.2026,"5,080,128",166,"1540928573,57"
NPH,21.04.2026,"174,015",1008,"294112093,03"
NPK,21.04.2026,"1,474,229",1,"874264436,86"
NRC,21.04.2026,"11,509,244",4199,"247543617,94"
NRG,21.04.2026,"4,895,648",3827,"6562584242,03"
NRM,21.04.2026,"136,743,678",12,"354221232,96"
NSA,21.04.2026,"2,236,305",306,"1446840874,35"
NSD,21.04.2026,"59,795,917",138,"13429645008,44"
NSH,21.04.2026,"193,036",1483,"1404900516,73"
NSK,21.04.2026,"5,921,942",103,"332336159,67"
NSP,21.04.2026,"1,619,536",2681,"1587931466,88"
NSS,21.04.2026,"59,102,846",1,"1023648587,33"
NST,21.04.2026,"1,224,316",4416,"85641485,41"
NSY,21.04.2026,"13,018",75,"1107431507,65"
NTB,21.04.2026,"5,802,583",1,"3197015805,30"
NTD,21.04.2026,"433,844",1,"588042434,64"
NTF,21.04.2026,"2,781,497",10,"228262858,45"
NTI,21.04.2026,"1,300,777",567,"135448468,15"
NTO,21.04.2026,"60,610,292",1,"3281711910,03"
NTS,21.04.2026,"2,711,542",33,"199748342,80"
NUB,21.04.2026,"56,409,788",878,"1969503817,43"
NUG,21.04.2026,"45,706,066",11,"3046608587,05"
NUH,21.04.2026,"1,244,169",870,"91251063,40"
NVB,21.04.2026,"4,242,177",5281,"5828574037,39"
NVC,21.04.2026,"4,522,528",102,"11507847,99"
NVK,21.04.2026,"43,357,694",18,"38719634,57"
NVP,21.04.2026,"63,374,273",1,"56789305,81"
NVT,21.04.2026,"4,109,294",75,"648091419,08"
NVZ,21.04.2026,"5,450,645",311,"677104516,89"
NYH,21.04.2026,"57,527,569",1,"988889353,40"
NZH,21.04.2026,"3,226,821",285,"219830757,31"
NZT,21.04.2026,"5,333,297",464,"6306377463,34"
NZU,21.04.2026,"47,225,857",39,"51984192,63"
OAB,21.04.2026,"71,546,597",3,"628439118,32"
OBI,21.04.2026,"2,824,711",513,"295302403,69"
OBN,21.04.2026,"54,312,665",137,"156948993,00"
OBP,21.04.2026,"190,824",861,"35572410,73"
OBR,21.04.2026,"49,974,433",11459,"47751531491,70"
OCM,21.04.2026,"64,102,462",2,"467981752,27"
OCN,21.04.2026,"46,898,583",4,"109775747,61"
OCT,21.04.2026,"68,252,786",5,"439862175,94"
ODD,21.04.2026,"10,054,932",34,"428698631,67"
ODG,21.04.2026,"1,037,753",27,"23765248,00"
ODN,21.04.2026,"52,571,981",173,"165981625,27"
ODP,21.04.2026,"5,965,757",119,"216026641,45"
ODS,21.04.2026,"65,753,337",134,"123272581,58"
ODV,21.04.2026,"19,640,713",4303,"1721328632,48"
OFA,21.04.2026,"54,463,557",146,"243695277,66"
OFB,21.04.2026,"9,980,997",14,"902632699,42"
OFI,21.04.2026,"3,819,355",730,"151693625,31"
OFK,21.04.2026,"48,359,941",293,"1117629084,18"
OFO,21.04.2026,"64,444,578",1,"2024449340,01"
OFS,21.04.2026,"7,864,004",510,"184021904,76"
OGD,21.04.2026,"11,948,649",3422,"839478279,58"
OGF,21.04.2026,"8,281,202",443,"125987436,25"
OGV,21.04.2026,"66,830,999",1,"305594769,11"
OHB,21.04.2026,"24,181,316",1159,"1529982135,88"
OHI,21.04.2026,"18,804",46,"48532046,51"
OHK,21.04.2026,"2,608,966",1159,"27998793,26"
OIL,21.04.2026,"3,982,258",674,"45904216,61"
OIR,21.04.2026,"4,673,207",272,"26709895,34"
OIS,21.04.2026,"3,141,766",1,"563930141,35"
OJB,21.04.2026,"49,369,105",7486,"28347892831,32"
OJH,21.04.2026,"9,991,827",30,"28382702,94"
OJK,21.04.2026,"13,684,015",30753,"51723975708,95"
OJT,21.04.2026,"10,650,251",11118,"3174038368,64"
OJU,21.04.2026,"63,488,565",2,"53790877,05"
OJY,21.04.2026,"73,993,632",6,"2714701388,51"
OKD,21.04.2026,"579,765",1065,"89355276,53"
OKF,21.04.2026,"4,166,858",12,"7387731679,70"
OKP,21.04.2026,"5,702,867",452,"73609100,35"
OKT,21.04.2026,"144,026",871,"111774239,93"
OLA,21.04.2026,"51,684,155",33,"19759833,95"
OLD,21.04.2026,"3,058,467",6006,"145606007,09"
OLE,21.04.2026,"4,441,741",506,"311518776,40"
OMB,21.04.2026,"59,220,713",3,"182201170,18"
OMC,21.04.2026,"67,153,957",2,"391459486,31"
OME,21.04.2026,"22,806,293",69,"77906639,16"
OMG,21.04.2026,"1,759,446",678,"1242004751,52"
ONB,21.04.2026,"48,526,853",584,"5761794638,87"
OND,21.04.2026,"44,847,861",636,"3314705391,24"
ONE,21.04.2026,"1,516,251",784,"40188510,35"
ONF,21.04.2026,"61,108,052",606,"2514923859,27"
ONK,21.04.2026,"56,788,926",22332,"74469911081,42"
ONN,21.04.2026,"5,714,284",837,"1760749841,10"
ONS,21.04.2026,"50,080,778",23144,"152651293851,80"
ONT,21.04.2026,"48,984,659",421,"5631468290,26"
ONY,21.04.2026,"61,775,079",749,"2223737224,27"
OPB,21.04.2026,"1,240,319",439,"47030404,65"
OPD,21.04.2026,"7,523,965",21,"59861126,08"
OPF,21.04.2026,"2,731,345",941,"294016003,62"
OPH,21.04.2026,"24,730,146",2731,"827564471,93"
OPI,21.04.2026,"23,813,778",1493,"233988655,85"
OPJ,21.04.2026,"1,485,026",2589,"433137663,13"
OPL,21.04.2026,"9,338,569",1013,"109733452,20"
OPZ,21.04.2026,"5,207,477",1,"651752135,64"
ORC,21.04.2026,"1,466,291",47,"1171387143,79"
ORI,21.04.2026,"56,487,079",5,"1552016941,25"
OSD,21.04.2026,"12,460,096",953,"575269229,49"
OSF,21.04.2026,"9,784,672",17,"5360803208,96"
OSH,21.04.2026,"523,434",17,"59042424,11"
OSL,21.04.2026,"137,311",4384,"1125442300,04"
OSN,21.04.2026,"1,412,912",122,"40627217,33"
OTE,21.04.2026,"6,242,234",2,"188861535,57"
OTF,21.04.2026,"6,140,455",1839,"703491493,36"
OTJ,21.04.2026,"7,746,623",27574,"4089519911,55"
OTK,21.04.2026,"7,458,042",62,"3907850,03"
OTM,21.04.2026,"1,357,928",104,"14468582,12"
OTZ,21.04.2026,"65,437,076",4,"292648148,00"
OUB,21.04.2026,"6,193,529",14,"773947935,71"
OUD,21.04.2026,"62,042,825",127,"125499543,37"
OUN,21.04.2026,"50,167,749",211,"180869835,95"
OUR,21.04.2026,"78,361,358",11,"29578043,20"
OUY,21.04.2026,"61,814,283",2,"1573308558,99"
OVD,21.04.2026,"3,146,749",3252,"829324728,28"
OVR,21.04.2026,"65,317,679",1,"465907932,92"
OVT,21.04.2026,"7,644,724",1,"719267998,67"
OYL,21.04.2026,"142,388",9101,"3528486310,46"
OYS,21.04.2026,"9,161,552",11,"16671512890,25"
OYT,21.04.2026,"120,861",72,"1844298926,71"
OZC,21.04.2026,"2,934,337",1,"1062582811,00"
P1A,21.04.2026,"1,323,987",300,"957865061,08"
PAB,21.04.2026,"1,229,216",413,"84805016,84"
PAC,21.04.2026,"3,305,937",1,"847203275,06"
PAF,21.04.2026,"3,661,962",4115,"373788111,31"
PAI,21.04.2026,"6,300,673",718,"889438740,74"
PAL,21.04.2026,"52,781,209",33061,"167044270247,00"
PAO,21.04.2026,"1,357,956",360,"13724249,20"
PAP,21.04.2026,"0,00",1,"0,00"
PAU,21.04.2026,"62,790,047",3847,"10546767165,51"
PBE,21.04.2026,"3,805,486",11,"35097912,75"
PBF,21.04.2026,"1,890,601",2,"2575438054,65"
PBH,21.04.2026,"1,816,727",12,"4337851224,72"
PBI,21.04.2026,"2,040,575",300,"96970734,52"
PBK,21.04.2026,"54,815,481",142,"134699396,60"
PBN,21.04.2026,"1,385,869",971,"500763735,70"
PBR,21.04.2026,"3,731",32987,"11988970548,63"
PBS,21.04.2026,"64,491,036",22,"355369471,09"
PBY,21.04.2026,"2,958,087",56,"226304771,90"
PCE,21.04.2026,"1,150,667",211,"228718862,97"
PCH,21.04.2026,"3,465,609",57,"847192104,59"
PCN,21.04.2026,"60,664,915",13,"522515954,85"
PCS,21.04.2026,"3,520,012",39,"29173161734,42"
PDC,21.04.2026,"717,277",13,"1053080902,14"
PDD,21.04.2026,"5,347,155",198,"965005766,54"
PDE,21.04.2026,"1,217,931",13,"12533476275,55"
PDF,21.04.2026,"56,014,063",62,"461298998,51"
PDG,21.04.2026,"172,975",12,"854669989,95"
PDH,21.04.2026,"16,554,034",79,"5557644737,22"
PDS,21.04.2026,"271,171",43,"662885920,02"
PEA,21.04.2026,"1,509,237",98,"75391023,70"
PFO,21.04.2026,"2,248,272",331,"75265486,07"
PFS,21.04.2026,"2,672,418",95,"23876176,29"
PGD,21.04.2026,"1,570,711",100,"139975256,74"
PGE,21.04.2026,"12,833,566",46,"5182609818,23"
PGH,21.04.2026,"6,926,168",12,"9188224943,28"
PGS,21.04.2026,"1,254,812",544,"201133196,99"
PHB,21.04.2026,"1,406,068",13,"540803312,96"
PHE,21.04.2026,"2,828,791",85163,"34719187533,33"
PHF,21.04.2026,"963,123",12,"283212651,31"
PHI,21.04.2026,"1,508,531",118,"68878217,08"
PHK,21.04.2026,"1,465,896",213,"74942248,54"
PHN,21.04.2026,"463,315,619",15,"13664887233,06"
PHS,21.04.2026,"4,214,501",20,"379822022,73"
PHY,21.04.2026,"8,170,029",46,"1125114781,23"
PID,21.04.2026,"1,675,405",92,"51829291,91"
PIL,21.04.2026,"3,917,119",8186,"519036649,30"
PIP,21.04.2026,"1,477,833",477,"46633291349,92"
PIR,21.04.2026,"173,377",1312,"218658616,92"
PIS,21.04.2026,"1,262,081",294,"1667256920,73"
PJL,21.04.2026,"4,574,275",3540,"1470727590,63"
PJP,21.04.2026,"46,177,082",15,"369091751,29"
PKD,21.04.2026,"856,227",54,"13920970,12"
PKF,21.04.2026,"4,868,286",1758,"628655048,26"
PKH,21.04.2026,"901,505",11,"98580989,82"
PKL,21.04.2026,"2,213,056",14,"5610945805,02"
PKN,21.04.2026,"1,895,861",15,"250413219,85"
PKP,21.04.2026,"1,103,108",68,"424879331,32"
PKR,21.04.2026,"1,375,092",157,"616695884,47"
PKT,21.04.2026,"139,745",680,"8776181788,12"
PKU,21.04.2026,"6,267,732",46,"5289236419,17"
PKV,21.04.2026,"1,774,104",3701,"16249724921,74"
PKZ,21.04.2026,"6,812,454",12,"41017451646,02"
PLA,21.04.2026,"1,116,815",116,"2668614,64"
PLR,21.04.2026,"1,464,154",759,"590431018,69"
PLS,21.04.2026,"25,637,634",8,"907023773,81"
PMG,21.04.2026,"1,590,515",1,"1391193970,13"
PMH,21.04.2026,"1,661",44,"15897492,90"
PMP,21.04.2026,"1,200,022",817,"46512995,86"
PNU,21.04.2026,"1,054,218",1146,"6009167939,77"
PO7,21.04.2026,"93,453",44,"2670572714,76"
PO8,21.04.2026,"3,745,486",51,"439261771,32"
PO9,21.04.2026,"886,501",148,"13475616,80"
POB,21.04.2026,"4,725,393",46,"4876937218,92"
POD,21.04.2026,"63,748,741",1422,"4551853231,62"
POF,21.04.2026,"7,232,759",46,"6327051234,39"
POH,21.04.2026,"1,124,363",4,"1924211365,14"
POI,21.04.2026,"105,491",43,"264169809,43"
POS,21.04.2026,"1,193,673",566,"57745720,40"
POU,21.04.2026,"2,131,688",75,"6019755759,58"
PP1,21.04.2026,"1,699,617",370,"45076052,42"
PPB,21.04.2026,"1,044,512",1879,"419045671,40"
PPD,21.04.2026,"33,920,027",104,"2105179218,86"
PPE,21.04.2026,"58,468,242",75,"774085260,67"
PPF,21.04.2026,"4,576,353",22,"492238661,64"
PPG,21.04.2026,"1,281,175",979,"728632730,33"
PPH,21.04.2026,"1,634,897",3595,"109806397,08"
PPI,21.04.2026,"2,013,092",3165,"7592871649,76"
PPJ,21.04.2026,"1,619,506",6536,"53289397856,23"
PPK,21.04.2026,"1,978,815",2711,"4925199307,95"
PPM,21.04.2026,"1,928,796",219,"291889072,94"
PPN,21.04.2026,"5,050,577",15140,"12456823384,04"
PPO,21.04.2026,"1,381,755",45,"84547822,67"
PPP,21.04.2026,"2,744,559",392,"4290636662,43"
PPS,21.04.2026,"4,097,933",6740,"2203034533,53"
PPT,21.04.2026,"2,840,213",3682,"1880044529,00"
PPU,21.04.2026,"2,252,102",45,"38132861,99"
PPV,21.04.2026,"1,008,493",21,"105705805,86"
PPZ,21.04.2026,"5,786,963",7995,"13028574043,59"
PRD,21.04.2026,"2,041,425",640,"416653234,43"
PRF,21.04.2026,"58,876,106",2,"161618150,44"
PRH,21.04.2026,"1,923,243",386,"621012441,62"
PRR,21.04.2026,"1,173,229",115,"405275834,18"
PRU,21.04.2026,"3,136,161",1570,"3102740136,87"
PRV,21.04.2026,"1,180,304",74,"2489237415,95"
PRY,21.04.2026,"2,710,433",36728,"72377271058,80"
PRZ,21.04.2026,"0,00",0,"13841,23"
PSD,21.04.2026,"49,978,123",1,"2546993346,12"
PSE,21.04.2026,"1,606,734",6344,"18293379687,03"
PSG,21.04.2026,"8,964,566",15,"148139809,22"
PSH,21.04.2026,"1,016,698",43,"11915327,80"
PSL,21.04.2026,"7,726,984",53,"700346547,78"
PSO,21.04.2026,"414,447",1,"848069962,13"
PSR,21.04.2026,"646,645",46,"163029555,51"
PSS,21.04.2026,"5,294,957",11,"354681923,64"
PST,21.04.2026,"25,632",51,"314233768,89"
PTC,21.04.2026,"61,090,157",16,"974066478,87"
PTE,21.04.2026,"1,491,213",4646,"43044572441,43"
PTF,21.04.2026,"1,308,629",388,"1095613384,06"
PTG,21.04.2026,"5,934,235",1,"115658239,92"
PTL,21.04.2026,"1,639,815",736,"526176629,24"
PTN,21.04.2026,"1,667,967",1095,"780168076,33"
PTO,21.04.2026,"1,435,849",520,"287687005,72"
PTP,21.04.2026,"1,051,914",159,"19561929,22"
PTS,21.04.2026,"1,404,257",632,"5977294310,89"
PUA,21.04.2026,"9,045,308",1,"4497975419,83"
PUC,21.04.2026,"6,466,175",799,"1302082465,72"
PUH,21.04.2026,"1,544,656",26,"358743957,27"
PUR,21.04.2026,"9,163,001",41577,"115347785100,94"
PUT,21.04.2026,"7,373,328",1,"6472214485,56"
PUV,21.04.2026,"53,048,818",1,"1132583415,81"
PUZ,21.04.2026,"9,240,256",2,"148958934,96"
PVK,21.04.2026,"5,105,984",8587,"37292165646,89"
PYB,21.04.2026,"1,642,051",317,"956284549,13"
PYD,21.04.2026,"773,796",45,"141245500,40"
PYF,21.04.2026,"9,330,892",10,"809105073,01"
PYH,21.04.2026,"7,429,055",11,"5427333160,69"
PYI,21.04.2026,"3,844,401",45,"1449045342,23"
PYL,21.04.2026,"8,752,652",33,"402002965,09"
PYR,21.04.2026,"2,025,624",1823,"154529456,28"
PYS,21.04.2026,"55,277,382",49,"1325087406,91"
RAF,21.04.2026,"3,567,735",12,"188852779,10"
RAI,21.04.2026,"2,050,291",1,"5352014565,55"
RAN,21.04.2026,"54,046,767",1,"1004283729,07"
RAV,21.04.2026,"1,335,572",12,"1037311798,29"
RAY,21.04.2026,"3,632,939",1,"1586844018,64"
RBA,21.04.2026,"22,447,716",6589,"2557071356,38"
RBB,21.04.2026,"1,469,617",53,"55820202,90"
RBE,21.04.2026,"3,749,508",16,"2631732777,86"
RBF,21.04.2026,"1,667,562",90,"28031644,78"
RBH,21.04.2026,"31,729,426",5122,"992936337,98"
RBI,21.04.2026,"5,376,042",130,"212670254,57"
RBK,21.04.2026,"8,031,503",1093,"44071810,81"
RBL,21.04.2026,"1,590,977",838,"368827794,71"
RBN,21.04.2026,"1,550,758",204,"44167710,28"
RBP,21.04.2026,"1,969,378",706,"1753807316,49"
RBR,21.04.2026,"2,863,223",114,"31942776,06"
RBT,21.04.2026,"5,761,938",1794,"615576009,94"
RBV,21.04.2026,"6,107,681",15494,"5721042756,19"
RCL,21.04.2026,"57,037,926",1,"153147459,62"
RCS,21.04.2026,"5,662,223",1,"2599860,85"
RCV,21.04.2026,"1,580,092",91,"136948350,29"
RD1,21.04.2026,"1,753,645",172,"62280905,13"
RDF,21.04.2026,"1,580,256",1230,"244864740,89"
RDH,21.04.2026,"4,240,975",18,"1815528676,34"
RDK,21.04.2026,"134,055",2,"622060,72"
RDS,21.04.2026,"0,00",0,"43,79"
RDT,21.04.2026,"1,001,075",56,"74220052,83"
RDZ,21.04.2026,"46,514,775",115,"613794456,55"
RE7,21.04.2026,"111,253",12,"188106282,78"
RE8,21.04.2026,"3,211,792",12,"1218910143,84"
RGD,21.04.2026,"1,036,073",163,"32099260,02"
RGH,21.04.2026,"1,058,098",35,"38973568,99"
RHD,21.04.2026,"1,836,945",12,"142602415,09"
RHI,21.04.2026,"1,594,816",567,"138160300,54"
RHS,21.04.2026,"7,497,196",1788,"892004929,37"
RIA,21.04.2026,"1,245,708",81,"160794798,47"
RIH,21.04.2026,"6,555,456",599,"187546734,41"
RIK,21.04.2026,"5,358,381",7020,"1504115559,90"
RJG,21.04.2026,"3,546,465",656,"137333825,51"
RKC,21.04.2026,"1,574,059",468,"134194282,52"
RKH,21.04.2026,"1,002,213",88,"8713520,37"
RKL,21.04.2026,"3,094,788",1,"2421988291,71"
RKS,21.04.2026,"1,878,657",133,"124760688,82"
RKV,21.04.2026,"2,293,135",260,"543562304,08"
RLH,21.04.2026,"1,534,442",26,"251193902,23"
RO1,21.04.2026,"1,135,011",24,"172644836,36"
ROD,21.04.2026,"51,791,157",849,"3029003148,31"
ROF,21.04.2026,"3,292,501",1251,"590002289,43"
ROS,21.04.2026,"0,00",0,"13,54"
ROY,21.04.2026,"1,233,144",11,"137389221,88"
RPC,21.04.2026,"4,817,129",559,"27347705,09"
RPD,21.04.2026,"13,262,406",2268,"309991425,78"
RPE,21.04.2026,"0,00",0,"3,65"
RPG,21.04.2026,"6,336,245",1693,"1454007690,54"
RPI,21.04.2026,"1,362,267",343,"17246244,33"
RPK,21.04.2026,"59,600,237",5,"115906130,04"
RPL,21.04.2026,"153,332",12,"111608037,19"
RPM,21.04.2026,"3,908,754",2894,"66068027,42"
RPN,21.04.2026,"5,142,522",23,"817964983,97"
RPO,21.04.2026,"6,838,078",3,"1661537910,62"
RPP,21.04.2026,"4,356,138",8606,"5932683807,81"
RPS,21.04.2026,"59,892,819",112,"206519544,35"
RPT,21.04.2026,"4,542,041",207,"1208960090,33"
RPU,21.04.2026,"3,244,225",12,"2339525419,04"
RPX,21.04.2026,"58,467,357",147,"1554411045,06"
RRA,21.04.2026,"1,318,593",229,"2672275281,95"
RRP,21.04.2026,"1,450,074",73,"164272546,49"
RS1,21.04.2026,"1,413,339",127,"511933833,53"
RSF,21.04.2026,"3,872,772",13,"955353118,50"
RSK,21.04.2026,"1,605,768",182,"185333118,35"
RSY,21.04.2026,"983,603",11,"145026116,86"
RSZ,21.04.2026,"5,519,235",25,"1221499156,31"
RTA,21.04.2026,"1,859,368",15,"3414765694,56"
RTB,21.04.2026,"2,370,413",11,"348836174,99"
RTD,21.04.2026,"1,691,938",214,"20655712,32"
RTG,21.04.2026,"4,806,539",4065,"171317724,10"
RTH,21.04.2026,"6,369,726",326,"32764150,65"
RTI,21.04.2026,"2,976,148",49,"35686623993,66"
RTP,21.04.2026,"1,213,349",2375,"487573794,58"
RUH,21.04.2026,"2,567,827",17,"88572411,61"
RUT,21.04.2026,"2,134,375",3832,"120686260,26"
RVI,21.04.2026,"1,315,615",11,"19759283,86"
RVS,21.04.2026,"2,610,173",20,"4056350766,13"
RYA,21.04.2026,"1,183,376",1,"355754235,29"
RYB,21.04.2026,"46,349,334",11,"4636555,64"
RYD,21.04.2026,"1,417,069",13,"313136933,02"
RYF,21.04.2026,"15,218,574",32,"481516994,76"
RYU,21.04.2026,"45,543,637",45,"256855774,77"
RZR,21.04.2026,"4,735,428",2,"16755069,95"
SAP,21.04.2026,"1,627,002",344,"207373345,33"
SAR,21.04.2026,"49,229,115",9,"835113015,14"
SAS,21.04.2026,"1,752,026",47308,"1557330878,47"
SAT,21.04.2026,"295,726,327",4,"2351800284,64"
SBH,21.04.2026,"197,188",1104,"315307366,80"
SBI,21.04.2026,"4,331,951",15,"40921114,60"
SBR,21.04.2026,"1,354,104",25,"15611440,13"
SBS,21.04.2026,"66,775,348",1,"228678523,07"
SCZ,21.04.2026,"1,386,615",189,"81904511,03"
SDA,21.04.2026,"46,646,103",1071,"5932469357,05"
SEH,21.04.2026,"1,138,532",46,"54569403,03"
SER,21.04.2026,"53,992,882",793,"6567305860,84"
SFA,21.04.2026,"17,774,629",16,"888323846,00"
SFS,21.04.2026,"1,314,107",79,"29989438,69"
SGT,21.04.2026,"1,449,757",834,"231656916,77"
SHE,21.04.2026,"3,759,362",729,"59424532,56"
SHI,21.04.2026,"2,830,486",47,"1874442556,51"
SHU,21.04.2026,"1,448,629",18,"226689102,82"
SIS,21.04.2026,"1,792,297",11,"59708495,38"
SJP,21.04.2026,"57,892,541",29,"299324176,52"
SKL,21.04.2026,"1,788,164",821,"207436012,30"
SKO,21.04.2026,"1,704,648",5247,"321371522,54"
SKS,21.04.2026,"47,337,857",3,"1183446435,26"
SKT,21.04.2026,"103,717",2055,"40109129,49"
SKZ,21.04.2026,"907,544",1747,"263644704,19"
SLF,21.04.2026,"9,948,995",7008,"1187410417,50"
SLG,21.04.2026,"1,356,841",951,"454765789,47"
SLR,21.04.2026,"338,735",5,"1286076523,55"
SLS,21.04.2026,"1,045,909",11,"115049,97"
SMP,21.04.2026,"1,022,254",1,"1431155648,85"
SNY,21.04.2026,"2,348,931",686,"831048260,06"
SOS,21.04.2026,"1,360,992",159,"10003305,57"
SPA,21.04.2026,"62,987,211",207,"2894509460,22"
SPD,21.04.2026,"76,187,098",1,"322599027,25"
SPE,21.04.2026,"99,499,121",1144,"3584102702,74"
SPN,21.04.2026,"8,948,227",508,"2537488117,92"
SPP,21.04.2026,"1,390,546",152,"251991537,14"
SPR,21.04.2026,"1,260,046",166,"15738459,77"
SPT,21.04.2026,"198,365",932,"102931297,35"
SRA,21.04.2026,"20,213,698",1,"4027715465,84"
SRE,21.04.2026,"60,281,534",1,"943478158,48"
SRL,21.04.2026,"1,470,541",317,"19897295,08"
SRO,21.04.2026,"24,832,743",6,"6922248264,37"
SSD,21.04.2026,"51,810,259",1,"535336077,75"
SSE,21.04.2026,"4,221",11,"132433956,72"
SSF,21.04.2026,"1,028,875",15,"1331001,41"
SSK,21.04.2026,"1,502,226",497,"36574909,50"
SSN,21.04.2026,"54,952,855",4,"717050627,10"
SSO,21.04.2026,"13,039,651",1,"6648631687,44"
SSS,21.04.2026,"1,445,061",4878,"253423109,62"
SST,21.04.2026,"1,457,879",22,"8602231,96"
ST1,21.04.2026,"19,472,703",3188,"706659263,00"
STI,21.04.2026,"1,243,153",92,"132192972,32"
STM,21.04.2026,"4,725,536",12,"563997,39"
STS,21.04.2026,"80,107,727",27,"403664437,55"
STZ,21.04.2026,"25,066,914",85,"574093905,96"
SUA,21.04.2026,"531,089",1394,"2576414900,57"
SUB,21.04.2026,"39,762",846,"114781674,25"
SUC,21.04.2026,"1,992,116",522,"453792357,06"
SUR,21.04.2026,"1,216,169",106,"191750422,67"
SVB,21.04.2026,"9,235,554",1618,"292610068,17"
SVS,21.04.2026,"2,550,769",1,"1658583598,77"
SVY,21.04.2026,"1,590,985",2,"3371636563,26"
SYF,21.04.2026,"304,433,073",6,"2384255899,96"
SYL,21.04.2026,"4,131,821,895",1,"1143713091,51"
SYR,21.04.2026,"48,304,976",22,"309926612,15"
SYS,21.04.2026,"4,584,059",123,"1654277554,89"
T3B,21.04.2026,"156,558",26,"12001560284,64"
TAL,21.04.2026,"2,894,887",831,"39984548,79"
TAO,21.04.2026,"19,514,109",1,"1031446242,54"
TAR,21.04.2026,"2,285,138",6734,"116012312,40"
TAU,21.04.2026,"713,731",38856,"2706981405,22"
TAZ,21.04.2026,"2,310,198",2,"1089302197,01"
TB9,21.04.2026,"49,459,383",11371,"40853100418,69"
TBP,21.04.2026,"259,528",210,"443127768,24"
TBT,21.04.2026,"51,423,255",2807,"424727774,87"
TBV,21.04.2026,"362,664",8429,"1315610860,55"
TCA,21.04.2026,"833,391",51414,"16366093173,49"
TCB,21.04.2026,"206,178",4965,"3853654967,75"
TCC,21.04.2026,"77,003",290,"399349931,83"
TCD,21.04.2026,"46,108,759",12640,"1476609441,10"
TCF,21.04.2026,"4,047,662",3365,"5562603826,55"
TCG,21.04.2026,"1,355,449",1,"192009012,01"
TCH,21.04.2026,"204,552",74,"280261509,83"
TCI,21.04.2026,"1,012,886",17,"1311150347,93"
TCS,21.04.2026,"41,769,218",45,"1449110665,05"
TDG,21.04.2026,"496,098",2145,"663251979,82"
TDP,21.04.2026,"55,460,922",44,"302801491,74"
TE3,21.04.2026,"38,611,711",3257,"1282572410,30"
TE4,21.04.2026,"5,818,873",1739,"2382426924,80"
TEJ,21.04.2026,"2,190,137",1106,"530260961,37"
TFE,21.04.2026,"2,505,106",104,"30916381,51"
TFF,21.04.2026,"34,554,068",8493,"1141235951,06"
TFU,21.04.2026,"1,158,453",3325,"872871181,06"
TGA,21.04.2026,"461,397",6835,"848425070,20"
TGE,21.04.2026,"27,175",42365,"3466346100,19"
TGN,21.04.2026,"1,272,061",1982,"2395935562,82"
TGR,21.04.2026,"6,674,185",5969,"121096833,80"
TGT,21.04.2026,"10,624",62222,"3262420656,37"
TGV,21.04.2026,"18,155,038",13,"11551263522,69"
TGZ,21.04.2026,"5,404,678",11,"981652324,94"
THD,21.04.2026,"2,757,366",215,"9272139,09"
THF,21.04.2026,"2,231,456",7048,"1104759156,26"
THG,21.04.2026,"6,318,201",189,"164860499,10"
THH,21.04.2026,"132,171,155",1,"1686305945,20"
THO,21.04.2026,"46,905,295",12,"2240776079,82"
THS,21.04.2026,"5,901,959",1,"387236621,57"
THT,21.04.2026,"24,867",358,"8948512,76"
THV,21.04.2026,"82,477,632",21,"3719290530,20"
TI1,21.04.2026,"146,574,055",227644,"172659287918,62"
TI2,21.04.2026,"13,428",22774,"4343717086,95"
TI3,21.04.2026,"126,011",24845,"2546061765,36"
TI4,21.04.2026,"59,163",16117,"2486214507,29"
TI6,21.04.2026,"50,162",4863,"801476529,43"
TI7,21.04.2026,"72,605,693",10695,"1345821745,33"
TIE,21.04.2026,"761,052",17737,"1902422303,61"
TIL,21.04.2026,"1,383,073",1634,"92781089,73"
TIP,21.04.2026,"46,485,974",29,"156154846,07"
TIV,21.04.2026,"47,035,781",112727,"19477024755,79"
TJB,21.04.2026,"9,515,605",1,"777448070,82"
TJF,21.04.2026,"5,176,162",578,"61301284,18"
TJI,21.04.2026,"6,191,499",921,"772044537,66"
TJL,21.04.2026,"20,824,495",4,"1415879095,53"
TJT,21.04.2026,"64,057,874",2002,"2386469357,61"
TKF,21.04.2026,"65,462,379",4649,"1045590183,54"
TKH,21.04.2026,"2,151,071",1,"439346717,35"
TKK,21.04.2026,"1,705,786",114736,"1820394236,84"
TKM,21.04.2026,"189,288",498063,"60765452290,16"
TLE,21.04.2026,"2,655,666",988,"561859366,82"
TLH,21.04.2026,"31,727,076",444,"151245318,84"
TLK,21.04.2026,"1,556,007",908,"2629116451,86"
TLT,21.04.2026,"65,682,406",1,"372003404,20"
TLU,21.04.2026,"49,581,909",547,"9994313849,47"
TLV,21.04.2026,"1,195,581",6908,"4035873679,36"
TLY,21.04.2026,"5,087,722,908",83330,"121168664382,02"
TLZ,21.04.2026,"17,858,328",805,"57737528,21"
TMC,21.04.2026,"149,654",11077,"100409419,93"
TMG,21.04.2026,"1,247,402",32517,"4449394720,13"
TMH,21.04.2026,"0,00",12,"0,00"
TMM,21.04.2026,"65,179,014",1201,"820666420,94"
TMR,21.04.2026,"7,090,177",1,"9033771182,47"
TMS,21.04.2026,"1,857,493",88,"331764805,14"
TMU,21.04.2026,"1,290,605",100,"107986078,93"
TMV,21.04.2026,"5,016,666",1441,"5593294184,90"
TMZ,21.04.2026,"1,819,757",2506,"48933764,85"
TNA,21.04.2026,"1,627,329",1,"5553179752,05"
TNB,21.04.2026,"47,333,393",87,"717834380,47"
TND,21.04.2026,"1,323,071",386,"175501267,80"
TNF,21.04.2026,"3,725,116",3,"4727679406,05"
TNH,21.04.2026,"12,129,015",2,"110313476,95"
TNI,21.04.2026,"10,052,945",3619,"10243371066,24"
TNK,21.04.2026,"29,911,639",75511,"3690871375,79"
TNS,21.04.2026,"10,452,617",30,"389167481,53"
TO8,21.04.2026,"53,282,157",99,"753489787,38"
TOK,21.04.2026,"55,856,535",7356,"23797104040,21"
TOT,21.04.2026,"840,435,714",810,"151152363,19"
TP1,21.04.2026,"62,873,093",1,"356314016,05"
TP2,21.04.2026,"1,856,793",95792,"127215571519,17"
TPC,21.04.2026,"14,028,586",17824,"8367281142,66"
TPE,21.04.2026,"506,049",34,"2298674818,20"
TPF,21.04.2026,"9,827,437",599,"168015125,93"
TPJ,21.04.2026,"72,531,706",1616,"2467300593,81"
TPL,21.04.2026,"19,735,698",1426,"690269947,03"
TPO,21.04.2026,"162,785",3,"95967270,99"
TPP,21.04.2026,"67,991,815",414,"1501939189,94"
TPR,21.04.2026,"498,172",2,"303830277,60"
TPV,21.04.2026,"10,305,936",38,"6499675,68"
TPZ,21.04.2026,"26,208,803",1556,"139233874,26"
TRJ,21.04.2026,"185,415",2986,"1893526096,90"
TRN,21.04.2026,"1,246,183",1,"2279422067,59"
TRO,21.04.2026,"2,587,694",474,"35771571,45"
TRR,21.04.2026,"5,658,782",505,"2672719596,35"
TRU,21.04.2026,"1,401,806",266,"279208464,13"
TSI,21.04.2026,"183,427",78689,"20363127237,26"
TSP,21.04.2026,"65,305,716",5,"1602390869,43"
TTA,21.04.2026,"646,224",221830,"29980173246,76"
TTE,21.04.2026,"1,427,416",38379,"2854779121,84"
TTL,21.04.2026,"35,835,917",391,"227285720,11"
TTP,21.04.2026,"47,660,944",109,"835679514,64"
TTS,21.04.2026,"65,002,826",1,"2020710737,64"
TTV,21.04.2026,"7,774,991",20,"2422445385,42"
TTZ,21.04.2026,"3,600,637",9,"307467954,54"
TUA,21.04.2026,"1,507,139",35096,"18568118522,74"
TVE,21.04.2026,"116,501",268,"145593750,81"
TVN,21.04.2026,"2,480,906",554,"7602975,47"
TYH,21.04.2026,"2,181,364",7078,"1978436604,00"
TZC,21.04.2026,"300,096",1136,"30549345,27"
TZD,21.04.2026,"2,428,233",7982,"947522579,05"
TZH,21.04.2026,"7,786,976",1,"56056410324,25"
TZL,21.04.2026,"121,335",176147,"70467748691,45"
TZP,21.04.2026,"12,374,629",14,"982442936,19"
TZT,21.04.2026,"156,111",6035,"324787772,38"
TZV,21.04.2026,"839,088,187",133088,"21707146796,55"
UAB,21.04.2026,"4,992,045",2,"455013996,94"
UAP,21.04.2026,"65,081,816",1,"427356488,09"
UCN,21.04.2026,"2,131,013",2,"1161253111,47"
UCP,21.04.2026,"1,163,622",28,"21076759106,03"
UFH,21.04.2026,"67,655,836",1,"248723082,05"
UHL,21.04.2026,"68,182,516",1,"2435735843,32"
UHS,21.04.2026,"7,401,409",13,"398284157,69"
ULH,21.04.2026,"6,224,112",268,"1241145471,94"
ULL,21.04.2026,"65,316,001",3,"267599328,89"
UNT,21.04.2026,"1,374,899",232,"100971144,53"
UP1,21.04.2026,"6,396,179",1669,"1315582208,51"
UP2,21.04.2026,"3,698,092",263,"2018464715,92"
UPD,21.04.2026,"20,440,061",294,"2595921607,90"
UPH,21.04.2026,"31,660,737",595,"202552290,23"
UPP,21.04.2026,"6,186,757",1018,"3013781206,85"
UPS,21.04.2026,"4,701,363",1,"543097679,65"
URA,21.04.2026,"1,947,199",11627,"934819577,02"
URC,21.04.2026,"52,203,658",183,"200185212,08"
URD,21.04.2026,"45,944,469",12,"10242988147,35"
URG,21.04.2026,"70,578,826",1,"529535429,33"
URM,21.04.2026,"46,192,716",1,"8774444,90"
URS,21.04.2026,"354,109",1,"928081230,26"
URV,21.04.2026,"3,848,657",2,"10335183284,54"
USS,21.04.2026,"337,797",1,"3661836102,11"
UST,21.04.2026,"3,681,839",1,"1726189749,82"
USY,21.04.2026,"236,239",487,"1261326144,52"
UYH,21.04.2026,"4,513,751",12,"874874948,82"
UZY,21.04.2026,"2,605,321",16,"81523,10"
VAY,21.04.2026,"1,637,425",3287,"48351096,72"
VCD,21.04.2026,"5,564,452",12,"61210926,51"
VCG,21.04.2026,"5,034,445",20,"1745340484,54"
VCY,21.04.2026,"32,552",12132,"146805829,85"
VFK,21.04.2026,"4,834,248",5442,"3009481497,76"
VFS,21.04.2026,"1,825,003",1,"5877779,04"
VK6,21.04.2026,"3,648,639",155835,"65115139979,68"
VKI,21.04.2026,"2,745,924",584,"2025646901,76"
VKT,21.04.2026,"107,705",45333,"4327230649,95"
VMV,21.04.2026,"2,449,394",154,"6897956821,12"
VNK,21.04.2026,"2,348,426",466,"7822785151,76"
VPP,21.04.2026,"48,101,338",436,"1363235589,72"
VPS,21.04.2026,"1,444,925",11950,"5187377540,75"
VRK,21.04.2026,"1,212,858",155,"24709130,92"
VTF,21.04.2026,"2,135,985",1,"408385329,57"
YA1,21.04.2026,"1,251,681",19,"721809894,13"
YAC,21.04.2026,"13,905,289",10426,"5579646532,63"
YAE,21.04.2026,"1,054,816",866,"282778495,62"
YAK,21.04.2026,"4,854,711",109764,"1113865731,23"
YAN,21.04.2026,"1,315,422",3707,"1783618411,48"
YAR,21.04.2026,"26,840,205",1,"751525737,30"
YAS,21.04.2026,"15,262,669",71199,"7638988421,34"
YAY,21.04.2026,"1,477,989,682",36821,"10087127348,61"
YBE,21.04.2026,"1,705,428",14327,"5381014066,45"
YBH,21.04.2026,"49,964,648",662,"737022770,32"
YBJ,21.04.2026,"54,565,457",1,"1804231063,31"
YBP,21.04.2026,"11,471,375",56,"863717062,68"
YBR,21.04.2026,"51,715,651",2315,"5228234788,99"
YBS,21.04.2026,"128,021",11287,"1761057344,86"
YCG,21.04.2026,"5,677,683",4,"189078484,09"
YCH,21.04.2026,"2,417,744",137,"119321131,91"
YCK,21.04.2026,"4,042,909",37,"479405459,09"
YCL,21.04.2026,"10,799,262",12,"388331758,82"
YCP,21.04.2026,"9,506,386",2283,"1323861381,26"
YCY,21.04.2026,"3,655,056",273,"247961549,43"
YDI,21.04.2026,"459,091",7535,"1241088239,74"
YDK,21.04.2026,"106,116",48808,"134653863,42"
YDL,21.04.2026,"55,259,121",8,"1152441064,27"
YDM,21.04.2026,"1,600,784",2,"1109845055,36"
YDP,21.04.2026,"2,075,168",2383,"366987107,14"
YDZ,21.04.2026,"50,710,133",3116,"12219408071,79"
YEF,21.04.2026,"966,283",13743,"2018535869,14"
YFV,21.04.2026,"9,573",7419,"900383584,13"
YGM,21.04.2026,"3,200,851",2527,"653285485,18"
YHB,21.04.2026,"2,243,907",7699,"304002240,74"
YHI,21.04.2026,"1,476,594",276,"66531325,30"
YHK,21.04.2026,"1,866,117",5434,"974066623,15"
YHP,21.04.2026,"4,121,866",1,"1731183885,73"
YHS,21.04.2026,"25,921,557",8720,"3730483438,84"
YHT,21.04.2026,"368,002",86498,"2107689892,93"
YHY,21.04.2026,"1,286,935",16,"1620476,24"
YHZ,21.04.2026,"7,987,198",13831,"905498108,89"
YIK,21.04.2026,"1,348,363",1453,"26057455072,75"
YIS,21.04.2026,"1,250,449",1,"925669443,11"
YIT,21.04.2026,"2,235,808",5618,"619147325,18"
YIV,21.04.2026,"3,403,979",2,"4635393186,14"
YJA,21.04.2026,"62,574,168",4,"374627349,56"
YJH,21.04.2026,"3,665,253",3792,"181510152,84"
YJK,21.04.2026,"4,739,571",9232,"636412062,47"
YJU,21.04.2026,"6,201,705",1,"412885149,46"
YJY,21.04.2026,"53,520,836",8318,"67352408656,57"
YKS,21.04.2026,"321,956",380,"194584285,23"
YKT,21.04.2026,"913,353",94534,"37403313557,10"
YLB,21.04.2026,"1,600,738",334869,"67640645400,23"
YLC,21.04.2026,"3,682,665",1478,"81138750,71"
YLE,21.04.2026,"8,753,406",2489,"326926084,00"
YLO,21.04.2026,"4,950,993",4826,"218569791,98"
YLR,21.04.2026,"13,126,762",4,"64294,88"
YLY,21.04.2026,"2,456,589",589,"41010161,11"
YLZ,21.04.2026,"3,635,058",13,"2043603391,43"
YMD,21.04.2026,"52,382,041",1319,"5987530828,35"
YMH,21.04.2026,"1,427,476",356,"476461518,92"
YMP,21.04.2026,"100,749",1,"20149794,06"
YNK,21.04.2026,"45,120,842",1162,"17105915778,79"
YNL,21.04.2026,"5,199,232",1,"207029778,94"
YOA,21.04.2026,"83,179,921",142,"1812385083,51"
YOS,21.04.2026,"53,303,082",228,"981254349,31"
YOT,21.04.2026,"36,776,825",10191,"2324378465,23"
YOZ,21.04.2026,"45,734,943",1195,"24235962236,95"
YP1,21.04.2026,"61,616,265",3,"217345705,94"
YP2,21.04.2026,"68,641,745",1,"1275991560,98"
YP4,21.04.2026,"50,405,474",30445,"138133373529,13"
YPC,21.04.2026,"4,859,073",2346,"42411976,29"
YPD,21.04.2026,"63,761,953",2,"93644694,09"
YPF,21.04.2026,"905,971",454,"1121888845,65"
YPI,21.04.2026,"52,337,448",68,"1995596948,78"
YPK,21.04.2026,"13,698,773",274,"226444873,57"
YPL,21.04.2026,"68,287,612",1614,"13146266328,94"
YPN,21.04.2026,"62,723,528",100,"1802155840,43"
YPP,21.04.2026,"24,258,735",1,"4537809968,74"
YPR,21.04.2026,"1,641,536",276,"203070213,83"
YPT,21.04.2026,"3,632,685",18700,"102782157659,83"
YPU,21.04.2026,"61,721,165",1726,"3764170066,15"
YPV,21.04.2026,"7,646,892",3621,"6655504664,95"
YRZ,21.04.2026,"45,299,913",159,"747789900,26"
YSA,21.04.2026,"45,373,604",196,"193978919,12"
YSL,21.04.2026,"41,875,037",421,"711573630,78"
YSO,21.04.2026,"1,255,272",191,"63481832,34"
YSU,21.04.2026,"161,989",6406,"250550601,30"
YTC,21.04.2026,"62,568,361",120,"311823254,18"
YTD,21.04.2026,"80,267",15225,"1600662573,10"
YTJ,21.04.2026,"65,287,445",1,"1147011615,01"
YTO,21.04.2026,"50,451,051",4,"666614939,56"
YTR,21.04.2026,"75,846,542",2,"587461651,68"
YTV,21.04.2026,"2,855,798",2402,"219104280,14"
YTY,21.04.2026,"55,792,247",20574,"101055217555,23"
YUB,21.04.2026,"5,598,536",670,"594526498,21"
YUD,21.04.2026,"70,546,976",2,"242032916,51"
YUI,21.04.2026,"1,895,088",9,"1222484137,41"
YUK,21.04.2026,"46,973,759",149,"1285752621,86"
YUN,21.04.2026,"53,641,262",476,"2738633868,82"
YUY,21.04.2026,"1,023,363",2,"1013499130,71"
YVB,21.04.2026,"1,292,702",727,"112652996,07"
YVD,21.04.2026,"3,893,968",82711,"41706635574,44"
YVF,21.04.2026,"69,221,491",4,"902327820,46"
YVG,21.04.2026,"5,964,183",1224,"5951515867,41"
YVO,21.04.2026,"65,715,481",2,"688871466,93"
YVS,21.04.2026,"70,430,447",6,"406926840,83"
YZC,21.04.2026,"4,159,628",12671,"539560275,29"
YZF,21.04.2026,"90,356,116",1,"451780577,61"
YZG,21.04.2026,"15,191,368",70264,"14368345024,68"
YZH,21.04.2026,"12,278,281",6438,"1214429746,91"
YZK,21.04.2026,"7,394,862",212,"207406804,54"
YZL,21.04.2026,"4,875,224",74,"611746789,92"
ZA2,21.04.2026,"1,761,634",2469,"14772374746,88"
ZAD,21.04.2026,"43,694,571",27,"11121666,67"
ZAV,21.04.2026,"5,430,953",4850,"69495711633,04"
ZAY,21.04.2026,"5,725,623",3766,"1742413144,51"
ZBD,21.04.2026,"66,269,982",2212,"927251179,20"
ZBI,21.04.2026,"2,038,592",1778,"223075017,49"
ZBJ,21.04.2026,"4,538,766",19572,"30435644879,73"
ZBN,21.04.2026,"2,430,882",185,"125037034,85"
ZBO,21.04.2026,"296,242",251,"417065671,10"
ZBZ,21.04.2026,"62,903,199",1,"330231417,13"
ZCA,21.04.2026,"7,576,951",1,"57096858,07"
ZCB,21.04.2026,"68,420,914",3,"73753366,49"
ZCC,21.04.2026,"74,538,585",2,"393852419,22"
ZCD,21.04.2026,"4,504,005",637,"1459376229,75"
ZCE,21.04.2026,"4,112,365",1,"11546425918,80"
ZCF,21.04.2026,"3,731,058",1,"1720010882,84"
ZCG,21.04.2026,"584,277",161,"551060251,36"
ZCH,21.04.2026,"2,429,809",1,"5000534214,24"
ZCK,21.04.2026,"1,629,879",1958,"384341385,12"
ZCN,21.04.2026,"3,845,488",7807,"643361024,53"
ZDD,21.04.2026,"6,859,848",1452,"481823438,04"
ZDK,21.04.2026,"15,079,458",1,"3159719,57"
ZDZ,21.04.2026,"12,434,702",9400,"1068279416,93"
ZFB,21.04.2026,"6,475,648",16161,"805167137,57"
ZFZ,21.04.2026,"64,479,423",3,"20725434321,93"
ZHH,21.04.2026,"1,432,648",1135,"111865596,04"
ZJB,21.04.2026,"11,453,522",2281,"10986562375,87"
ZJH,21.04.2026,"57,361,795",1,"194226980,99"
ZJI,21.04.2026,"11,990,693",2309,"8644333751,98"
ZJL,21.04.2026,"14,050,647",2958,"412313432,36"
ZJR,21.04.2026,"6,778,042",1,"1316173305,70"
ZJT,21.04.2026,"6,328,575",1,"1258844831,52"
ZJV,21.04.2026,"10,611,997",1467,"595992064,13"
ZK1,21.04.2026,"46,948,955",120,"2064540580,18"
ZK2,21.04.2026,"55,005,245",72,"1858198031,26"
ZKK,21.04.2026,"23,699,573",1,"2219776740,70"
ZLB,21.04.2026,"47,155,066",60,"544430231,57"
ZLG,21.04.2026,"60,066,022",1,"1011080048,39"
ZLH,21.04.2026,"11,525,568",3713,"466974505,37"
ZMT,21.04.2026,"59,080,031",300,"1184591960,66"
ZMU,21.04.2026,"191,677",13,"20232318,69"
ZMY,21.04.2026,"6,071,507",2898,"180424548,68"
ZNF,21.04.2026,"51,862,881",1,"1901040792,32"
ZOS,21.04.2026,"1,722,975",11,"528128760,92"
ZP1,21.04.2026,"58,937,698",2,"59759172,03"
ZP2,21.04.2026,"5,069,091",1,"542617764,04"
ZP3,21.04.2026,"4,120,099",1,"60100543,36"
ZP6,21.04.2026,"54,303,785",1619,"7057401738,07"
ZP7,21.04.2026,"63,964,986",1,"1599124646,58"
ZP8,21.04.2026,"3,581,316",5018,"54541850328,96"
ZP9,21.04.2026,"57,315,636",836,"1736870234,73"
ZPA,21.04.2026,"62,153,543",880,"3972180479,73"
ZPC,21.04.2026,"18,774,136",2992,"3139633793,84"
ZPE,21.04.2026,"33,119,076",6719,"1222286963,79"
ZPF,21.04.2026,"21,477,239",3382,"794098815,47"
ZPG,21.04.2026,"9,484,318",5710,"1313106604,90"
ZPH,21.04.2026,"1,329,648",63,"98742668,55"
ZPJ,21.04.2026,"11,364,721",410,"144416929,72"
ZPK,21.04.2026,"7,437,871",27305,"16087839256,58"
ZPN,21.04.2026,"67,160,578",1,"1903719973,94"
ZPR,21.04.2026,"13,518",904,"22707955994,06"
ZR2,21.04.2026,"1,288,561",1,"2583303558,65"
ZR3,21.04.2026,"695,979",165,"215246935,87"
ZSB,21.04.2026,"9,772,554",18,"2700383158,49"
ZSF,21.04.2026,"52,481,426",1744,"43892735,32"
ZSG,21.04.2026,"4,104,334",1016,"50104885,77"
ZSK,21.04.2026,"54,790,171",1,"577993456,26"
ZSN,21.04.2026,"52,173,171",2,"2845300778,79"
ZTF,21.04.2026,"666,331",1,"1831491477,42"
ZTG,21.04.2026,"1,179,053",837,"31941901,14"
ZUD,21.04.2026,"3,890,437",1,"2807519354,06"
ZUE,21.04.2026,"4,582,642",1,"5776955583,86"
ZUS,21.04.2026,"46,905,168",3365,"73307703002,26"
ZVB,21.04.2026,"84,433,425",11,"225513910,79"
ZVO,21.04.2026,"372,682",405,"885496218,87"
ZYC,21.04.2026,"431,647",1,"7915485539,75"
ZYD,21.04.2026,"4,318,411",1,"7963961142,71"
ZZL,21.04.2026,"76,681,311",15,"39055248,85"
AAK,20.04.2026,"35,786,689",784,"35023681,18"
AAL,20.04.2026,"315,069",4821,"2958418879,14"
AAS,20.04.2026,"11,295,821",157,"23828783,64"
AAV,20.04.2026,"64,000,212",2309,"313636814,76"
ABG,20.04.2026,"61,319,711",158,"7568367436,84"
ABJ,20.04.2026,"923,735",3,"1235349762,81"
ABU,20.04.2026,"93,274",31,"3193683,17"
AC1,20.04.2026,"2,838,452",163,"282916243,24"
AC2,20.04.2026,"3,599,045",48,"8921019041,49"
AC3,20.04.2026,"66,311,602",14,"138628515,08"
AC4,20.04.2026,"3,484,118",3614,"1953008580,31"
AC5,20.04.2026,"3,398,753",185,"52303800,30"
AC6,20.04.2026,"5,567,342",107,"75961983,72"
AC7,20.04.2026,"11,242,261",46,"6075148861,50"
AC8,20.04.2026,"193,317,069",98,"2385417990,95"
ACC,20.04.2026,"45,114,861",1451,"194494949,91"
ACD,20.04.2026,"5,688,224",1569,"329431561,59"
ACN,20.04.2026,"11,699,678",16,"630692079,81"
ACU,20.04.2026,"52,381,347",156,"1337432516,29"
ADE,20.04.2026,"877,846",27167,"1070000577,39"
ADP,20.04.2026,"1,421,437",22577,"4478842469,56"
AED,20.04.2026,"110,812,509",817,"43650964,54"
AES,20.04.2026,"150,215",37000,"1755911889,38"
AEV,20.04.2026,"1,942,705",397,"11009249,58"
AFA,20.04.2026,"1,085,026",45949,"5324049330,19"
AFO,20.04.2026,"1,365,802",87946,"23879824794,27"
AFS,20.04.2026,"30,555",27012,"779934072,51"
AFT,20.04.2026,"904,217",143561,"25498953835,77"
AFV,20.04.2026,"543,018",15754,"1203521159,77"
AGC,20.04.2026,"8,605,629",2495,"99189690,61"
AHH,20.04.2026,"9,484,905",15,"202698200,57"
AHI,20.04.2026,"3,876,792",2677,"151016439,10"
AHN,20.04.2026,"6,652,036",101,"28834779,84"
AHU,20.04.2026,"10,076,689",609,"212489946,31"
AHV,20.04.2026,"19,715,171",150,"116929770,30"
AHZ,20.04.2026,"26,909,973",12,"630685814,43"
AI1,20.04.2026,"1,098,623",19,"64728805,71"
AIH,20.04.2026,"18,840,287",4,"181691091,53"
AII,20.04.2026,"88,940,312",3,"363854818,21"
AIM,20.04.2026,"25,766,816",1,"24196818,52"
AIR,20.04.2026,"152,791,461",1,"1337857156,13"
AIS,20.04.2026,"9,426",12388,"12052357836,96"
AJ1,20.04.2026,"1,194,803",109,"32523070,53"
AJE,20.04.2026,"58,370,243",1025,"4413681539,93"
AJK,20.04.2026,"59,794,816",131,"134592749,84"
AJL,20.04.2026,"59,382,854",1492,"5392784439,36"
AJN,20.04.2026,"57,703,513",359,"566590274,43"
AK2,20.04.2026,"514,804",9495,"220385622,53"
AK3,20.04.2026,"53,671,968",20905,"9049377349,94"
AKE,20.04.2026,"490,534",13928,"1050607397,75"
AKU,20.04.2026,"962,597",17084,"1587032778,51"
AL4,20.04.2026,"351,165",12,"1118622234,78"
AL5,20.04.2026,"5,010,855",2464,"14974660196,38"
AL6,20.04.2026,"3,433,993",12,"4898910246,12"
AL7,20.04.2026,"3,319,714",110,"6544965884,54"
ALC,20.04.2026,"37,154",26677,"2058459274,16"
ALE,20.04.2026,"11,868,667",133912,"64366284165,86"
AN1,20.04.2026,"96,913,775",2575,"1411415324,12"
ANL,20.04.2026,"3,290,763",4146,"555866438,58"
ANZ,20.04.2026,"20,338,036",182,"267044805,20"
AOJ,20.04.2026,"1,572,137",248,"22226118,32"
AOY,20.04.2026,"347,899",36606,"984263873,99"
AP2,20.04.2026,"3,575,224",36,"1030023552,65"
AP4,20.04.2026,"984,491",11,"245353205,66"
AP5,20.04.2026,"1,078,097",12,"1106765,97"
AP6,20.04.2026,"8,908,758",46,"1074385477,88"
AP7,20.04.2026,"2,291,866",552,"178145077,66"
APJ,20.04.2026,"7,132,421",3193,"105918315,40"
APP,20.04.2026,"32,927,169",2,"211244320,41"
APT,20.04.2026,"149,171",13596,"325220026,74"
ARE,20.04.2026,"219,433",1671,"37033894,65"
ARF,20.04.2026,"7,871,183",1,"711160575,64"
ARL,20.04.2026,"15,002,995",7895,"4204391929,35"
ARM,20.04.2026,"17,931,285",5646,"3366386887,42"
ARP,20.04.2026,"42,980,383",1,"3247769494,96"
AS1,20.04.2026,"44,737,328",41,"6578445,14"
AS3,20.04.2026,"763,622",16,"172462637,79"
ASJ,20.04.2026,"3,957,573",854,"74580298,85"
ATJ,20.04.2026,"22,825,191",11,"1092667815,27"
AU1,20.04.2026,"1,204,681",626,"59797608,99"
AUT,20.04.2026,"9,091,808",158,"2799758,78"
AUV,20.04.2026,"46,474",614,"786941414,51"
AVC,20.04.2026,"148,580,932",12,"250469563,85"
AVT,20.04.2026,"199,390,283",19508,"3238612218,55"
AVZ,20.04.2026,"95,852,491",1,"220697484,98"
AY6,20.04.2026,"1,326,858",11,"103842823,17"
AY7,20.04.2026,"1,473,498",12,"208844829,95"
AYA,20.04.2026,"19,368,186",10457,"1258052009,41"
AYR,20.04.2026,"123,143",13242,"1603191966,65"
AZF,20.04.2026,"162,204",4,"539353829,07"
AZJ,20.04.2026,"18,055,339",43,"660547248,24"
AZV,20.04.2026,"24,942,024",4,"4196415996,14"
AZZ,20.04.2026,"58,668,672",7,"26841386415,61"
BA1,20.04.2026,"1,376,881",25,"276252990,10"
BAC,20.04.2026,"8,178,049",11,"6171960979,82"
BAG,20.04.2026,"892,615",54,"45610187,52"
BAL,20.04.2026,"46,280,901",1,"1016989943,06"
BAO,20.04.2026,"3,312,272",4,"154115115,72"
BAS,20.04.2026,"50,018,627",1,"1431072119,47"
BBF,20.04.2026,"3,172,845",1147,"180349692,48"
BBI,20.04.2026,"132,662",12,"44441811,81"
BBN,20.04.2026,"679,852",13,"1564040727,70"
BBO,20.04.2026,"2,041,545",13,"676646584,78"
BBP,20.04.2026,"2,052,446",793,"35483418,09"
BBS,20.04.2026,"1,375,996",792,"1626451137,12"
BCC,20.04.2026,"63,180,536",2,"2541332360,05"
BCK,20.04.2026,"1,774,286",1767,"93199518,67"
BCO,20.04.2026,"1,734,842",453,"47192600,06"
BDA,20.04.2026,"53,292,294",432,"1156020763,67"
BDC,20.04.2026,"9,010,864",40,"394368350,54"
BDI,20.04.2026,"547,593",75,"446505250,45"
BDO,20.04.2026,"2,839,116",11,"4764885758,82"
BDS,20.04.2026,"2,389,215",12941,"537614632,03"
BDY,20.04.2026,"160,724",2484,"104289934,09"
BFE,20.04.2026,"1,777,764",60,"9365235,71"
BFO,20.04.2026,"4,968,255",1,"3500121028,65"
BFS,20.04.2026,"1,043,363",34,"6092899,68"
BFT,20.04.2026,"1,258,454",553,"205306085,12"
BGH,20.04.2026,"216,713",1,"1018614886,81"
BGP,20.04.2026,"5,729,811",31242,"58140276405,02"
BHA,20.04.2026,"1,589,106",918,"109311235,82"
BHE,20.04.2026,"1,938,858",83,"41091836,75"
BHF,20.04.2026,"303,831",2583,"372505359,80"
BHH,20.04.2026,"56,616",75,"1004927691,80"
BHI,20.04.2026,"2,058,022",354,"663089533,59"
BHL,20.04.2026,"1,222,931",780,"60277987,91"
BHO,20.04.2026,"1,112,899",1,"1036458897,44"
BI5,20.04.2026,"2,325,963",12,"869855433,26"
BIA,20.04.2026,"25,854",12,"661912,10"
BID,20.04.2026,"3,480,093",2262,"307286976,42"
BIG,20.04.2026,"1,407,684",3796,"593421191,68"
BIH,20.04.2026,"7,512,883",409,"749384264,78"
BIK,20.04.2026,"147,113",14,"3417461948,02"
BIO,20.04.2026,"2,556,016",12161,"1155625708,51"
BIP,20.04.2026,"1,432,613",193,"5222780912,86"
BIS,20.04.2026,"161,472",76,"1057663085,60"
BIY,20.04.2026,"1,296,045",299,"79116735,46"
BJD,20.04.2026,"49,280,415",78,"2648314421,05"
BKO,20.04.2026,"1,124,092",1,"3032132516,29"
BKY,20.04.2026,"45,737,477",558,"2106927662,99"
BLA,20.04.2026,"8,336,895",15,"7790329929,81"
BLD,20.04.2026,"1,464,062",735,"466776210,70"
BLT,20.04.2026,"1,794,847",3165,"401476075,83"
BMU,20.04.2026,"1,271,011",12,"1057525656,77"
BNC,20.04.2026,"2,003,037",257,"717344592,57"
BNH,20.04.2026,"1,377,328",204,"142114778,83"
BOH,20.04.2026,"1,019,625",11,"255487024,83"
BOL,20.04.2026,"1,561,849",255,"46863045,89"
BON,20.04.2026,"1,251,388",349,"29755227,21"
BOP,20.04.2026,"45,715,053",9,"1120212042,62"
BOS,20.04.2026,"1,462,558",1430,"2453393605,51"
BP5,20.04.2026,"1,552,405",15,"414234658,69"
BPD,20.04.2026,"49,198,602",11,"135218863,83"
BPZ,20.04.2026,"1,373,768",434,"330518406,52"
BRB,20.04.2026,"1,391,848",11,"918398270,96"
BRC,20.04.2026,"1,206,005",38,"126275721,15"
BRF,20.04.2026,"1,487,219",1065,"105523219,13"
BRG,20.04.2026,"4,491,703",1623,"1813724537,73"
BRH,20.04.2026,"5,340,217",15,"4305393533,91"
BRR,20.04.2026,"1,455,584",263,"291861853,21"
BRT,20.04.2026,"1,272,686",500,"36685866,00"
BRZ,20.04.2026,"50,932,351",5,"1595080416,56"
BS1,20.04.2026,"1,138,092",134,"7223066,27"
BSA,20.04.2026,"426,126",1,"869094165,49"
BSD,20.04.2026,"1,101,877",82,"268786870,07"
BSE,20.04.2026,"910,043",67,"636766748,83"
BSF,20.04.2026,"1,402,053",1,"7926512056,38"
BSH,20.04.2026,"1,150,138",166,"9166607,59"
BSM,20.04.2026,"1,443,454",1786,"1370744923,28"
BSN,20.04.2026,"1,418,195",12,"11150893,45"
BST,20.04.2026,"10,230,038",706,"61933583,04"
BTE,20.04.2026,"4,007,143",953,"210659704,75"
BTJ,20.04.2026,"1,234,761",82,"28258261,92"
BTK,20.04.2026,"1,285,517",284,"81418078,46"
BTP,20.04.2026,"50,642",15,"5250203,98"
BTY,20.04.2026,"54,589,235",3,"771782608,67"
BTZ,20.04.2026,"1,278,909",204,"8482847,73"
BUB,20.04.2026,"1,040,674",36,"3310337,35"
BUC,20.04.2026,"987,382",23,"242027486,84"
BUP,20.04.2026,"3,720,652",1,"12481959195,11"
BUT,20.04.2026,"1,766,622",4,"209799286,31"
BUV,20.04.2026,"1,404,994",481,"66986592,62"
BUY,20.04.2026,"1,862,171",18302,"422292619,05"
BV1,20.04.2026,"1,572,056",825,"156328289,46"
BVB,20.04.2026,"4,027,193",1,"4329244393,14"
BVC,20.04.2026,"3,823,997",1,"6200007474,03"
BVD,20.04.2026,"1,193,014",362,"218103851,03"
BVF,20.04.2026,"1,234,773",542,"941155916,60"
BVH,20.04.2026,"1,701,753",14,"109706602,96"
BVI,20.04.2026,"3,077,206",31,"326445246,99"
BVK,20.04.2026,"1,018,767",32,"2210105,88"
BVM,20.04.2026,"1,304,528",164,"11426398,08"
BVT,20.04.2026,"5,106,173",10,"19222172,88"
BVV,20.04.2026,"2,747,124",507,"98045890,67"
BVZ,20.04.2026,"393,462",763,"2259186946,40"
BYZ,20.04.2026,"2,220,863",42,"182452360,50"
CAH,20.04.2026,"138,903",362,"55564705,97"
CBD,20.04.2026,"3,163,426",15,"301763993,15"
CBN,20.04.2026,"48,663,664",6,"625720208,84"
CBO,20.04.2026,"297,515,542",3,"2152600511,92"
CEY,20.04.2026,"61,705,269",3,"204518103,40"
CFO,20.04.2026,"2,206,302",506,"2636109544,00"
CGD,20.04.2026,"53,944,754",2,"597143291,04"
CHY,20.04.2026,"650,177",42,"232960645,64"
CIN,20.04.2026,"1,606,596",523,"37570819,90"
CJD,20.04.2026,"47,534,173",30,"49036871,08"
CJF,20.04.2026,"60,656,636",3,"1840591901,48"
CJG,20.04.2026,"61,186,412",1,"1853564889,99"
CJH,20.04.2026,"58,358,936",1813,"3222597322,97"
CKF,20.04.2026,"1,848,427",1600,"512102224,00"
CKL,20.04.2026,"1,405,266",810,"349063544,23"
CKS,20.04.2026,"56,674,269",2435,"5936912925,36"
COT,20.04.2026,"5,597,836",200,"517856480,34"
CPT,20.04.2026,"3,185,621",8002,"433453553,13"
CPU,20.04.2026,"3,025,435",12527,"860028587,62"
CRL,20.04.2026,"45,311,663",3,"974200758,23"
CSD,20.04.2026,"59,907,648",1,"624282562,09"
CSH,20.04.2026,"3,293,251",56,"4631778021,52"
CTF,20.04.2026,"8,650,886",1,"323297063,96"
CTG,20.04.2026,"707,167",1,"15319386,67"
CTM,20.04.2026,"5,933,258",1,"15321879,60"
CTP,20.04.2026,"57,972,571",1,"524760179,61"
CTV,20.04.2026,"1,009,676",4,"191240431,62"
CVA,20.04.2026,"3,682,192",1,"8509441886,57"
CVB,20.04.2026,"3,789,876",5,"1793050432,56"
CVC,20.04.2026,"2,593,079",2,"651189054,19"
CVD,20.04.2026,"59,086,997",2,"1009477244,59"
CVE,20.04.2026,"245,531",1,"270138754,87"
CVF,20.04.2026,"4,159,567",1,"860128268,59"
CVK,20.04.2026,"4,644,351",2089,"643658253,64"
CVL,20.04.2026,"1,238,283",88,"28536273,44"
CYD,20.04.2026,"544,395",383,"1296041071,64"
DA1,20.04.2026,"46,069,165",46,"30841601,42"
DAC,20.04.2026,"67,552,845",1,"519804282,59"
DAE,20.04.2026,"3,428,133",1,"1722947636,38"
DAH,20.04.2026,"3,851,662",2910,"785094359,39"
DAI,20.04.2026,"89,167,627",4,"341558465,93"
DAL,20.04.2026,"67,333,689",1,"584130658,81"
DAS,20.04.2026,"50,868,944",26754,"131494494169,45"
DAT,20.04.2026,"90,160,917",6,"403720031,71"
DAV,20.04.2026,"54,612,797",133,"1033697746,23"
DAZ,20.04.2026,"12,118,727",4,"320596675,09"
DB2,20.04.2026,"1,837,493",18,"121575011,71"
DBA,20.04.2026,"761,213",27598,"11657753803,30"
DBB,20.04.2026,"102,857",1954,"329950390,16"
DBG,20.04.2026,"570,257",3,"2345999408,45"
DBH,20.04.2026,"353,308",9235,"1011464505,14"
DBK,20.04.2026,"10,667",86062,"634728791,21"
DBP,20.04.2026,"457,626",1105,"160131961,39"
DBZ,20.04.2026,"123,691",3096,"787749968,92"
DCB,20.04.2026,"4,173,616",22638,"131004967791,38"
DCD,20.04.2026,"61,782,777",1,"265376425,60"
DCE,20.04.2026,"67,831,113",3,"1180220594,75"
DCN,20.04.2026,"1,265,257",1098,"150689634,98"
DCP,20.04.2026,"69,462,686",3,"247598494,48"
DDA,20.04.2026,"14,362,879",1248,"273840645,33"
DDC,20.04.2026,"9,868,379",11,"3310452793,53"
DDE,20.04.2026,"70,882,725",1,"390923402,12"
DDF,20.04.2026,"1,076,891",545,"254247074,40"
DDP,20.04.2026,"69,048,564",1,"72227698,19"
DEF,20.04.2026,"2,564,126",95,"68750463,55"
DEI,20.04.2026,"34,759",13,"3129018,97"
DFC,20.04.2026,"3,119,443",1691,"126476977,26"
DFD,20.04.2026,"2,531,292",546,"161875684,20"
DFI,20.04.2026,"3,707,212",39313,"17770388144,46"
DFO,20.04.2026,"3,453,145",2,"1021321511,52"
DGF,20.04.2026,"1,291,915",229,"27306852,34"
DGH,20.04.2026,"9,411,037",239,"1149411724,35"
DHI,20.04.2026,"6,021,972",46,"904628801,38"
DHJ,20.04.2026,"7,053,368",3011,"228133272,01"
DHM,20.04.2026,"5,177,298",1290,"31060350,18"
DHP,20.04.2026,"405,056",1,"7645404,16"
DHS,20.04.2026,"321,292,757",1,"4242779453,81"
DHT,20.04.2026,"1,102,399",565,"84583745,26"
DHV,20.04.2026,"2,038,476",11,"311598058,18"
DID,20.04.2026,"1,401,507",165,"36466254,65"
DIH,20.04.2026,"1,868,941",11,"140278233,82"
DIM,20.04.2026,"4,876,261",1,"111544859,95"
DIP,20.04.2026,"1,379,038",1240,"49183001783,28"
DK1,20.04.2026,"131,126",69,"4212563283,28"
DK8,20.04.2026,"44,903,069",315,"1740642938,98"
DKA,20.04.2026,"44,827,106",239,"2285233462,27"
DKC,20.04.2026,"691,022",13,"216639,67"
DKH,20.04.2026,"3,597,756",1540,"211955787,37"
DKL,20.04.2026,"46,998,939",102,"406745974,11"
DKP,20.04.2026,"44,807,936",649,"3951611860,01"
DKR,20.04.2026,"751,932",514,"120895692,79"
DKS,20.04.2026,"67,102,887",2,"215261365,26"
DKY,20.04.2026,"44,745,472",231,"2542638536,15"
DL2,20.04.2026,"2,176,954",738,"12648913212,22"
DLD,20.04.2026,"7,491,458",619,"82532863,65"
DLG,20.04.2026,"1,179,807",42,"4376923,46"
DLN,20.04.2026,"1,888,699",12,"30259774,79"
DLY,20.04.2026,"5,339,844",314465,"66359387526,08"
DLZ,20.04.2026,"1,469,138",13,"181324,01"
DMG,20.04.2026,"7,935,714",16763,"4007408427,94"
DMR,20.04.2026,"53,770,881",1,"15941406505,62"
DMV,20.04.2026,"65,484,829",2,"314744055,71"
DMZ,20.04.2026,"59,495,627",5,"593510287,81"
DNA,20.04.2026,"8,691,984",5,"1729908534,31"
DNF,20.04.2026,"1,184,941",98,"23697091,40"
DNH,20.04.2026,"1,181,472",79,"19092338,58"
DNK,20.04.2026,"1,732,266",212,"21442108,30"
DNL,20.04.2026,"51,583,742",1,"205546048,09"
DNM,20.04.2026,"48,584,493",1236,"1804560504,51"
DNP,20.04.2026,"1,259,214",230,"1230442602,41"
DNU,20.04.2026,"44,596,808",16,"36668164,68"
DOC,20.04.2026,"44,913,519",178,"4599095413,73"
DOD,20.04.2026,"63,766,274",11,"8421930856,69"
DOH,20.04.2026,"2,186,706",4554,"922077790,73"
DOL,20.04.2026,"48,679,109",381,"3364309071,61"
DOR,20.04.2026,"66,262,327",1,"477269315,73"
DOS,20.04.2026,"64,967,443",2,"3062001748,79"
DOV,20.04.2026,"57,020,812",17767,"70818112624,52"
DP1,20.04.2026,"18,078,691",7,"5144776562,69"
DP2,20.04.2026,"62,235,291",11,"335927304,86"
DP3,20.04.2026,"65,051,098",4,"232110710,41"
DP4,20.04.2026,"67,745,763",3,"508058737,80"
DP5,20.04.2026,"79,297,082",1,"1717326922,08"
DP6,20.04.2026,"4,452,148",215,"1797390500,45"
DP7,20.04.2026,"56,434,294",3,"508009207,76"
DP8,20.04.2026,"45,046,493",50,"374475053,65"
DP9,20.04.2026,"44,903,594",155,"5675322388,25"
DPB,20.04.2026,"22,733,233",3853,"20814610294,07"
DPC,20.04.2026,"92,026,484",1,"316973722,39"
DPE,20.04.2026,"21,068,533",1,"1379076231,59"
DPG,20.04.2026,"93,551,139",2,"536440288,07"
DPI,20.04.2026,"7,883,671",108,"261681947,08"
DPK,20.04.2026,"7,651,247",1315,"830948427,48"
DPL,20.04.2026,"95,808,825",1,"2476809884,38"
DPN,20.04.2026,"56,197,832",1,"2205202,91"
DPP,20.04.2026,"160,816,164",2,"217090886,42"
DPT,20.04.2026,"17,605,852",5516,"354473101,38"
DPZ,20.04.2026,"76,118,776",1,"114758340,85"
DRA,20.04.2026,"1,264,509",16,"51259117,52"
DRD,20.04.2026,"52,976,828",153,"1660637448,80"
DRH,20.04.2026,"1,038,123",70,"143934565,52"
DRS,20.04.2026,"70,124,704",3,"232972148,11"
DRT,20.04.2026,"1,082,142",330,"18233845,42"
DSC,20.04.2026,"62,174,635",1,"923921785,60"
DSD,20.04.2026,"67,893,431",1671,"5817854123,42"
DSH,20.04.2026,"2,003,539",102,"24301993,37"
DSP,20.04.2026,"13,609,397",1098,"142101798,43"
DSV,20.04.2026,"45,804,938",49,"868264251,24"
DTH,20.04.2026,"1,228,262",123,"171260078,16"
DTL,20.04.2026,"3,905,998",3806,"171789647,77"
DTM,20.04.2026,"1,383,722",3156,"68232043,14"
DTO,20.04.2026,"44,721,501",161,"111471694,49"
DTP,20.04.2026,"1,827,878",4,"1656002472,02"
DTV,20.04.2026,"63,453,203",4,"3827888560,82"
DTZ,20.04.2026,"4,485,526",6149,"340368622,03"
DUC,20.04.2026,"670,691",12,"232301,22"
DUD,20.04.2026,"48,822,656",262,"327175704,27"
DUH,20.04.2026,"1,238,318",79,"5301307,79"
DUT,20.04.2026,"44,942,172",262,"830176379,21"
DUV,20.04.2026,"1,234,213",217,"73239528,48"
DVC,20.04.2026,"63,457,406",1,"52352360,07"
DVI,20.04.2026,"72,480,272",2,"182860404,91"
DVN,20.04.2026,"60,474,176",1,"289643362,59"
DVO,20.04.2026,"4,695,352",1,"30085877,84"
DVS,20.04.2026,"1,380,825",314,"249341982,73"
DVT,20.04.2026,"7,924,901",10770,"702471053,66"
DVU,20.04.2026,"7,656,378",5,"1378336433,00"
DVZ,20.04.2026,"61,662,697",1,"1295629216,70"
DXP,20.04.2026,"1,842,858",1192,"54662606,88"
DYJ,20.04.2026,"44,861,318",156,"1057268881,27"
DYN,20.04.2026,"4,256,451",1666,"56627450,52"
DYS,20.04.2026,"1,477,868",13,"17159220,38"
DZ2,20.04.2026,"1,454,406",2,"12574620264,78"
DZE,20.04.2026,"1,025,279",3042,"262163207,70"
DZM,20.04.2026,"80,720,625",4846,"19861597906,05"
DZP,20.04.2026,"561,047",2,"441413263,30"
DZS,20.04.2026,"140,049",156,"61863351,23"
EBD,20.04.2026,"223,172",388,"39655428,01"
EBI,20.04.2026,"53,555,994",29,"588843011,32"
EBS,20.04.2026,"45,377,267",29,"3166814306,34"
EC2,20.04.2026,"88,780,569",2634,"92272379,73"
ECA,20.04.2026,"1,701,636",380,"109560665,53"
ECB,20.04.2026,"47,000,923",3206,"842199764,89"
ECV,20.04.2026,"432,684",2414,"96718841,49"
EDD,20.04.2026,"1,051,029",13,"10595835,83"
EDP,20.04.2026,"1,019,583",24,"51850564,13"
EDT,20.04.2026,"1,981,682",612,"951583237,72"
EDU,20.04.2026,"3,264,403",663,"437144677,80"
EES,20.04.2026,"54,955,867",1,"459509474,30"
EGP,20.04.2026,"53,707,052",50,"245663682,32"
EHS,20.04.2026,"2,822,612",3,"665964109,22"
EIB,20.04.2026,"578,335",450,"280707969,77"
EID,20.04.2026,"1,907,407",2219,"124731754,71"
EIL,20.04.2026,"4,613,147",1941,"1370615644,46"
EJG,20.04.2026,"9,601,729",1,"656942680,24"
EKF,20.04.2026,"123,978",5411,"1897442509,89"
EKL,20.04.2026,"1,605,228",1436,"22821600582,11"
ELZ,20.04.2026,"13,871,291",788,"570125209,58"
EME,20.04.2026,"125,307",26,"43301621,82"
EML,20.04.2026,"1,174,532",753,"43119257,18"
ENA,20.04.2026,"1,055,933",16,"10648109,59"
ENJ,20.04.2026,"1,352,219",735,"39402088,96"
ENO,20.04.2026,"44,804,847",8,"44843916,56"
ENR,20.04.2026,"1,056,184",37,"12839528,45"
ENS,20.04.2026,"1,068,873",10,"10725972,73"
EPA,20.04.2026,"1,208,491",83,"434639790,86"
EPI,20.04.2026,"1,179,841",186,"279092770,42"
EPK,20.04.2026,"1,510,903",2123,"299838823,65"
EPO,20.04.2026,"57,434,649",1,"424441770,50"
EPP,20.04.2026,"1,292,387",40,"1653128668,22"
EPT,20.04.2026,"1,170,627",53,"904074220,49"
ESG,20.04.2026,"4,298,512",83,"120032105,92"
ESN,20.04.2026,"1,636,039",12,"65078341,26"
ESP,20.04.2026,"519,645",278,"43153350,90"
EUN,20.04.2026,"60,010,185",3598,"6421482177,37"
EUZ,20.04.2026,"59,163,864",39864,"137955906275,94"
EVM,20.04.2026,"1,079,766",583,"44207279,19"
EYT,20.04.2026,"2,820,902",632,"94219104,79"
EZM,20.04.2026,"41,957,776",1,"4195777,55"
FAK,20.04.2026,"142,875",462,"36956406,28"
FAL,20.04.2026,"129,352",964,"368180225,88"
FBC,20.04.2026,"2,279,906",5894,"194981104,22"
FBI,20.04.2026,"48,961,719",5413,"19289225703,88"
FBN,20.04.2026,"1,045,426",15,"55042891,36"
FBV,20.04.2026,"7,310,615",2338,"741397574,35"
FBZ,20.04.2026,"4,010,973",377,"192527303,70"
FCK,20.04.2026,"1,968,533",858,"347442775,47"
FCS,20.04.2026,"2,028,175",177,"1492833209,87"
FD1,20.04.2026,"1,826,164",177,"30834765,50"
FDE,20.04.2026,"44,745,094",901,"4178744303,83"
FDG,20.04.2026,"2,651,691",1527,"315845790,85"
FDO,20.04.2026,"57,028,456",1,"270164496,54"
FDV,20.04.2026,"5,240,323",1,"1310080635,21"
FDY,20.04.2026,"44,868,397",894,"3875285600,11"
FDZ,20.04.2026,"302,221",12,"229427219,83"
FFD,20.04.2026,"44,914",299,"192210066,42"
FFF,20.04.2026,"62,302,907",1,"1048079943,41"
FFH,20.04.2026,"7,911,241",1942,"1195663668,51"
FFO,20.04.2026,"57,867,254",7,"104268342,74"
FFP,20.04.2026,"7,381,623",2847,"2578326822,30"
FHI,20.04.2026,"1,516,696",11,"237714329,26"
FHP,20.04.2026,"2,975,585",47,"11020879027,00"
FHZ,20.04.2026,"62,714,619",3,"726894232,34"
FI3,20.04.2026,"734,056,302",9878,"1839933870,13"
FI5,20.04.2026,"65,175,804",52024,"93148698581,76"
FIB,20.04.2026,"52,098",13745,"6356384838,87"
FID,20.04.2026,"1,016,501",1818,"982839596,71"
FIL,20.04.2026,"326,436",19162,"12590671418,99"
FIT,20.04.2026,"219,607",609,"220793692,49"
FJB,20.04.2026,"6,247,694",825,"389176649,66"
FJC,20.04.2026,"55,286,981",88,"1257003813,21"
FJM,20.04.2026,"5,334,487",1745,"8625428691,83"
FJN,20.04.2026,"53,144,204",1356,"5454338305,80"
FJZ,20.04.2026,"61,524,078",889,"1728978862,31"
FKE,20.04.2026,"55,946,967",12705,"49171607851,36"
FKH,20.04.2026,"45,279,999",2137,"12500449248,96"
FKV,20.04.2026,"44,910,933",490,"2219947442,58"
FLS,20.04.2026,"58,158,206",2036,"3036184145,73"
FLY,20.04.2026,"1,724,932",1657,"134629497,62"
FMG,20.04.2026,"3,931,611",13027,"15650277329,94"
FMS,20.04.2026,"53,507,886",1,"627204565,01"
FMV,20.04.2026,"124,911",24,"137339052,96"
FNE,20.04.2026,"2,725,779",1,"1062617,54"
FNN,20.04.2026,"0,00",1,"0,00"
FNO,20.04.2026,"19,138",8730,"16237262653,10"
FNT,20.04.2026,"2,019,364",2167,"592757536,15"
FP4,20.04.2026,"1,274,342",123,"46829047,95"
FPE,20.04.2026,"70,955,636",1436,"323621062,49"
FPG,20.04.2026,"2,589,947",2595,"1355909404,04"
FPH,20.04.2026,"34,585,318",4865,"1561008391,67"
FPI,20.04.2026,"2,325,131",180,"112391883,37"
FPK,20.04.2026,"8,718",1204,"279374704,72"
FPR,20.04.2026,"11,512,753",21,"178258088,03"
FPZ,20.04.2026,"63,814,775",19445,"131919505395,29"
FR1,20.04.2026,"1,442,602",21,"549121007,13"
FRA,20.04.2026,"33,251,841",2,"543541970,38"
FRC,20.04.2026,"1,711,208",428,"96435429,86"
FRZ,20.04.2026,"15,879,037",2,"284244965,71"
FS1,20.04.2026,"1,687,925",297,"206930468,96"
FS2,20.04.2026,"2,016,597",28,"15859403,51"
FS3,20.04.2026,"2,051,921",22,"1744712059,81"
FS4,20.04.2026,"9,983,939",21,"5125523840,83"
FS5,20.04.2026,"2,500,385",9,"21984038,22"
FS6,20.04.2026,"1,594,179",418,"129692877,67"
FSF,20.04.2026,"606,078",7325,"10888418771,48"
FSG,20.04.2026,"3,814,922",856,"1071721208,32"
FSH,20.04.2026,"3,997,335",468,"329006185,24"
FSK,20.04.2026,"5,379,502",2627,"6996583284,61"
FSM,20.04.2026,"7,234,574",21,"970869158,60"
FSP,20.04.2026,"37,100,699",24,"515180,30"
FSR,20.04.2026,"4,486,122",2542,"6770434582,07"
FSU,20.04.2026,"1,353,202",7009,"917962678,35"
FSV,20.04.2026,"52,838,069",877,"5376273552,50"
FTL,20.04.2026,"1,345,071",220,"336697938,04"
FTM,20.04.2026,"52,000,751",14,"1687106070,04"
FTY,20.04.2026,"44,713,489",1253,"7479225311,45"
FUA,20.04.2026,"5,398,414",5070,"341587794,07"
FUB,20.04.2026,"710,568",2276,"1434387883,33"
FUM,20.04.2026,"58,531,084",2,"420898894,85"
FUN,20.04.2026,"1,469,419",11,"18030627,07"
FUP,20.04.2026,"102,474,148",2,"449622949,52"
FVL,20.04.2026,"4,339,198",55,"1429691070,53"
FYA,20.04.2026,"54,792",157,"1814431251,82"
FYB,20.04.2026,"93,407,605",9,"190728520,75"
FYD,20.04.2026,"12,343,508",5919,"3949105601,24"
FYF,20.04.2026,"100,195",11,"35139123,37"
FYG,20.04.2026,"15,493,851",2,"89124443,70"
FYH,20.04.2026,"829,513",29,"986164450,61"
FYI,20.04.2026,"9,340,386",191,"41546427,73"
FYM,20.04.2026,"409,046",15,"320566324,77"
FYO,20.04.2026,"104,306",1294,"971912429,14"
FYT,20.04.2026,"323,889",99233,"3050735874,52"
FYZ,20.04.2026,"6,337,677",2,"275160903,31"
FZJ,20.04.2026,"5,237,734",2348,"1263772754,76"
FZP,20.04.2026,"6,010,673",657,"1043731632,38"
GA1,20.04.2026,"1,805,192",1574,"399979113,54"
GAC,20.04.2026,"7,089,085",1,"391861723,13"
GAE,20.04.2026,"465,497",14988,"1598564669,77"
GAF,20.04.2026,"1,780,993",1792,"221741669,01"
GAG,20.04.2026,"16,686,333",227,"827357748,84"
GAH,20.04.2026,"11,582,867",3086,"440013850,19"
GAJ,20.04.2026,"59,108,281",1,"469028226,97"
GAL,20.04.2026,"361,349,093",57148,"61517090769,93"
GAN,20.04.2026,"9,493,184",11,"25565714,18"
GAS,20.04.2026,"294,813",2324,"3319070115,08"
GAU,20.04.2026,"61,089,226",5,"1978089168,41"
GAV,20.04.2026,"57,726,163",1,"227498807,92"
GBC,20.04.2026,"276,039",1624,"291805698,98"
GBG,20.04.2026,"498,768",3312,"157657671,63"
GBH,20.04.2026,"4,301,439",2711,"2270118858,76"
GBJ,20.04.2026,"1,630,306",2149,"704342214,62"
GBL,20.04.2026,"764,431",1763,"3338705616,07"
GBN,20.04.2026,"6,040,365",474,"5627073274,36"
GBP,20.04.2026,"67,004,216",2,"3674884412,15"
GBV,20.04.2026,"11,338,264",22999,"2382776840,26"
GBZ,20.04.2026,"3,403,085",3537,"1584015269,00"
GCA,20.04.2026,"67,302,278",2,"779602466,41"
GCC,20.04.2026,"5,553,063",2,"1233115241,76"
GCD,20.04.2026,"3,402,833",13,"443654331,76"
GCI,20.04.2026,"59,821,297",3,"204941542,71"
GCZ,20.04.2026,"57,247,666",1,"11146979,33"
GDJ,20.04.2026,"56,827,628",4,"460384934,96"
GDP,20.04.2026,"61,671,776",1,"1433008469,28"
GEC,20.04.2026,"71,083,453",3,"398890769,28"
GEI,20.04.2026,"116,759,947",11,"4316379146,37"
GEZ,20.04.2026,"5,610,402",1,"372219653,92"
GFB,20.04.2026,"65,019,931",4,"397015402,98"
GFD,20.04.2026,"64,823,915",2,"115409776,54"
GFI,20.04.2026,"49,595,659",3,"1603801564,77"
GFL,20.04.2026,"10,515,438",1,"441363721,43"
GFN,20.04.2026,"74,323,051",3,"860173077,64"
GFY,20.04.2026,"64,489,645",3,"395898125,22"
GGA,20.04.2026,"6,235,681",3,"8129441860,74"
GGC,20.04.2026,"5,257,774",5,"184721372,90"
GGD,20.04.2026,"60,963,996",2,"5330109549,78"
GGK,20.04.2026,"14,281,315",13387,"2912379498,97"
GGM,20.04.2026,"742,234",1,"2540599611,18"
GGN,20.04.2026,"63,574,174",4,"442694057,33"
GGP,20.04.2026,"26,322,252",1,"182334,24"
GGR,20.04.2026,"63,075,327",3,"1505413917,49"
GHS,20.04.2026,"41,002,982",14670,"3397997701,63"
GID,20.04.2026,"1,685,697",2298,"56208282,59"
GIE,20.04.2026,"3,757,102",5143,"95540637,76"
GIH,20.04.2026,"243,413",630,"10974562,14"
GJA,20.04.2026,"61,114,111",3,"871692326,58"
GJB,20.04.2026,"10,204,398",1072,"78987330,05"
GJD,20.04.2026,"58,868,167",3,"383143404,20"
GJE,20.04.2026,"59,012,738",2,"136715577,96"
GJF,20.04.2026,"59,741,663",2,"227384474,93"
GJH,20.04.2026,"3,453,142",26446,"137391585791,50"
GJM,20.04.2026,"39,606,592",69,"452140105,64"
GJO,20.04.2026,"55,609,631",1,"543831551,41"
GKE,20.04.2026,"0,00",0,"0,01"
GKF,20.04.2026,"4,855,876",799,"46051721,46"
GKG,20.04.2026,"1,400,125",1312,"46197138,89"
GKH,20.04.2026,"3,942,549",1866,"5465771600,17"
GKK,20.04.2026,"61,070,367",2,"1869828484,78"
GKL,20.04.2026,"15,538,999",4,"874056347,64"
GKM,20.04.2026,"45,042,034",14,"121776543,22"
GKO,20.04.2026,"0,00",0,"0,01"
GKV,20.04.2026,"7,671,136",3449,"394162290,87"
GL1,20.04.2026,"1,468,310,836",1004,"1289812692,89"
GLC,20.04.2026,"4,297,552",73,"16637975,61"
GLG,20.04.2026,"8,410,247",656,"73664842,37"
GLM,20.04.2026,"520,689",11,"262464572,40"
GLP,20.04.2026,"62,736,156",4,"514563265,89"
GLS,20.04.2026,"150,808",1406,"553233284,63"
GLV,20.04.2026,"8,418,786",22,"20338195,81"
GMA,20.04.2026,"1,945,938",1550,"2499750224,06"
GMC,20.04.2026,"9,523,164",25190,"5628203444,10"
GMD,20.04.2026,"255,867",116,"3095791,09"
GME,20.04.2026,"26,491,721",2,"373776436,25"
GMI,20.04.2026,"1,602,848",6329,"573995955,24"
GMM,20.04.2026,"44,771,501",27,"417247781,56"
GMN,20.04.2026,"1,199,264",31,"95394021,89"
GMO,20.04.2026,"311,534",4,"2493676930,49"
GMP,20.04.2026,"58,420,093",1,"1526785768,69"
GMR,20.04.2026,"1,399,416",5149,"213700499,39"
GMV,20.04.2026,"0,00",0,"0,01"
GMZ,20.04.2026,"13,175,306",2,"358665936,12"
GNH,20.04.2026,"1,488,697",197,"7472067,29"
GNK,20.04.2026,"64,143,731",1,"439741965,11"
GNL,20.04.2026,"56,123,873",4,"1669482494,31"
GNP,20.04.2026,"1,297,513",4348,"1129182260,18"
GNS,20.04.2026,"1,545,386",1439,"76245702,11"
GNZ,20.04.2026,"1,408,668",466,"1715802,26"
GO1,20.04.2026,"4,323,713",1101,"159065231,17"
GO2,20.04.2026,"458,894",595,"35470703,65"
GO3,20.04.2026,"4,762,825",601,"47463993,58"
GO4,20.04.2026,"5,164,011",971,"66493056,06"
GO6,20.04.2026,"3,698,169",4289,"4822635304,31"
GO9,20.04.2026,"2,543,871",1807,"414494683,69"
GOF,20.04.2026,"46,516,541",129,"65055988,10"
GOH,20.04.2026,"16,062,541",9016,"677450307,86"
GOL,20.04.2026,"2,886,114",13715,"5448495154,15"
GOP,20.04.2026,"1,062,574",445,"671525005,03"
GP1,20.04.2026,"3,832,397",1,"175209068,95"
GP3,20.04.2026,"58,756,789",284,"373545994,09"
GPA,20.04.2026,"21,615,052",5667,"762180202,49"
GPB,20.04.2026,"11,072,168",9872,"1220879804,08"
GPC,20.04.2026,"66,931,428",3962,"7401190472,72"
GPF,20.04.2026,"823,803",2876,"847202123,61"
GPG,20.04.2026,"14,552,564",2737,"867018914,66"
GPH,20.04.2026,"43,069,793",1,"2525483,45"
GPI,20.04.2026,"16,916,786",3042,"747247212,64"
GPJ,20.04.2026,"53,614,775",2,"878890809,94"
GPL,20.04.2026,"49,140,255",39376,"99474692096,96"
GPM,20.04.2026,"57,887,837",2,"1206213382,73"
GPN,20.04.2026,"121,994",2052,"1945307612,56"
GPT,20.04.2026,"2,356,722",2666,"85761680,69"
GPU,20.04.2026,"19,950,504",2729,"415751082,48"
GPV,20.04.2026,"63,347,436",1,"546704838,91"
GPZ,20.04.2026,"1,725,311",218,"8497917199,68"
GRL,20.04.2026,"17,368",356,"1030236529,45"
GRO,20.04.2026,"50,032,485",27081,"185648415386,84"
GRT,20.04.2026,"1,552,529",1421,"73893821,09"
GSE,20.04.2026,"59,619,876",104,"1445529257,64"
GSG,20.04.2026,"66,120,251",1,"81810322,68"
GSL,20.04.2026,"3,017,125",1,"291885922,39"
GSO,20.04.2026,"13,396,767",5,"306844821,18"
GSP,20.04.2026,"555,203",13905,"2635821961,01"
GSR,20.04.2026,"52,814,631",2,"245226783,04"
GSU,20.04.2026,"0,00",0,"0,01"
GTA,20.04.2026,"1,647,317",81982,"28645357046,91"
GTF,20.04.2026,"13,721,438",576,"205658666,62"
GTH,20.04.2026,"1,334,729",389,"9795971,47"
GTK,20.04.2026,"6,326,169",1,"25491089212,03"
GTL,20.04.2026,"118,397",322135,"137387174482,68"
GTM,20.04.2026,"7,955,405",14396,"1205367770,22"
GTN,20.04.2026,"48,551,778",2,"1360058392,80"
GTY,20.04.2026,"5,849,277",669,"484417171,16"
GTZ,20.04.2026,"13,952,786",71460,"17354965119,85"
GUA,20.04.2026,"5,455,223",1,"1864926721,86"
GUB,20.04.2026,"2,256,648",3380,"1966229590,20"
GUC,20.04.2026,"1,282,762",1,"2832154681,06"
GUH,20.04.2026,"35,781",26372,"2531420333,88"
GUK,20.04.2026,"1,682,764",3433,"1407563507,01"
GUM,20.04.2026,"14,765,114",59205,"8722050320,16"
GUV,20.04.2026,"1,634,011",2122,"671731068,54"
GVA,20.04.2026,"4,146,641",3409,"92645102,22"
GVB,20.04.2026,"63,176,405",3,"3316738498,67"
GVC,20.04.2026,"59,805,071",1,"283432257,24"
GVD,20.04.2026,"19,932,868",1,"440815,38"
GVI,20.04.2026,"5,554,481",5443,"1442844124,26"
GVL,20.04.2026,"61,697,896",3,"485692871,59"
GVZ,20.04.2026,"68,886,932",2,"381175782,90"
GYC,20.04.2026,"3,654,453",1,"15000397062,46"
GYG,20.04.2026,"67,062,632",4,"499487915,60"
GYK,20.04.2026,"101,263",279,"73206036,77"
GYL,20.04.2026,"12,830,089",7750,"1056727035,79"
GYN,20.04.2026,"62,956,165",1,"1297750997,30"
GYR,20.04.2026,"58,443,719",5,"562233834,46"
GZB,20.04.2026,"665,696",1,"1264822440,88"
GZD,20.04.2026,"57,487,474",3,"50399153,61"
GZE,20.04.2026,"7,107,944",5356,"1878116169,06"
GZG,20.04.2026,"5,962,954",1625,"434834143,22"
GZH,20.04.2026,"4,929,184",6141,"388065584,14"
GZJ,20.04.2026,"833,033",6083,"2033834850,29"
GZL,20.04.2026,"5,256,789",6234,"352379604,11"
GZM,20.04.2026,"8,101,319",300,"108420392,23"
GZN,20.04.2026,"44,917,009",1372,"422414776,83"
GZO,20.04.2026,"66,044,633",1,"108624796,41"
GZP,20.04.2026,"7,064,067",9677,"4269889854,30"
GZR,20.04.2026,"1,200,916",2177,"1098619899,15"
GZU,20.04.2026,"63,036,485",2,"430517064,13"
GZV,20.04.2026,"7,893,563",1385,"93382906,46"
GZY,20.04.2026,"7,520,627",2346,"67654125,44"
GZZ,20.04.2026,"6,707,983",1304,"63560175,52"
HAE,20.04.2026,"51,853,793",1064,"2321804355,21"
HAG,20.04.2026,"57,376,335",47,"406542084,03"
HAM,20.04.2026,"320,206",9083,"1886810250,35"
HAR,20.04.2026,"1,048,426",64,"40925158,24"
HAT,20.04.2026,"1,787,584",123,"8923576,76"
HB1,20.04.2026,"46,683,873",334,"21122739058,95"
HB2,20.04.2026,"54,388,351",189,"10807571258,43"
HBF,20.04.2026,"5,246,722",12868,"7348586580,32"
HBJ,20.04.2026,"2,430,988",1,"243098,81"
HBN,20.04.2026,"4,075,222",1132,"537019228,95"
HBU,20.04.2026,"1,482,199",2803,"516038953,95"
HBV,20.04.2026,"15,290,734",18,"879965391,85"
HCV,20.04.2026,"1,064,554",187,"57737975,98"
HDA,20.04.2026,"2,817,737",801,"414917029,88"
HDE,20.04.2026,"54,270,958",4377,"7966762875,49"
HDH,20.04.2026,"8,472,584,183",18,"31422577974,02"
HDJ,20.04.2026,"5,629,844",11,"13959795,69"
HDK,20.04.2026,"2,793,062",154,"12582064,08"
HDS,20.04.2026,"15,280,035",13,"1534396625,77"
HDV,20.04.2026,"61,511,201",2196,"4273696955,94"
HEH,20.04.2026,"2,885,942",1924,"749639896,79"
HFA,20.04.2026,"2,935,104",2,"4149740637,14"
HFI,20.04.2026,"1,645,541",149,"45906326,47"
HFR,20.04.2026,"1,533,849",785,"94351978,08"
HFV,20.04.2026,"59,256,338",3365,"9015176947,35"
HFY,20.04.2026,"1,155,702",30,"981720448,99"
HGC,20.04.2026,"49,152,471",191,"307020390,69"
HGH,20.04.2026,"1,757,223",21,"77995130,69"
HGJ,20.04.2026,"12,966,216",11,"5794977,73"
HGM,20.04.2026,"3,968,545",2008,"149516205,12"
HGR,20.04.2026,"1,178,671",399,"64612426,88"
HGT,20.04.2026,"88,174,096",14,"3611906725,34"
HGU,20.04.2026,"4,390,512",2,"2463158914,85"
HGV,20.04.2026,"5,296,528",565,"59886784,34"
HIA,20.04.2026,"1,370,043",361,"384141685,92"
HIF,20.04.2026,"662,422",12,"976039,29"
HIH,20.04.2026,"1,458,788",6310,"400327505,50"
HII,20.04.2026,"3,076,503",1,"1013299167,36"
HIM,20.04.2026,"3,549,716",302,"411493840,04"
HIP,20.04.2026,"1,900,574",852,"1803611691,15"
HIS,20.04.2026,"3,494,908",12,"1423269,93"
HIZ,20.04.2026,"193,223",1085,"160903313,64"
HJA,20.04.2026,"27,371,544",13,"3175641342,65"
HJB,20.04.2026,"4,394,006",1804,"139215051,54"
HKG,20.04.2026,"1,435,836",993,"38497209,69"
HKH,20.04.2026,"8,673,138",16175,"1825123199,27"
HKJ,20.04.2026,"1,212,746",2771,"12366532703,25"
HKM,20.04.2026,"4,925,207",1500,"153595636,84"
HKP,20.04.2026,"529,539",128,"427389602,93"
HKR,20.04.2026,"4,019,405",1873,"1655538058,55"
HKV,20.04.2026,"521,069,991",37980,"3883689398,88"
HLA,20.04.2026,"2,131,501",11,"47580413,04"
HLL,20.04.2026,"335,151",1040469,"44293153381,72"
HLR,20.04.2026,"23,503,645",14,"5549052412,74"
HMC,20.04.2026,"7,561,422",123,"6907653,99"
HME,20.04.2026,"50,282,729",8255,"24599955070,89"
HMG,20.04.2026,"60,293",4765,"1855318982,70"
HMK,20.04.2026,"304,598,449",112,"292019142,11"
HML,20.04.2026,"45,669,496",45,"20282599,74"
HMS,20.04.2026,"106,956",4544,"451957542,00"
HMT,20.04.2026,"6,773,674",22,"566488185,62"
HMV,20.04.2026,"19,082,602",13,"15600920547,07"
HNC,20.04.2026,"1,368,871",112,"13895287,54"
HNS,20.04.2026,"46,514,698",109,"478943281,29"
HOA,20.04.2026,"215,392",3347,"1355147259,26"
HOY,20.04.2026,"32,771",2616,"1201821229,78"
HP3,20.04.2026,"53,773,481",110,"282749515,52"
HPC,20.04.2026,"12,328,464",7,"35607600940,63"
HPD,20.04.2026,"215,097",1573,"355621324,80"
HPF,20.04.2026,"40,737,357",12,"1757781126,34"
HPH,20.04.2026,"2,097,296",10855,"11497108138,18"
HPI,20.04.2026,"7,686,514",14,"264524303,45"
HPJ,20.04.2026,"3,761,954",1,"73805984,50"
HPL,20.04.2026,"276,993",24,"1256364561,47"
HPO,20.04.2026,"152,414",3026,"1247447005,64"
HPT,20.04.2026,"1,004",10411,"2492865762,45"
HPV,20.04.2026,"6,869,686",342414,"7791643509,44"
HPZ,20.04.2026,"599,276,649",16,"1212336,66"
HRZ,20.04.2026,"2,239,342",5480,"316180369,39"
HSA,20.04.2026,"1,554,503,486",2744,"4156879117,47"
HSL,20.04.2026,"362,386,748",24307,"21174891111,84"
HSP,20.04.2026,"44,963,822",1076,"1934304718,88"
HST,20.04.2026,"927,036",3915,"466493211,84"
HTF,20.04.2026,"1,269,629",517,"4676931699,00"
HTJ,20.04.2026,"1,628,228",143,"8370104,71"
HTS,20.04.2026,"51,336,977",1799,"3110869990,74"
HTZ,20.04.2026,"1,586,107",13,"750583448,68"
HUI,20.04.2026,"891,227",1,"2103265068,98"
HUS,20.04.2026,"3,631",12,"2065788,34"
HVA,20.04.2026,"527,788,534",17,"146015336,93"
HVB,20.04.2026,"1,649,548",13,"1435422924,46"
HVC,20.04.2026,"26,924,158",17,"73441860,76"
HVI,20.04.2026,"129,153",495,"51376362,80"
HVK,20.04.2026,"5,031,871",2167,"1141138600,35"
HVL,20.04.2026,"20,435,916",11,"2869202,61"
HVN,20.04.2026,"5,382,775",12,"6109293,37"
HVS,20.04.2026,"1,607,981",10937,"2949462541,64"
HVT,20.04.2026,"4,121,652",2139,"900756313,30"
HVU,20.04.2026,"5,395,552",908,"22038312,86"
HVV,20.04.2026,"64,411,873",1,"3266060777,11"
HVZ,20.04.2026,"7,037,602",2090,"107689946,22"
HYK,20.04.2026,"10,266,654",24,"198706987,51"
HYP,20.04.2026,"896,306",59,"48864633,37"
HYU,20.04.2026,"1,582,446",299,"1033357765,10"
HYV,20.04.2026,"5,565,273",7757,"7525317570,83"
HYY,20.04.2026,"13,053,313",1,"6441648915,84"
HZV,20.04.2026,"5,784,942",3,"947541793,19"
IAC,20.04.2026,"4,087,351",1,"2834246788,20"
IAE,20.04.2026,"198,415",501,"244438254,90"
IAF,20.04.2026,"86,429",11,"54923761,87"
IAI,20.04.2026,"6,749,283",1,"76910306,45"
IAM,20.04.2026,"1,596,066",3152,"93265284,22"
IAR,20.04.2026,"71,620,121",29,"162912427,03"
IAS,20.04.2026,"2,163,362",17,"3501058587,54"
IAT,20.04.2026,"176,213",8425,"1642776198,88"
IAU,20.04.2026,"2,366,655",305,"42774578,17"
IAY,20.04.2026,"1,554,754",223,"50304630,22"
IBB,20.04.2026,"14,059,145",8811,"1307902732,40"
IBC,20.04.2026,"17,216,534",5,"368931275,34"
IBE,20.04.2026,"2,340,867",12,"775477619,54"
IBG,20.04.2026,"1,442,022",11,"481266497,66"
IBJ,20.04.2026,"60,578,432",23,"735930598,11"
IBK,20.04.2026,"120,181",122638,"209365168,42"
IBM,20.04.2026,"3,539,818",17,"244122073,07"
IBP,20.04.2026,"64,198,131",4,"4368109313,54"
IBR,20.04.2026,"261,292",70,"1440044151,43"
ICA,20.04.2026,"569,587",3473,"737479263,57"
ICC,20.04.2026,"1,272,298",288,"30844069,96"
ICD,20.04.2026,"121,389,408",212,"41327387,97"
ICE,20.04.2026,"112,374,323",5649,"2031627737,77"
ICF,20.04.2026,"188,827,743",556,"20164159,34"
ICG,20.04.2026,"65,578,805",1,"838958510,81"
ICH,20.04.2026,"2,019,904",1436,"143146588,88"
ICN,20.04.2026,"3,702,068",16,"163612860,83"
ICS,20.04.2026,"47,469,426",71,"44198165,11"
ICV,20.04.2026,"5,527,443",48,"6683977,75"
ICZ,20.04.2026,"794,371",22213,"951829674,02"
IDD,20.04.2026,"151,503",25,"31721734,74"
IDF,20.04.2026,"71,487,852",4582,"13294609866,19"
IDH,20.04.2026,"12,780,701",22567,"1086516966,15"
IDI,20.04.2026,"1,494,586",367,"19392111,42"
IDL,20.04.2026,"5,294,803",3995,"3331223221,40"
IDO,20.04.2026,"54,885,148",14957,"74470055888,13"
IDP,20.04.2026,"196,798",30,"198384945,35"
IDV,20.04.2026,"66,092,571",2,"519262625,07"
IDY,20.04.2026,"215,877",3174,"654695652,87"
IEN,20.04.2026,"126,715",138,"52014669,73"
IEV,20.04.2026,"4,861,309",3124,"56380907,82"
IEZ,20.04.2026,"6,445,895",3,"129594208,18"
IFD,20.04.2026,"56,019,198",9,"1120383956,38"
IFN,20.04.2026,"9,793,072",481,"5282304,53"
IFV,20.04.2026,"4,120,864",210,"11596769,33"
IFY,20.04.2026,"6,729,428",1,"134588551,41"
IGF,20.04.2026,"62,920,729",2,"1329653800,61"
IGL,20.04.2026,"508,837,073",17847,"4866113747,57"
IGM,20.04.2026,"61,591,795",3,"1176378461,66"
IGZ,20.04.2026,"10,548,339",3,"2121677522,18"
IHA,20.04.2026,"3,267,533",394,"11809435,32"
IHC,20.04.2026,"6,691,044",275,"264332130,34"
IHK,20.04.2026,"17,869,199",33371,"2126693188,82"
IHP,20.04.2026,"1,746,303",344,"169177291,67"
IHT,20.04.2026,"3,847,768",3728,"89947750,64"
IHV,20.04.2026,"1,931,085",35,"337248366,16"
IHY,20.04.2026,"629,159",1,"127117860,74"
IHZ,20.04.2026,"1,100,536",57,"1639508,95"
IIA,20.04.2026,"7,046,213",11,"2697510266,38"
IIC,20.04.2026,"3,241,546",12,"182276197,47"
IIE,20.04.2026,"8,669,886",5483,"1192121193,73"
IIF,20.04.2026,"1,297,593",14,"432115033,07"
IIH,20.04.2026,"3,408,886",24680,"2395660644,87"
IIN,20.04.2026,"1,225,551",91,"2386272858,26"
IIP,20.04.2026,"326,833",16,"39371914,81"
IIS,20.04.2026,"100,110,136",202,"3703370475,92"
IJA,20.04.2026,"13,410,498",1356,"216239915,87"
IJB,20.04.2026,"5,997,466",7416,"202869654,07"
IJC,20.04.2026,"13,063,202",20757,"1843023418,69"
IJE,20.04.2026,"63,024,397",4,"33760341,80"
IJF,20.04.2026,"9,914,968",2,"910012993,62"
IJH,20.04.2026,"6,677,669",477,"51930771,76"
IJI,20.04.2026,"9,087,315",26,"62949101,30"
IJK,20.04.2026,"59,598,369",3,"273619093,17"
IJL,20.04.2026,"50,749,581",12,"290226805,05"
IJP,20.04.2026,"7,771,353",13027,"557558221,84"
IJT,20.04.2026,"6,425,921",1501,"419606080,89"
IJV,20.04.2026,"4,942,312",3158,"3282166479,55"
IJZ,20.04.2026,"10,451,785",11525,"517420224,18"
IK2,20.04.2026,"44,494,369",96,"199312791,81"
IKL,20.04.2026,"8,866,959",5425,"209958974,60"
IKP,20.04.2026,"8,537,909",12976,"908018645,22"
IKV,20.04.2026,"1,349,951",1092,"171748913,88"
ILC,20.04.2026,"47,289,431",223,"1323058306,86"
ILE,20.04.2026,"4,539,847",1,"10106486545,47"
ILH,20.04.2026,"3,502,959",11101,"122394718931,10"
ILI,20.04.2026,"5,130,562",15,"448338321,55"
ILM,20.04.2026,"7,119,504",13,"310057532,16"
ILP,20.04.2026,"5,793,255",6,"2904689684,55"
ILU,20.04.2026,"1,072,155",1,"1698897467,34"
ILZ,20.04.2026,"7,543,023",7402,"1064539409,96"
IMB,20.04.2026,"1,277,831",237,"36581102,74"
IMF,20.04.2026,"5,349,901",19,"365825092,92"
IMG,20.04.2026,"46,110,542",144,"921064263,38"
IMH,20.04.2026,"6,227,757",1,"2197197931,13"
IML,20.04.2026,"1,737,314",6510,"1155444262,99"
IMO,20.04.2026,"5,248,219",2,"4507158935,73"
IMS,20.04.2026,"14,611,242",4,"543151722,89"
IMT,20.04.2026,"6,538,028",4,"660829803,33"
IMY,20.04.2026,"69,026,077",6,"1481924093,58"
IMZ,20.04.2026,"68,628,421",4,"284639600,32"
INH,20.04.2026,"13,998,278",507,"373238080,37"
INV,20.04.2026,"42,293,069",1,"1802316064,43"
INZ,20.04.2026,"3,035,102",14,"6071305,42"
IOG,20.04.2026,"16,022,836",23682,"18354517246,21"
IOH,20.04.2026,"48,793,668",30,"124941998,39"
IOJ,20.04.2026,"47,924,721",40,"171875064,24"
IOL,20.04.2026,"62,174,484",1,"889419175,27"
IOM,20.04.2026,"3,974,265",15,"599321838,72"
ION,20.04.2026,"2,897,822",15,"185057245,07"
IOO,20.04.2026,"404,131",6564,"26074064268,54"
IOP,20.04.2026,"5,540,226",7459,"7475189634,61"
IOT,20.04.2026,"54,308,246",6,"244525051,00"
IOV,20.04.2026,"53,416,382",1,"529219016,46"
IPA,20.04.2026,"814,482",16,"839301680,19"
IPB,20.04.2026,"853,721",17453,"1269035118,74"
IPC,20.04.2026,"23,355,971",1,"13429683,53"
IPE,20.04.2026,"9,112,263",3,"3796312465,56"
IPF,20.04.2026,"114,046",23,"143753863,66"
IPG,20.04.2026,"9,105,169",1952,"353362489,43"
IPJ,20.04.2026,"18,963,362",17347,"1199397150,94"
IPK,20.04.2026,"4,860,515",1,"2906492200,56"
IPO,20.04.2026,"42,503,207",1,"511163070,90"
IPP,20.04.2026,"16,731",185,"6395421407,81"
IPR,20.04.2026,"31,456,472",1,"19345730,44"
IPU,20.04.2026,"43,820,234",1,"5112227154,69"
IPV,20.04.2026,"72,692,013",12355,"1975787964,97"
IRB,20.04.2026,"1,153,971",831,"813244697,34"
IRE,20.04.2026,"44,584,376",65,"112677560,31"
IRF,20.04.2026,"6,294,167",1620,"348815186,70"
IRL,20.04.2026,"16,317,705",15,"247469389,04"
IRO,20.04.2026,"179,543",47,"23990981,33"
IRT,20.04.2026,"6,534,866",1500,"110926751,10"
IRV,20.04.2026,"6,235,024",40,"293082017,58"
IRY,20.04.2026,"3,495,047",2429,"2166673293,59"
ISR,20.04.2026,"18,228,299",8,"947883590,17"
ISS,20.04.2026,"274,174",7,"212680801,86"
IST,20.04.2026,"170,377",3222,"2195930896,25"
ITA,20.04.2026,"67,905,873",1,"761994412,19"
ITC,20.04.2026,"1,282,817",350,"26129177,16"
ITD,20.04.2026,"63,600,708",1,"2353243494,15"
ITJ,20.04.2026,"10,493,869",11,"415056206,23"
ITL,20.04.2026,"396,493",1,"4069080449,01"
ITP,20.04.2026,"10,898,735",10602,"1009156043,23"
ITR,20.04.2026,"3,898,332",1,"1022797844,67"
ITV,20.04.2026,"44,908,679",26,"163789767,98"
ITZ,20.04.2026,"55,876,316",3,"1736883254,06"
IUA,20.04.2026,"63,338,289",57,"432633516,31"
IUB,20.04.2026,"66,555,376",3,"320444832,67"
IUC,20.04.2026,"193,068",1,"937062759,51"
IUF,20.04.2026,"6,441,266",8241,"23216156810,41"
IUH,20.04.2026,"5,209,026",638,"8385253,57"
IUM,20.04.2026,"6,217,182",1,"377728500,16"
IUN,20.04.2026,"70,853,782",4,"277882582,77"
IUV,20.04.2026,"62,530,208",7037,"22674418157,54"
IUZ,20.04.2026,"4,177,193",1150,"1265671168,23"
IV2,20.04.2026,"16,944,551",14,"1037667157,04"
IV6,20.04.2026,"60,258,123",1,"1507543149,09"
IV7,20.04.2026,"4,452,278",1,"486654946,46"
IV8,20.04.2026,"2,053,264",132,"29383794,65"
IVA,20.04.2026,"2,520,595",3,"126029764,52"
IVF,20.04.2026,"6,326,858",1307,"175490473,27"
IVS,20.04.2026,"5,452,176",30,"452818636,70"
IVY,20.04.2026,"5,169,791",15016,"795671727,84"
IYB,20.04.2026,"5,780,105",497,"111454825,94"
IYP,20.04.2026,"3,253,329",2,"2494110015,35"
IYR,20.04.2026,"129,371",32,"215006734,49"
IYS,20.04.2026,"1,310,185",16,"5726862941,81"
IYV,20.04.2026,"1,171,745",74,"222547609,57"
IZA,20.04.2026,"2,020,743",1,"502891489,74"
IZB,20.04.2026,"8,964,105",32,"55040304,47"
IZE,20.04.2026,"60,602,298",1,"252924480,29"
IZL,20.04.2026,"48,476,194",21,"88725644,49"
IZS,20.04.2026,"8,632,274",14,"57530386,23"
IZV,20.04.2026,"9,084,929",2,"99476852,08"
IZY,20.04.2026,"44,854,049",33,"50521403,23"
JET,20.04.2026,"2,313",20137,"928275911,39"
JOT,20.04.2026,"54,087,093",1,"1066035455,12"
JUP,20.04.2026,"500,472",60,"53450722,24"
KAC,20.04.2026,"3,440,638",2086,"16843927401,33"
KAN,20.04.2026,"6,977,027,935",36,"4779724619,04"
KAV,20.04.2026,"54,497,795",5914,"19352411754,67"
KBJ,20.04.2026,"4,174,176",119,"782831194,77"
KBP,20.04.2026,"158,124",6,"373682161,92"
KBZ,20.04.2026,"48,500,577",1,"150084647,84"
KCL,20.04.2026,"172,265",201,"35569619,19"
KCV,20.04.2026,"4,654,185",11558,"1966652556,79"
KDE,20.04.2026,"1,553,585",1873,"478384657,50"
KDI,20.04.2026,"52,804,214",10,"351364202,80"
KDK,20.04.2026,"14,464,516",1,"723225,82"
KDL,20.04.2026,"487,939",7312,"25400432622,48"
KDO,20.04.2026,"53,269,573",414,"1628189940,44"
KDS,20.04.2026,"50,429,845",1373,"33336339854,13"
KDT,20.04.2026,"50,386,956",1134,"3165778949,27"
KDV,20.04.2026,"44,979,729",159,"11362514133,79"
KDZ,20.04.2026,"45,614,076",820,"5934003800,16"
KEI,20.04.2026,"1,705,499",1,"306338833,39"
KEO,20.04.2026,"1,593,306",1,"62843844,72"
KEU,20.04.2026,"50,084,737",30,"4115023179,42"
KFZ,20.04.2026,"3,930,859",1,"324720114,61"
KGM,20.04.2026,"3,445,261",31107,"4108909495,20"
KH1,20.04.2026,"1,275,554",800,"81876943,39"
KHA,20.04.2026,"3,434,586",15949,"1500981715,36"
KHB,20.04.2026,"1,542,798",215,"18037124,60"
KHC,20.04.2026,"2,127,991",1626,"116750641,03"
KHD,20.04.2026,"1,315,245",14,"659914425,08"
KHF,20.04.2026,"151,853",13,"1138032,83"
KHJ,20.04.2026,"1,189,902",498,"15476597,65"
KHP,20.04.2026,"100,825",178,"3510128084,91"
KHT,20.04.2026,"2,877,485",365,"27892420,40"
KHU,20.04.2026,"35,508,682",1,"3391718,26"
KIA,20.04.2026,"4,497,025",425,"9423618,54"
KIB,20.04.2026,"3,978,328",1007,"11810509,40"
KIE,20.04.2026,"4,040,687",926,"202362857,39"
KIH,20.04.2026,"1,366,314",32,"53027623,07"
KIK,20.04.2026,"1,337,753",1123,"158754277,91"
KIS,20.04.2026,"207,443",835,"92382641,79"
KJK,20.04.2026,"2,134",1,"275655,65"
KKB,20.04.2026,"59,576,741",1,"14598744,15"
KKC,20.04.2026,"54,288,541",57,"224729371,04"
KKE,20.04.2026,"4,806,349",2,"82995073,03"
KKH,20.04.2026,"635,442",5567,"540722999,78"
KKL,20.04.2026,"2,146,636",1289,"2806908870,28"
KKO,20.04.2026,"45,427,098",263,"2116828083,70"
KKP,20.04.2026,"46,077,317",319,"3743503038,56"
KKT,20.04.2026,"273,759",36,"1829875678,23"
KLH,20.04.2026,"2,520,626",2470,"123445180,07"
KLI,20.04.2026,"1,148,373",94,"478581192,11"
KLL,20.04.2026,"54,115,258",1,"10626613,14"
KLM,20.04.2026,"61,936,475",1,"921433646,05"
KLS,20.04.2026,"41,055,363",2,"1008648,15"
KLU,20.04.2026,"4,253,761",87361,"63876243516,01"
KMA,20.04.2026,"158,074,825",1,"11826842,22"
KME,20.04.2026,"1,471,263",1036,"174690284,97"
KMF,20.04.2026,"3,549,161",2710,"2243910428,54"
KMN,20.04.2026,"1,039,591",4974,"634040733,68"
KMT,20.04.2026,"3,603,326",1,"89309770,04"
KNC,20.04.2026,"62,321,084",16,"342818745,36"
KNI,20.04.2026,"1,213,144",381,"7013842590,96"
KNJ,20.04.2026,"1,801,415",12785,"880236095,06"
KNN,20.04.2026,"1,325,107",18,"568962316,77"
KNP,20.04.2026,"76,350,748",2,"222588390,05"
KNS,20.04.2026,"3,919,412",1,"4417928235,97"
KNT,20.04.2026,"55,882,534",4,"160167277,31"
KNV,20.04.2026,"65,988,651",5,"296311481,33"
KNZ,20.04.2026,"65,871,309",1,"970733032,13"
KO4,20.04.2026,"52,820,977",882,"4457034044,12"
KOB,20.04.2026,"1,241,242",16,"307117175,93"
KOP,20.04.2026,"7,389,615",14,"15156100,70"
KOT,20.04.2026,"1,444,127",4646,"241524615,10"
KOZ,20.04.2026,"60,001,724",4,"57900223,89"
KP3,20.04.2026,"5,065,515",15,"14541270,00"
KPA,20.04.2026,"1,503,008",11797,"335489404,70"
KPB,20.04.2026,"6,322,182",1,"5066773,37"
KPC,20.04.2026,"19,533,008",20265,"3490728633,32"
KPD,20.04.2026,"46,089,234",566,"244061900,15"
KPF,20.04.2026,"1,545,414",202,"93259162,56"
KPH,20.04.2026,"1,395,541",13307,"698829874,52"
KPI,20.04.2026,"129,382",3731,"3078608457,77"
KPK,20.04.2026,"9,423,615",1,"435867384,57"
KPP,20.04.2026,"2,773,073",770,"723034057,51"
KPR,20.04.2026,"1,646,198",1220,"49406383969,02"
KPU,20.04.2026,"3,728,487",6079,"561825088,34"
KRC,20.04.2026,"13,224",155,"27881816,62"
KRF,20.04.2026,"19,405,541",730,"128434234,12"
KRH,20.04.2026,"1,393,599",42,"1816041467,50"
KRO,20.04.2026,"44,918,828",60,"287462624,63"
KRR,20.04.2026,"1,118,004",503,"19233907,86"
KRS,20.04.2026,"487,872",1411,"1665103178,09"
KRT,20.04.2026,"68,905,846",176,"794302837,34"
KRV,20.04.2026,"44,849,784",1049,"5326808870,17"
KSA,20.04.2026,"3,577,793",2786,"11207776029,48"
KSC,20.04.2026,"45,834,479",1,"45044063,67"
KSK,20.04.2026,"2,566,034",618,"5902375474,12"
KSL,20.04.2026,"5,345,854",119,"262912789,11"
KSM,20.04.2026,"47,727,594",753,"15349553611,25"
KSP,20.04.2026,"60,485,182",280,"1157081537,25"
KSR,20.04.2026,"4,664,213",3701,"162704807,82"
KST,20.04.2026,"2,012,299",537,"13511500,95"
KSV,20.04.2026,"5,077,774",11303,"31619800063,59"
KSY,20.04.2026,"9,651,805",83,"3083561157,09"
KTE,20.04.2026,"41,346,054",1,"99809622,22"
KTI,20.04.2026,"1,919,929",546,"221881134,47"
KTJ,20.04.2026,"2,086,512",12100,"686799335,29"
KTM,20.04.2026,"20,148,092",5818,"699125976,27"
KTN,20.04.2026,"7,359,001",3887,"474922185,14"
KTR,20.04.2026,"938,401",721,"21833540131,56"
KTS,20.04.2026,"13,481,141",708,"100147244,92"
KTT,20.04.2026,"65,485,591",1400,"5229931751,76"
KTU,20.04.2026,"26,530,776",1,"697390209,21"
KTV,20.04.2026,"6,817,202",45653,"26723531441,96"
KUA,20.04.2026,"1,419,104",2192,"160708464,92"
KUB,20.04.2026,"694,468",4147,"327059674,13"
KUD,20.04.2026,"1,516,925",906,"56679685,04"
KUP,20.04.2026,"46,482,867",132,"1632504745,80"
KUT,20.04.2026,"12,976,035",46817,"10115476534,13"
KVA,20.04.2026,"1,551,327",1,"569446958,71"
KVK,20.04.2026,"1,143,222",151,"487307071,33"
KVR,20.04.2026,"113,674",41,"142229098,56"
KVS,20.04.2026,"3,322,037",2393,"17156967604,64"
KVT,20.04.2026,"1,388,127",2949,"127176959,96"
KYA,20.04.2026,"132,279",1949,"85843429,97"
KYR,20.04.2026,"854,539",11,"544293615,85"
KYS,20.04.2026,"50,740,162",4,"10396659,12"
KZL,20.04.2026,"28,783,941",69457,"87793579104,75"
KZO,20.04.2026,"1,999,621",3,"1087622034,93"
KZU,20.04.2026,"2,431,841",6574,"516994655,55"
LAI,20.04.2026,"1,971,806",11,"101930,52"
LET,20.04.2026,"51,939,345",2,"704419576,97"
LFD,20.04.2026,"8,411,387",1,"2394114265,50"
LGK,20.04.2026,"125,705",1,"1465774807,21"
LGO,20.04.2026,"6,458,764",12,"352801649,82"
LHM,20.04.2026,"7,670,053",4,"723013019,60"
LHP,20.04.2026,"53,147,376",105,"92374551,50"
LKT,20.04.2026,"1,656,327",268,"110117737,93"
LLA,20.04.2026,"1,430,812",1034,"58193817,72"
LPH,20.04.2026,"1,255,123",848,"652591736,73"
LRT,20.04.2026,"3,247,041",11,"752278524,51"
LTC,20.04.2026,"1,437,513",396,"226592518,71"
LTS,20.04.2026,"4,031,812",14,"1222249014,78"
LZV,20.04.2026,"10,519,326",2,"119637087,64"
MAC,20.04.2026,"782,147",38917,"4953672235,23"
MAD,20.04.2026,"1,050,908",400,"24419199,05"
MAS,20.04.2026,"1,241,848",89,"862597158,95"
MAV,20.04.2026,"55,325,396",1,"874064623,36"
MBL,20.04.2026,"253,728",224,"21235573,25"
MBR,20.04.2026,"1,503,189",231,"126228001,89"
MCU,20.04.2026,"1,236,271",169,"25006345,59"
MD1,20.04.2026,"201,333",598,"64305324,92"
MD2,20.04.2026,"1,902,062",714,"175311296,95"
MDF,20.04.2026,"1,287,123",1438,"860186967,82"
MET,20.04.2026,"5,383,258",6878,"710852043,69"
MGB,20.04.2026,"1,391,609",566,"72328011,55"
MGD,20.04.2026,"896,035",1,"602225595,26"
MGE,20.04.2026,"9,455,582",70,"5388811791,94"
MGH,20.04.2026,"2,042,471",874,"644592183,66"
MHF,20.04.2026,"1,941,327",1326,"66087314,60"
MIK,20.04.2026,"1,689,592",13,"104287749,15"
MJB,20.04.2026,"7,361,526",832,"65061744,14"
MJE,20.04.2026,"5,464,144",943,"6556782245,19"
MJG,20.04.2026,"12,854,876",8720,"1281538379,60"
MJH,20.04.2026,"4,633,057",18,"42690368,94"
MJK,20.04.2026,"37,017,022",491,"2351346069,32"
MJL,20.04.2026,"57,760,503",633,"901248568,36"
MKA,20.04.2026,"1,332,218",1879,"103516956,01"
MKG,20.04.2026,"18,009,331",9348,"1729189656,51"
MKL,20.04.2026,"58,160,159",1,"750592739,74"
MLS,20.04.2026,"16,443,032",4,"1229311245,05"
MLT,20.04.2026,"137,759",149,"48185523,62"
MMH,20.04.2026,"17,033,137",1592,"183557891,20"
MOD,20.04.2026,"56,170,676",2,"700969925,48"
MOZ,20.04.2026,"1,173,055",141,"270991734,42"
MP2,20.04.2026,"2,100,085",13,"5567962809,02"
MP4,20.04.2026,"2,660,855",15,"5222386592,48"
MPD,20.04.2026,"56,128,942",787,"3958876715,67"
MPE,20.04.2026,"1,270,715",84,"85583327,72"
MPF,20.04.2026,"734,999",1985,"1404269125,57"
MPI,20.04.2026,"2,731,434",22,"79766422,69"
MPK,20.04.2026,"8,739,366",1486,"282429366,33"
MPL,20.04.2026,"1,809,379",1398,"2148489535,25"
MPN,20.04.2026,"57,451,134",326,"368715288,68"
MPP,20.04.2026,"22,551,623",1812,"636146128,23"
MPS,20.04.2026,"24,218,752",2678,"165736069,31"
MRI,20.04.2026,"1,294,783",143,"15344216,27"
MSK,20.04.2026,"3,469,884",1,"1040685096,30"
MSO,20.04.2026,"54,382,779",1,"529980844,69"
MSR,20.04.2026,"2,082,855",16,"38351904,83"
MT1,20.04.2026,"42,474,017",20,"34179011,54"
MT2,20.04.2026,"1,212,554",4855,"10202986844,31"
MT5,20.04.2026,"1,384,194",18,"511810517,36"
MT6,20.04.2026,"1,878,117",13,"900947575,92"
MT7,20.04.2026,"807,807",15,"105430943,23"
MT8,20.04.2026,"187,955",16,"2855609255,30"
MT9,20.04.2026,"917,766",17,"10286963831,08"
MTD,20.04.2026,"1,344,325",1986,"188513133,86"
MTE,20.04.2026,"5,103,601",17,"625298369,43"
MTF,20.04.2026,"12,714",39,"62714488,42"
MTG,20.04.2026,"1,455,531",146,"37873982,56"
MTH,20.04.2026,"1,942,365",5009,"783029106,27"
MTI,20.04.2026,"17,169",2,"2053399,88"
MTK,20.04.2026,"153,323",519,"57600599,54"
MTL,20.04.2026,"3,112,869",14,"8152995719,24"
MTS,20.04.2026,"2,699,513",761,"94609059,87"
MTU,20.04.2026,"1,241,751",18,"1226949,72"
MTV,20.04.2026,"4,855,877",12954,"161387405,43"
MTX,20.04.2026,"4,644,057",2261,"102243250,82"
MUL,20.04.2026,"1,782,961",13,"9205709,27"
MUT,20.04.2026,"1,752,461",1809,"943875597,62"
NAK,20.04.2026,"1,101,527",190,"142720504,04"
NAL,20.04.2026,"1,819,265",22,"1375244976,56"
NAU,20.04.2026,"3,232,107",12635,"3270692940,54"
NBE,20.04.2026,"1,580,431",11,"997382308,14"
NBH,20.04.2026,"5,824,279",147,"1070224346,07"
NBO,20.04.2026,"1,320,786",402,"1253683783,73"
NBZ,20.04.2026,"6,687,176",287,"1391553037,32"
NCS,20.04.2026,"53,038,641",1852,"7720281136,20"
NCU,20.04.2026,"56,179,275",12,"136054125,78"
NDL,20.04.2026,"2,109,979",1,"11898407,74"
NDS,20.04.2026,"878,716",12,"528941280,81"
NES,20.04.2026,"2,044,039",2,"2042004027,04"
NFF,20.04.2026,"120,196",48,"1795996308,54"
NFH,20.04.2026,"2,098,059",51,"140064058,83"
NFK,20.04.2026,"476,624",98,"1569785417,16"
NHP,20.04.2026,"5,301,901",172,"12072470,53"
NHT,20.04.2026,"59,431,299",2,"589271785,12"
NHV,20.04.2026,"4,080,195",2,"7519615153,25"
NHY,20.04.2026,"5,595,692",2525,"172652029,09"
NIG,20.04.2026,"1,017,937",12,"257357138,86"
NIS,20.04.2026,"1,506,628",26,"1013199248,94"
NJF,20.04.2026,"12,621,499",1768,"1330285805,97"
NJG,20.04.2026,"2,682,743",15,"65754579,57"
NJR,20.04.2026,"5,052,125",2855,"1257296918,88"
NJY,20.04.2026,"660,768",1359,"293351470,48"
NKA,20.04.2026,"45,897,969",15,"156394576,37"
NKC,20.04.2026,"1,277,212",1310,"541768466,37"
NKH,20.04.2026,"1,540,361",12,"143043966,26"
NKJ,20.04.2026,"15,214,847",1,"1561628169,02"
NKK,20.04.2026,"783,595",11,"1495925844,89"
NKL,20.04.2026,"3,104,803",2648,"13679648891,72"
NKM,20.04.2026,"1,004,388",568,"52148011,00"
NKP,20.04.2026,"1,177,426",3171,"157683295,20"
NKS,20.04.2026,"1,758,231",11,"23736287,62"
NKT,20.04.2026,"1,351,681",426,"56494872,91"
NKV,20.04.2026,"2,025,368",1,"13129883408,23"
NLC,20.04.2026,"47,182,264",60,"564039811,20"
NLD,20.04.2026,"50,391,057",1,"1320338050,81"
NLE,20.04.2026,"1,447,621",11669,"421145557,06"
NLK,20.04.2026,"1,645,369",1166,"5256678263,25"
NLL,20.04.2026,"3,841,602",22,"1555938090,00"
NME,20.04.2026,"54,568,889",65,"71658064,15"
NMG,20.04.2026,"119,217,485",11,"2692131687,64"
NMU,20.04.2026,"1,096,691",50,"27866811,43"
NNF,20.04.2026,"22,995,235",22516,"3238364936,96"
NOA,20.04.2026,"1,469,608",11,"559366878,98"
NOI,20.04.2026,"1,288,934",13,"885303637,57"
NOV,20.04.2026,"61,342,129",1,"1100522507,94"
NP1,20.04.2026,"5,178,005",166,"1573102742,11"
NPH,20.04.2026,"1,752,794",1009,"293616292,87"
NPK,20.04.2026,"1,473,211",1,"873660733,10"
NRC,20.04.2026,"11,526,027",4210,"247936094,56"
NRG,20.04.2026,"4,890,578",3833,"6561760764,55"
NRM,20.04.2026,"136,150,886",12,"352685663,88"
NSA,20.04.2026,"2,233,536",309,"1314572348,62"
NSD,20.04.2026,"59,660,801",139,"13399296458,82"
NSH,20.04.2026,"1,927,042",1483,"1405017937,74"
NSK,20.04.2026,"5,896,935",103,"330936681,60"
NSP,20.04.2026,"1,617,813",2719,"1605231198,42"
NSS,20.04.2026,"59,001,066",1,"1021885784,97"
NST,20.04.2026,"1,237,628",4412,"85852017,00"
NSY,20.04.2026,"1,301,482",75,"1057173868,24"
NTB,20.04.2026,"5,868,996",1,"3233606872,54"
NTD,20.04.2026,"437,114",1,"592475002,87"
NTF,20.04.2026,"2,776,442",10,"227848029,33"
NTI,20.04.2026,"1,308,019",564,"135619064,41"
NTO,20.04.2026,"604,673",1,"3273969642,22"
NTS,20.04.2026,"2,702,719",33,"199098408,65"
NUB,20.04.2026,"5,639,763",878,"2003163003,59"
NUG,20.04.2026,"45,603,141",11,"3039747983,90"
NUH,20.04.2026,"1,236,189",871,"90794274,05"
NVB,20.04.2026,"4,237,678",5290,"5813229421,85"
NVC,20.04.2026,"4,530,924",102,"11329212,88"
NVK,20.04.2026,"43,253,926",19,"38626534,53"
NVP,20.04.2026,"63,253,889",1,"56681430,85"
NVT,20.04.2026,"4,100,985",71,"604944389,97"
NVZ,20.04.2026,"54,475,445",311,"690076083,32"
NYH,20.04.2026,"57,400,355",1,"986702577,16"
NZH,20.04.2026,"3,240,653",279,"217948712,36"
NZT,20.04.2026,"5,327,645",464,"6299380243,39"
NZU,20.04.2026,"47,120,463",39,"51908562,03"
OAB,20.04.2026,"71,472,796",3,"627790876,81"
OBI,20.04.2026,"2,815,219",513,"294309341,14"
OBN,20.04.2026,"54,044,125",137,"156172983,35"
OBP,20.04.2026,"190,627",858,"35533376,74"
OBR,20.04.2026,"49,858,954",11451,"47598186883,73"
OCM,20.04.2026,"64,042,781",2,"467546050,56"
OCN,20.04.2026,"46,782,152",4,"109503218,11"
OCT,20.04.2026,"68,119,742",5,"439004763,25"
ODD,20.04.2026,"9,988,763",33,"425877344,11"
ODG,20.04.2026,"1,039,306",25,"19638924,60"
ODN,20.04.2026,"5,236,929",173,"164888637,45"
ODP,20.04.2026,"5,952,407",120,"215758502,15"
ODS,20.04.2026,"65,724,014",134,"123262497,12"
ODV,20.04.2026,"19,751,311",4316,"1730645857,33"
OFA,20.04.2026,"54,455,819",146,"244029487,13"
OFB,20.04.2026,"9,969,085",14,"902671632,79"
OFI,20.04.2026,"3,820,532",733,"151738064,98"
OFK,20.04.2026,"48,253,598",293,"1115126811,44"
OFO,20.04.2026,"64,430,794",1,"2024016330,14"
OFS,20.04.2026,"7,871,515",510,"185286539,17"
OGD,20.04.2026,"1,192,933",3424,"837884936,40"
OGF,20.04.2026,"8,272,388",442,"125765441,78"
OGV,20.04.2026,"66,666,305",1,"304841678,71"
OHB,20.04.2026,"24,436,537",1155,"1546217367,03"
OHI,20.04.2026,"18,622",46,"48063640,43"
OHK,20.04.2026,"2,608,123",1157,"28015483,44"
OIL,20.04.2026,"3,979,893",674,"34784429,54"
OIR,20.04.2026,"4,679,552",274,"26712094,01"
OIS,20.04.2026,"3,137,013",1,"563076994,17"
OJB,20.04.2026,"49,259,922",7486,"28158638817,11"
OJH,20.04.2026,"10,225,698",30,"29047035,83"
OJK,20.04.2026,"13,645,287",30770,"51598052497,75"
OJT,20.04.2026,"10,638,855",11117,"3165628573,35"
OJU,20.04.2026,"63,522,925",2,"53819988,85"
OJY,20.04.2026,"73,904,394",6,"2711427403,57"
OKD,20.04.2026,"584,013",1066,"90007630,91"
OKF,20.04.2026,"4,162,677",12,"7380319852,69"
OKP,20.04.2026,"5,697,743",452,"73568836,05"
OKT,20.04.2026,"143,876",869,"111625787,38"
OLA,20.04.2026,"51,681,249",33,"19758723,01"
OLD,20.04.2026,"3,063,193",6011,"145097673,10"
OLE,20.04.2026,"4,436,655",507,"310581238,36"
OMB,20.04.2026,"59,075,431",3,"181754187,13"
OMC,20.04.2026,"67,068,473",2,"390961174,34"
OME,20.04.2026,"22,791,587",70,"77856401,49"
OMG,20.04.2026,"1,775,005",684,"1254757494,33"
ONB,20.04.2026,"48,417,239",582,"5743828813,21"
OND,20.04.2026,"44,747,683",636,"3307301283,41"
ONE,20.04.2026,"1,531,563",787,"40679649,74"
ONF,20.04.2026,"61,036,337",604,"2503401154,81"
ONK,20.04.2026,"56,778,136",22321,"74112565314,12"
ONN,20.04.2026,"5,704,869",839,"1758940377,15"
ONS,20.04.2026,"49,967,656",23076,"149661260022,73"
ONT,20.04.2026,"48,875,315",421,"5618897737,58"
ONY,20.04.2026,"61,704,017",748,"2209000490,19"
OPB,20.04.2026,"12,413,343",438,"47040551,38"
OPD,20.04.2026,"7,516,105",21,"59798586,46"
OPF,20.04.2026,"2,735,235",939,"294427811,68"
OPH,20.04.2026,"24,832,593",2739,"831100872,32"
OPI,20.04.2026,"23,930,898",1499,"235197534,09"
OPJ,20.04.2026,"1,483,556",2441,"424736856,44"
OPL,20.04.2026,"9,345,982",1025,"111103942,15"
OPZ,20.04.2026,"5,193,383",1,"649988101,62"
ORC,20.04.2026,"1,478,629",47,"1181244232,32"
ORI,20.04.2026,"5,637,514",5,"1548941373,21"
OSD,20.04.2026,"12,446,555",955,"584536256,26"
OSF,20.04.2026,"97,717,875",17,"5353744086,20"
OSH,20.04.2026,"524,986",17,"59217551,81"
OSL,20.04.2026,"13,715",4389,"1132301553,10"
OSN,20.04.2026,"1,414,586",122,"40675338,14"
OTE,20.04.2026,"62,328,821",2,"188578589,49"
OTF,20.04.2026,"6,134,625",1826,"704124627,47"
OTJ,20.04.2026,"7,916,932",27641,"4184370575,16"
OTK,20.04.2026,"7,450,181",62,"3903343,71"
OTM,20.04.2026,"136,907",105,"14586352,63"
OTZ,20.04.2026,"65,378,351",4,"292385521,19"
OUB,20.04.2026,"619,175",14,"773725606,75"
OUD,20.04.2026,"61,875,857",127,"125159576,04"
OUN,20.04.2026,"50,025,768",211,"180331086,32"
OUR,20.04.2026,"78,186,931",11,"20543694,19"
OUY,20.04.2026,"6,170,673",2,"1570571117,87"
OVD,20.04.2026,"3,130,198",3270,"827646354,47"
OVR,20.04.2026,"65,186,274",1,"464970631,62"
OVT,20.04.2026,"763,191",1,"718062375,83"
OYL,20.04.2026,"142,252",9121,"3693691394,43"
OYS,20.04.2026,"8,892,814",11,"16182483502,58"
OYT,20.04.2026,"120,734",72,"1842985675,99"
OZC,20.04.2026,"2,912,298",1,"1054602083,59"
P1A,20.04.2026,"1,322,523",309,"984778167,14"
PAB,20.04.2026,"1,227,846",409,"84379809,32"
PAC,20.04.2026,"3,358,193",1,"860594829,20"
PAF,20.04.2026,"3,662,544",4130,"374226233,40"
PAI,20.04.2026,"6,322,986",717,"889210191,63"
PAL,20.04.2026,"52,659,535",33059,"164858496598,17"
PAO,20.04.2026,"1,322,202",360,"13515736,80"
PAP,20.04.2026,"61,723,136",1,"188615720,11"
PAU,20.04.2026,"62,715,672",3847,"10550037758,35"
PBE,20.04.2026,"3,792,415",11,"34977353,32"
PBF,20.04.2026,"1,893,496",2,"2579382004,90"
PBH,20.04.2026,"1,828,006",12,"4364784400,29"
PBI,20.04.2026,"2,045,484",295,"96942936,75"
PBK,20.04.2026,"5,462,118",142,"134170046,03"
PBN,20.04.2026,"1,342,863",973,"485381848,55"
PBR,20.04.2026,"3,700,069",33054,"12537265941,90"
PBS,20.04.2026,"64,426,234",22,"355012387,52"
PBY,20.04.2026,"295,258",56,"225883413,17"
PCE,20.04.2026,"1,148,392",213,"228264122,59"
PCH,20.04.2026,"3,587,214",57,"876919309,14"
PCN,20.04.2026,"60,749,642",13,"523268131,10"
PCS,20.04.2026,"313,997",38,"26000082248,18"
PDC,20.04.2026,"718,405",13,"1054737210,90"
PDD,20.04.2026,"5,335,521",199,"963476282,29"
PDE,20.04.2026,"1,191,223",13,"12258623732,50"
PDF,20.04.2026,"55,865,597",62,"460072410,75"
PDG,20.04.2026,"169,434",12,"837176545,72"
PDH,20.04.2026,"17,062,726",79,"5728426736,18"
PDS,20.04.2026,"300,792",43,"735294731,40"
PEA,20.04.2026,"1,504,929",98,"75175849,70"
PFO,20.04.2026,"2,253,499",333,"75771919,94"
PFS,20.04.2026,"2,676,771",95,"23907250,47"
PGD,20.04.2026,"1,570,788",100,"139982049,59"
PGE,20.04.2026,"12,790,453",46,"5165199336,82"
PGH,20.04.2026,"7,116,229",12,"9440774789,20"
PGS,20.04.2026,"1,271,249",551,"203767703,44"
PHB,20.04.2026,"1,550,149",13,"596220052,76"
PHE,20.04.2026,"2,822,538",84113,"35080049985,54"
PHF,20.04.2026,"991,413",12,"291531412,05"
PHI,20.04.2026,"1,500,437",120,"68508356,98"
PHK,20.04.2026,"1,468,067",210,"75177457,72"
PHN,20.04.2026,"459,012,915",15,"14067984806,24"
PHS,20.04.2026,"4,243,272",20,"382414910,39"
PHY,20.04.2026,"8,017,576",46,"1104120121,32"
PID,20.04.2026,"166,897",90,"51603919,19"
PIL,20.04.2026,"3,951,968",8179,"523525166,44"
PIP,20.04.2026,"1,476,256",479,"46919400745,62"
PIR,20.04.2026,"1,740,032",1312,"219698330,63"
PIS,20.04.2026,"1,260,559",299,"1639779832,07"
PJL,20.04.2026,"456,984",3603,"1548826341,40"
PJP,20.04.2026,"46,123,169",15,"368657003,90"
PKD,20.04.2026,"856,827",54,"13930723,85"
PKF,20.04.2026,"4,859,455",1760,"627541574,47"
PKH,20.04.2026,"888,776",11,"97189106,34"
PKL,20.04.2026,"2,210,898",14,"5605474431,96"
PKN,20.04.2026,"1,837,662",15,"242726141,84"
PKP,20.04.2026,"1,101,985",68,"423500862,89"
PKR,20.04.2026,"1,373,701",157,"616492107,29"
PKT,20.04.2026,"1,395,924",678,"8610539566,66"
PKU,20.04.2026,"621,811",46,"5247361237,54"
PKV,20.04.2026,"1,771,927",3725,"16853278744,38"
PKZ,20.04.2026,"6,175,336",12,"37681397527,62"
PLA,20.04.2026,"1,113,755",114,"2660724,75"
PLR,20.04.2026,"1,462,636",759,"585479467,69"
PLS,20.04.2026,"25,655,179",8,"907644499,79"
PMG,20.04.2026,"1,597,085",1,"1396940652,33"
PMH,20.04.2026,"18,478",44,"17685274,93"
PMP,20.04.2026,"1,210,354",822,"47319969,19"
PNU,20.04.2026,"1,052,812",1137,"6104766355,11"
PO7,20.04.2026,"905,768",44,"2588380557,56"
PO8,20.04.2026,"368,659",51,"432354613,41"
PO9,20.04.2026,"907,967",148,"13801897,32"
POB,20.04.2026,"4,726,563",46,"4878145490,22"
POD,20.04.2026,"63,673,823",1418,"4524275402,92"
POF,20.04.2026,"7,160,619",46,"6263945195,97"
POH,20.04.2026,"1,134,236",4,"1941108805,61"
POI,20.04.2026,"107,205",43,"268462722,34"
POS,20.04.2026,"1,161,906",563,"86414678,44"
POU,20.04.2026,"2,098,137",75,"5925008791,29"
PP1,20.04.2026,"1,695,195",373,"44979440,53"
PPB,20.04.2026,"10,545,256",1886,"425074242,78"
PPD,20.04.2026,"34,190,608",104,"2121972319,56"
PPE,20.04.2026,"58,438,947",75,"773624070,92"
PPF,20.04.2026,"4,541,245",22,"488462332,82"
PPG,20.04.2026,"1,279,871",988,"651586323,25"
PPH,20.04.2026,"1,612,437",3613,"108524422,66"
PPI,20.04.2026,"2,011,019",3183,"7478851538,95"
PPJ,20.04.2026,"1,617,731",6536,"52031113768,81"
PPK,20.04.2026,"1,976,237",2721,"4777759334,56"
PPM,20.04.2026,"1,927,884",222,"291036374,73"
PPN,20.04.2026,"5,045,418",15201,"12972997531,59"
PPO,20.04.2026,"1,411,776",45,"86384811,07"
PPP,20.04.2026,"2,741,657",393,"4281298772,50"
PPS,20.04.2026,"414,769",6931,"2264078801,85"
PPT,20.04.2026,"2,837,021",3683,"1717063137,53"
PPU,20.04.2026,"2,068,889",45,"35030672,46"
PPV,20.04.2026,"1,007,439",24,"105662534,88"
PPZ,20.04.2026,"5,780,716",8015,"12997094661,31"
PRD,20.04.2026,"2,039,308",636,"411057184,05"
PRF,20.04.2026,"58,816,631",2,"161454887,47"
PRH,20.04.2026,"1,921,409",387,"656259620,68"
PRR,20.04.2026,"1,172,013",115,"399944732,08"
PRU,20.04.2026,"3,132,446",1608,"3123124342,47"
PRV,20.04.2026,"1,179,062",73,"2518911370,77"
PRY,20.04.2026,"2,706,947",36547,"71284459954,73"
PRZ,20.04.2026,"0,00",0,"13858,95"
PSD,20.04.2026,"49,840,718",1,"2539990907,95"
PSE,20.04.2026,"160,466",6353,"18171225150,76"
PSG,20.04.2026,"8,856,213",15,"146349268,60"
PSH,20.04.2026,"102,528",25,"11559812,89"
PSL,20.04.2026,"7,722,018",53,"699896434,62"
PSO,20.04.2026,"415,226",1,"849663675,63"
PSR,20.04.2026,"6,383,031",46,"160926440,36"
PSS,20.04.2026,"5,289,788",11,"354335671,72"
PST,20.04.2026,"26,345",51,"322977646,51"
PTC,20.04.2026,"60,935,489",16,"971645065,81"
PTE,20.04.2026,"1,489,616",4667,"42186662051,60"
PTF,20.04.2026,"130,734",389,"1018419432,38"
PTG,20.04.2026,"59,395,969",1,"115762743,48"
PTL,20.04.2026,"1,638,202",744,"573676245,47"
PTN,20.04.2026,"167,466",1097,"708507078,99"
PTO,20.04.2026,"1,434,187",528,"286849470,95"
PTP,20.04.2026,"1,050,851",154,"20299580,43"
PTS,20.04.2026,"140,276",638,"6413166280,96"
PUA,20.04.2026,"9,068,283",1,"4509400159,10"
PUC,20.04.2026,"6,459,195",802,"1302125314,07"
PUH,20.04.2026,"1,552,327",26,"360525447,62"
PUR,20.04.2026,"9,153,252",41730,"113627146276,60"
PUT,20.04.2026,"7,378,736",1,"6476961051,57"
PUV,20.04.2026,"52,920,134",1,"1129836029,46"
PUZ,20.04.2026,"9,288,222",2,"149732177,84"
PVK,20.04.2026,"5,100,908",8624,"37654678631,04"
PYB,20.04.2026,"1,640,428",309,"1017634919,30"
PYD,20.04.2026,"725,738",45,"132473236,30"
PYF,20.04.2026,"9,322,766",10,"808400426,79"
PYH,20.04.2026,"7,535,282",11,"5504937801,18"
PYI,20.04.2026,"3,700,957",45,"1394977931,44"
PYL,20.04.2026,"8,789,731",33,"403705975,35"
PYR,20.04.2026,"2,005,751",1838,"153481151,40"
PYS,20.04.2026,"55,144,265",49,"1321896377,51"
RAF,20.04.2026,"3,578,405",12,"189417574,23"
RAI,20.04.2026,"2,079,831",1,"5429123197,58"
RAN,20.04.2026,"53,919,944",1,"1001927132,07"
RAV,20.04.2026,"1,329,541",12,"1032627742,30"
RAY,20.04.2026,"3,629,361",1,"1585281079,86"
RBA,20.04.2026,"22,459,481",6605,"2558485043,12"
RBB,20.04.2026,"1,466,568",53,"55704397,82"
RBE,20.04.2026,"3,745,454",16,"2628887813,10"
RBF,20.04.2026,"165,924",90,"28392251,93"
RBH,20.04.2026,"31,983,537",5109,"1000454207,34"
RBI,20.04.2026,"53,652,478",129,"194936566,74"
RBK,20.04.2026,"8,022,287",1095,"43986490,92"
RBL,20.04.2026,"1,587,689",838,"367199796,69"
RBN,20.04.2026,"1,577,493",204,"44935192,94"
RBP,20.04.2026,"1,967,239",702,"1862604085,59"
RBR,20.04.2026,"285,474",115,"31848136,48"
RBT,20.04.2026,"5,756,033",1793,"620132529,35"
RBV,20.04.2026,"6,101,811",15520,"5724025847,35"
RCL,20.04.2026,"56,887,399",1,"152743292,70"
RCS,20.04.2026,"5,760,104",1,"2644803,44"
RCV,20.04.2026,"1,582,509",92,"137161482,06"
RD1,20.04.2026,"1,756,773",172,"62608688,76"
RDF,20.04.2026,"159,926",1250,"249569657,56"
RDH,20.04.2026,"4,078,711",18,"1746064781,69"
RDK,20.04.2026,"1,357,008",2,"629697,76"
RDS,20.04.2026,"0,00",0,"43,69"
RDT,20.04.2026,"1,008,919",57,"74966796,95"
RDZ,20.04.2026,"46,409,266",115,"612402197,26"
RE7,20.04.2026,"1,123,688",12,"189992883,94"
RE8,20.04.2026,"3,166,304",12,"1201646918,34"
RGD,20.04.2026,"1,043,357",163,"32390047,32"
RGH,20.04.2026,"1,055,753",35,"39096919,99"
RHD,20.04.2026,"1,867,097",12,"144943152,94"
RHI,20.04.2026,"1,606,491",567,"138902728,03"
RHS,20.04.2026,"7,574,503",1792,"901253029,21"
RIA,20.04.2026,"1,245,399",81,"160754862,78"
RIH,20.04.2026,"6,411,435",593,"181952156,35"
RIK,20.04.2026,"5,347,437",7062,"1512627620,49"
RJG,20.04.2026,"3,543,776",658,"137242781,55"
RKC,20.04.2026,"1,578,376",474,"136058786,66"
RKH,20.04.2026,"101,126",87,"8791768,38"
RKL,20.04.2026,"3,156,166",1,"2470022642,84"
RKS,20.04.2026,"1,876,863",135,"125353977,62"
RKV,20.04.2026,"22,911",260,"551072289,04"
RLH,20.04.2026,"1,534,621",26,"251223221,55"
RO1,20.04.2026,"1,133,833",24,"164727131,71"
ROD,20.04.2026,"51,676,622",849,"3022304591,58"
ROF,20.04.2026,"3,332,489",1277,"600662689,62"
ROS,20.04.2026,"0,00",0,"3,95"
ROY,20.04.2026,"1,233,341",11,"137411249,86"
RPC,20.04.2026,"4,845,225",561,"27501692,30"
RPD,20.04.2026,"13,295,855",2280,"311129858,48"
RPE,20.04.2026,"0,00",0,"2,71"
RPG,20.04.2026,"6,367,877",1704,"1462139625,17"
RPI,20.04.2026,"1,372,313",344,"17567929,34"
RPK,20.04.2026,"5,945,682",5,"115627222,76"
RPL,20.04.2026,"1,529,664",13,"111341979,18"
RPM,20.04.2026,"3,935,106",2894,"66568447,93"
RPN,20.04.2026,"5,178,441",23,"823678234,26"
RPO,20.04.2026,"6,913,267",3,"1679807492,68"
RPP,20.04.2026,"4,351,798",8626,"5936894047,53"
RPS,20.04.2026,"59,801,141",113,"206199416,74"
RPT,20.04.2026,"4,536,275",208,"1212568459,75"
RPU,20.04.2026,"3,240,995",12,"2337196762,66"
RPX,20.04.2026,"58,335,611",149,"1550904491,75"
RRA,20.04.2026,"1,317,132",232,"2713293298,38"
RRP,20.04.2026,"1,448,598",73,"164139882,46"
RS1,20.04.2026,"1,411,771",128,"510700317,96"
RSF,20.04.2026,"3,867,785",13,"954122953,60"
RSK,20.04.2026,"1,603,556",186,"185227879,13"
RSY,20.04.2026,"986,338",11,"145429358,38"
RSZ,20.04.2026,"5,341,946",25,"1182262121,45"
RTA,20.04.2026,"185,702",15,"3410453280,04"
RTB,20.04.2026,"2,368,084",11,"348493388,24"
RTD,20.04.2026,"1,692,705",208,"20443292,65"
RTG,20.04.2026,"481,686",4056,"171263409,39"
RTH,20.04.2026,"6,446,151",326,"33214960,41"
RTI,20.04.2026,"2,973,053",50,"30765999955,56"
RTP,20.04.2026,"12,059,754",2397,"492014971,77"
RUH,20.04.2026,"256,903",17,"88613922,27"
RUT,20.04.2026,"2,145,759",3834,"121370078,42"
RVI,20.04.2026,"1,327,634",11,"19939799,19"
RVS,20.04.2026,"2,567,698",20,"3990342291,58"
RYA,20.04.2026,"1,183,876",1,"355904626,49"
RYB,20.04.2026,"46,251,392",11,"4626757,98"
RYD,20.04.2026,"1,397,469",13,"308805738,03"
RYF,20.04.2026,"14,988,819",32,"474247548,55"
RYU,20.04.2026,"45,491,639",45,"256562518,96"
RZR,20.04.2026,"4,802,726",2,"16993186,37"
SAP,20.04.2026,"1,625,258",346,"156706688,49"
SAR,20.04.2026,"4,913,749",9,"833558699,94"
SAS,20.04.2026,"1,777,397",47337,"1580417417,68"
SAT,20.04.2026,"29,146,214",4,"2317888813,50"
SBH,20.04.2026,"1,974,686",1096,"311172851,08"
SBI,20.04.2026,"4,356,304",15,"41151155,95"
SBR,20.04.2026,"137,291",25,"15828246,48"
SBS,20.04.2026,"66,538,662",1,"227867969,83"
SCZ,20.04.2026,"1,386,501",188,"81188523,66"
SDA,20.04.2026,"46,540,551",1069,"5914845521,63"
SEH,20.04.2026,"1,093,397",46,"52406097,94"
SER,20.04.2026,"53,837,481",794,"6548479036,45"
SFA,20.04.2026,"17,757,294",16,"887457528,61"
SFS,20.04.2026,"131,845",78,"30087557,98"
SGT,20.04.2026,"1,451,089",832,"231849556,62"
SHE,20.04.2026,"3,806,005",728,"60157538,92"
SHI,20.04.2026,"2,685,374",47,"1778344368,34"
SHU,20.04.2026,"1,454,795",18,"235844060,18"
SIS,20.04.2026,"1,794,366",11,"59777435,52"
SJP,20.04.2026,"57,699,687",29,"298327057,87"
SKL,20.04.2026,"1,786,403",833,"207364696,95"
SKO,20.04.2026,"1,725,393",5235,"324633753,43"
SKS,20.04.2026,"47,285,793",3,"1182144820,18"
SKT,20.04.2026,"103,667",2070,"45332907,21"
SKZ,20.04.2026,"904,855",1765,"266500606,23"
SLF,20.04.2026,"9,939,104",7132,"1214595357,12"
SLG,20.04.2026,"1,368,715",955,"459195076,17"
SLR,20.04.2026,"335,331",5,"1273151952,58"
SLS,20.04.2026,"1,079,974",11,"118797,19"
SMP,20.04.2026,"102,112",1,"1429568625,69"
SNY,20.04.2026,"2,313,093",688,"818433196,90"
SOS,20.04.2026,"136,925",158,"10063901,37"
SPA,20.04.2026,"6,293,218",208,"2783224666,04"
SPD,20.04.2026,"76,046,416",1,"322003338,58"
SPE,20.04.2026,"98,620,174",1137,"3535965995,49"
SPN,20.04.2026,"8,938,024",509,"2538693995,61"
SPP,20.04.2026,"1,388,974",147,"240288375,32"
SPR,20.04.2026,"126,758",166,"15807654,46"
SPT,20.04.2026,"1,990,293",939,"103305745,69"
SRA,20.04.2026,"1,945,116",1,"3875774519,10"
SRE,20.04.2026,"60,007,314",1,"939186288,85"
SRL,20.04.2026,"1,479,821",316,"20037695,00"
SRO,20.04.2026,"25,187,547",6,"7021151784,06"
SSD,20.04.2026,"51,727,482",1,"534480779,49"
SSE,20.04.2026,"4,326",11,"135724084,60"
SSF,20.04.2026,"1,028,951",15,"1331099,66"
SSK,20.04.2026,"1,500,796",496,"36892078,29"
SSN,20.04.2026,"54,842,414",4,"715609539,88"
SSO,20.04.2026,"13,022,534",1,"6639903980,62"
SSS,20.04.2026,"1,466,046",4855,"261698744,36"
SST,20.04.2026,"145,647",22,"8593920,96"
ST1,20.04.2026,"197,963,917",3194,"718565598,45"
STI,20.04.2026,"125,094",93,"134586415,99"
STM,20.04.2026,"471,209",12,"562392,69"
STS,20.04.2026,"79,827,494",27,"402252339,48"
STZ,20.04.2026,"25,372,944",85,"581102734,70"
SUA,20.04.2026,"530,077",1396,"2573113558,70"
SUB,20.04.2026,"399,169",845,"115235647,68"
SUC,20.04.2026,"20,117,015",520,"458191605,16"
SUR,20.04.2026,"1,231,429",105,"194156613,18"
SVB,20.04.2026,"9,303,594",1617,"294847805,50"
SVS,20.04.2026,"2,557,541",1,"1662986686,08"
SVY,20.04.2026,"1,633,246",2,"3461196556,03"
SYF,20.04.2026,"298,863,524",6,"2340791768,67"
SYL,20.04.2026,"4,199,494,406",1,"1162445248,61"
SYR,20.04.2026,"48,167,166",22,"309042414,36"
SYS,20.04.2026,"45,733,395",123,"1650409168,35"
T3B,20.04.2026,"164,379",26,"12601132600,40"
TAL,20.04.2026,"2,892,028",833,"39975074,67"
TAO,20.04.2026,"19,582,264",1,"1035048669,02"
TAR,20.04.2026,"2,281,129",6743,"115682996,25"
TAU,20.04.2026,"724,622",38918,"2753370349,33"
TAZ,20.04.2026,"2,300,891",2,"1084913793,96"
TB9,20.04.2026,"49,345,637",11364,"40412369439,13"
TBP,20.04.2026,"259,683",210,"443391816,63"
TBT,20.04.2026,"51,137,468",2811,"423930661,57"
TBV,20.04.2026,"362,279",8446,"1316505904,84"
TCA,20.04.2026,"834,883",51438,"16414985224,84"
TCB,20.04.2026,"205,976",4981,"3854506833,25"
TCC,20.04.2026,"76,832",285,"396889162,92"
TCD,20.04.2026,"46,301,777",12646,"1482618472,93"
TCF,20.04.2026,"4,043,731",3374,"5565119452,53"
TCG,20.04.2026,"1,369,743",1,"194033843,97"
TCH,20.04.2026,"2,045,385",74,"280243099,79"
TCI,20.04.2026,"1,011,382",17,"1309203413,83"
TCS,20.04.2026,"42,253,405",45,"1465908703,03"
TDG,20.04.2026,"495,029",2144,"661582997,16"
TDP,20.04.2026,"5,534,671",44,"302177929,23"
TE3,20.04.2026,"38,714,061",3224,"1273701980,13"
TE4,20.04.2026,"5,812,532",1738,"2375521121,73"
TEJ,20.04.2026,"2,186,703",1103,"528548698,60"
TFE,20.04.2026,"2,502,387",104,"31984085,06"
TFF,20.04.2026,"34,406,176",8488,"1137798532,82"
TFU,20.04.2026,"1,157,235",3474,"922202037,71"
TGA,20.04.2026,"463,393",6838,"851470160,56"
TGE,20.04.2026,"268,898",42511,"3434221838,76"
TGN,20.04.2026,"1,270,703",1986,"2331916581,29"
TGR,20.04.2026,"6,756,961",5971,"122576276,89"
TGT,20.04.2026,"106,114",62213,"3282259340,37"
TGV,20.04.2026,"19,720,452",13,"12547269133,63"
TGZ,20.04.2026,"5,396,978",11,"980253708,55"
THD,20.04.2026,"2,772,325",212,"9324672,96"
THF,20.04.2026,"2,252,808",6862,"1100801819,05"
THG,20.04.2026,"6,310,147",189,"164650346,15"
THH,20.04.2026,"130,261,685",1,"1661943972,26"
THO,20.04.2026,"46,852,047",12,"1120759851,14"
THS,20.04.2026,"58,894,862",1,"386418259,24"
THT,20.04.2026,"25,527",360,"9167316,95"
THV,20.04.2026,"89,471,354",21,"4034669200,14"
TI1,20.04.2026,"1,464,182,503",228894,"173651405984,19"
TI2,20.04.2026,"136,389",22779,"4414645242,31"
TI3,20.04.2026,"127,131",24852,"2566322381,43"
TI4,20.04.2026,"59,086",16158,"2487773141,78"
TI6,20.04.2026,"4,995",4859,"796469271,52"
TI7,20.04.2026,"72,744,882",10710,"1349066560,70"
TIE,20.04.2026,"766,802",17708,"1916328641,34"
TIL,20.04.2026,"1,388,913",1623,"92542343,42"
TIP,20.04.2026,"46,340,735",31,"168642369,16"
TIV,20.04.2026,"46,981,918",112947,"19662748237,01"
TJB,20.04.2026,"9,600,018",1,"784344762,37"
TJF,20.04.2026,"5,211,527",578,"61699398,05"
TJI,20.04.2026,"6,244,295",924,"781491110,80"
TJL,20.04.2026,"21,046,078",4,"1430944752,07"
TJT,20.04.2026,"64,076,208",2010,"2387479501,36"
TKF,20.04.2026,"66,231,632",4654,"1058173580,62"
TKH,20.04.2026,"2,193,889",1,"448123728,62"
TKK,20.04.2026,"1,713,306",114764,"1829035760,07"
TKM,20.04.2026,"1,891",498922,"60943197907,91"
TLE,20.04.2026,"26,441,411",983,"558937154,99"
TLH,20.04.2026,"31,976,382",449,"152590465,05"
TLK,20.04.2026,"1,554,427",933,"2616684448,62"
TLT,20.04.2026,"65,552,192",1,"371265917,09"
TLU,20.04.2026,"49,471,213",547,"9972000673,99"
TLV,20.04.2026,"1,193,874",6632,"3998201370,80"
TLY,20.04.2026,"5,142,418,363",82739,"121760248456,87"
TLZ,20.04.2026,"17,966,979",805,"57088136,85"
TMC,20.04.2026,"150,273",11080,"100222122,04"
TMG,20.04.2026,"1,244,381",32471,"4439498346,35"
TMH,20.04.2026,"0,00",12,"0,00"
TMM,20.04.2026,"650,133",1203,"817544455,65"
TMR,20.04.2026,"7,064,575",1,"9001151375,72"
TMS,20.04.2026,"1,871,951",88,"334347227,09"
TMU,20.04.2026,"1,290,679",101,"107991998,04"
TMV,20.04.2026,"5,030,688",1396,"5498020756,37"
TMZ,20.04.2026,"1,819,778",2504,"48686912,76"
TNA,20.04.2026,"1,649,936",1,"5630327101,92"
TNB,20.04.2026,"47,245,776",87,"716505627,42"
TND,20.04.2026,"1,321,741",386,"175323302,73"
TNF,20.04.2026,"3,721,099",3,"4722581257,32"
TNH,20.04.2026,"12,090,954",2,"109967313,89"
TNI,20.04.2026,"10,040,946",3602,"10219073759,13"
TNK,20.04.2026,"29,883,757",75467,"3731551389,62"
TNS,20.04.2026,"10,539,272",30,"392393808,38"
TO8,20.04.2026,"53,271,576",99,"753340155,49"
TOK,20.04.2026,"55,847,104",7362,"23793252934,27"
TOT,20.04.2026,"839,581,593",807,"150953412,15"
TP1,20.04.2026,"62,707,143",1,"355373543,84"
TP2,20.04.2026,"1,854,466",95634,"128622955035,87"
TPC,20.04.2026,"1,426,031",17887,"8515971444,46"
TPE,20.04.2026,"504,792",34,"2292963368,43"
TPF,20.04.2026,"9,812,945",597,"167912590,88"
TPJ,20.04.2026,"7,245,342",1616,"2518719392,74"
TPL,20.04.2026,"19,733,061",1427,"690131324,80"
TPO,20.04.2026,"162,604",3,"95860896,36"
TPP,20.04.2026,"68,059,152",410,"1505060093,79"
TPR,20.04.2026,"502,331",2,"306366497,13"
TPV,20.04.2026,"10,314,025",38,"6504776,89"
TPZ,20.04.2026,"26,159,186",1557,"139057680,07"
TRJ,20.04.2026,"1,850,316",2940,"1807572637,39"
TRN,20.04.2026,"1,254,455",1,"2294551818,26"
TRO,20.04.2026,"2,585,956",473,"35806276,05"
TRR,20.04.2026,"5,647,527",506,"2667408712,36"
TRU,20.04.2026,"1,399,401",265,"278984630,52"
TSI,20.04.2026,"183,245",78167,"20397605983,50"
TSP,20.04.2026,"65,365,218",5,"1603969838,49"
TTA,20.04.2026,"648,034",222158,"30076771483,89"
TTE,20.04.2026,"1,437,635",38228,"2856626174,61"
TTL,20.04.2026,"36,049,929",386,"225775839,80"
TTP,20.04.2026,"47,563,442",109,"833969929,80"
TTS,20.04.2026,"64,892,621",1,"2017284851,96"
TTV,20.04.2026,"7,766,017",19,"2419649258,87"
TTZ,20.04.2026,"3,591,065",9,"306650552,72"
TUA,20.04.2026,"1,504,215",35118,"18557230387,57"
TVE,20.04.2026,"1,162,867",261,"145345796,01"
TVN,20.04.2026,"2,476,859",555,"7589320,10"
TYH,20.04.2026,"2,205,843",7098,"2001920017,79"
TZC,20.04.2026,"302,425",1136,"30705690,62"
TZD,20.04.2026,"2,444,991",7977,"1197627036,21"
TZH,20.04.2026,"7,779,036",1,"55999256729,16"
TZL,20.04.2026,"121,209",176352,"70022260052,62"
TZP,20.04.2026,"1,235,592",14,"980957597,61"
TZT,20.04.2026,"155,514",6023,"323130301,19"
TZV,20.04.2026,"83,817,081",133207,"21938945356,43"
UAB,20.04.2026,"4,978,908",2,"319720211,21"
UAP,20.04.2026,"64,916,538",1,"426271199,00"
UCN,20.04.2026,"2,141,954",2,"1167215056,65"
UCP,20.04.2026,"1,162,387",28,"21054380223,75"
UFH,20.04.2026,"67,599,202",1,"248514877,03"
UHL,20.04.2026,"67,993,081",1,"2428968513,40"
UHS,20.04.2026,"7,496,785",13,"403416503,03"
ULH,20.04.2026,"6,270,094",267,"1250595247,11"
ULL,20.04.2026,"65,461,375",3,"268194924,76"
UNT,20.04.2026,"1,373,452",232,"100934906,85"
UP1,20.04.2026,"6,398,908",1673,"1317716834,33"
UP2,20.04.2026,"369,412",264,"2585042986,75"
UPD,20.04.2026,"20,395,048",293,"2590174955,92"
UPH,20.04.2026,"31,861,491",593,"203871073,29"
UPP,20.04.2026,"6,180,428",1014,"3061318457,85"
UPS,20.04.2026,"4,686,862",1,"541422571,35"
URA,20.04.2026,"1,972,482",11676,"952875490,92"
URC,20.04.2026,"52,092,279",183,"200924503,49"
URD,20.04.2026,"45,839,259",12,"10219532346,66"
URG,20.04.2026,"70,300,168",1,"527444727,28"
URM,20.04.2026,"46,094,691",1,"8755824,86"
URS,20.04.2026,"3,554,866",1,"931691693,63"
URV,20.04.2026,"3,926,978",2,"10545506387,30"
USS,20.04.2026,"338,001",1,"3664048182,80"
UST,20.04.2026,"3,677,964",1,"1724372897,32"
USY,20.04.2026,"235,709",487,"1258501573,47"
UYH,20.04.2026,"4,505,323",12,"873241334,80"
UZY,20.04.2026,"26,067",16,"81566,25"
VAY,20.04.2026,"1,639,575",3283,"48509050,28"
VCD,20.04.2026,"5,558,275",12,"61142980,68"
VCG,20.04.2026,"5,025,591",20,"1742270992,95"
VCY,20.04.2026,"3,268,457",12127,"147198164,94"
VFK,20.04.2026,"48,286",5453,"3034496893,09"
VFS,20.04.2026,"1,821,622",1,"5866888,55"
VK6,20.04.2026,"3,644,794",156251,"65174677944,72"
VKI,20.04.2026,"2,743,135",589,"2136480233,31"
VKT,20.04.2026,"107,565",45454,"4630609839,09"
VMV,20.04.2026,"2,445,124",151,"6885896291,16"
VNK,20.04.2026,"2,347,659",470,"7820246544,06"
VPP,20.04.2026,"47,988,689",431,"1350718632,35"
VPS,20.04.2026,"1,435,269",11680,"5066469932,20"
VRK,20.04.2026,"1,213,048",152,"24738889,63"
VTF,20.04.2026,"2,104,363",1,"402339554,01"
YA1,20.04.2026,"1,250,313",19,"721021017,35"
YAC,20.04.2026,"1,392,976",10429,"5592651209,99"
YAE,20.04.2026,"1,054,037",800,"253775942,37"
YAK,20.04.2026,"4,855,442",109778,"1113871479,98"
YAN,20.04.2026,"13,154,154",3710,"1784903084,89"
YAR,20.04.2026,"26,996,259",1,"755895243,93"
YAS,20.04.2026,"15,451,326",71267,"7740228404,57"
YAY,20.04.2026,"147,323,032",36714,"10012401782,67"
YBE,20.04.2026,"1,704,323",14323,"5377159726,39"
YBH,20.04.2026,"49,959,693",661,"731327475,04"
YBJ,20.04.2026,"5,443,727",1,"1799992491,16"
YBP,20.04.2026,"11,415,536",56,"859512727,99"
YBR,20.04.2026,"5,157,836",2275,"5036278376,47"
YBS,20.04.2026,"127,892",11287,"1759805652,18"
YCG,20.04.2026,"56,658,973",4,"188685995,44"
YCH,20.04.2026,"242,043",137,"121553707,48"
YCK,20.04.2026,"4,040,253",36,"478839012,87"
YCL,20.04.2026,"10,854,266",12,"390309646,83"
YCP,20.04.2026,"9,650,639",2285,"1343852825,68"
YCY,20.04.2026,"3,650,132",274,"247635139,44"
YDI,20.04.2026,"462,859",7537,"1257248104,64"
YDK,20.04.2026,"106,007",48816,"134524746,16"
YDL,20.04.2026,"55,117,804",8,"1149493881,23"
YDM,20.04.2026,"1,599,798",2,"1109161552,62"
YDP,20.04.2026,"2,096,179",2376,"370803436,13"
YDZ,20.04.2026,"50,599,509",3121,"12233167426,83"
YEF,20.04.2026,"974,562",13724,"2035338200,98"
YFV,20.04.2026,"95,648",7419,"900317069,81"
YGM,20.04.2026,"3,199,373",2531,"660631214,83"
YHB,20.04.2026,"2,256,416",7700,"305526312,35"
YHI,20.04.2026,"1,478,359",278,"66622377,34"
YHK,20.04.2026,"187,165",5393,"956087168,40"
YHP,20.04.2026,"4,130,141",1,"1734659119,63"
YHS,20.04.2026,"26,211,123",8722,"3772565550,71"
YHT,20.04.2026,"367,601",86529,"2163575049,17"
YHY,20.04.2026,"1,307,469",16,"1646332,49"
YHZ,20.04.2026,"8,066,439",13786,"910924082,66"
YIK,20.04.2026,"1,346,927",1461,"25654238686,32"
YIS,20.04.2026,"1,249,145",1,"924704181,42"
YIT,20.04.2026,"2,223,252",5374,"597164334,59"
YIV,20.04.2026,"3,402,857",2,"4633865339,63"
YJA,20.04.2026,"62,423,191",4,"373723462,18"
YJH,20.04.2026,"367,028",3773,"181427886,32"
YJK,20.04.2026,"4,728,117",9166,"629692777,03"
YJU,20.04.2026,"61,911,884",1,"412184989,13"
YJY,20.04.2026,"53,400,701",8305,"67254161207,59"
YKS,20.04.2026,"318,428",378,"191366085,34"
YKT,20.04.2026,"911,719",94587,"36359566864,44"
YLB,20.04.2026,"1,599,039",333932,"67346247764,96"
YLC,20.04.2026,"3,658,247",1483,"80335957,38"
YLE,20.04.2026,"8,834,307",2488,"329962834,82"
YLO,20.04.2026,"4,964,913",4812,"218402729,70"
YLR,20.04.2026,"13,105,455",4,"64190,52"
YLY,20.04.2026,"2,482,312",589,"41477378,86"
YLZ,20.04.2026,"359,297",13,"2019941741,21"
YMD,20.04.2026,"52,266,302",1319,"6051643593,71"
YMH,20.04.2026,"1,425,851",355,"475966795,71"
YMP,20.04.2026,"1,006,472",1,"20129444,77"
YNK,20.04.2026,"45,796,482",1159,"17336144540,89"
YNL,20.04.2026,"51,889,823",1,"206621642,02"
YOA,20.04.2026,"83,007,384",142,"1808625730,19"
YOS,20.04.2026,"53,291,471",224,"977881753,56"
YOT,20.04.2026,"36,607,481",10199,"2310988611,30"
YOZ,20.04.2026,"4,563,084",1180,"23452295841,77"
YP1,20.04.2026,"61,453,632",3,"216772032,47"
YP2,20.04.2026,"6,857,197",1,"1274694507,38"
YP4,20.04.2026,"50,292,708",30446,"137795934439,21"
YPC,20.04.2026,"4,871,812",2342,"42459576,00"
YPD,20.04.2026,"63,594,261",2,"93398411,50"
YPF,20.04.2026,"9,087,783",456,"1124128502,30"
YPI,20.04.2026,"52,196,596",68,"1990226359,88"
YPK,20.04.2026,"13,594,868",273,"224722008,28"
YPL,20.04.2026,"68,111,773",1610,"13104365098,56"
YPN,20.04.2026,"62,649,709",100,"1800034900,34"
YPP,20.04.2026,"24,430,167",1,"4569877851,86"
YPR,20.04.2026,"1,658,428",294,"205141336,92"
YPT,20.04.2026,"3,628,761",18729,"106905094980,56"
YPU,20.04.2026,"61,647,923",1728,"3754593378,66"
YPV,20.04.2026,"7,682,588",3624,"6689991389,62"
YRZ,20.04.2026,"45,192,451",159,"746015962,88"
YSA,20.04.2026,"45,234,208",196,"192340195,15"
YSL,20.04.2026,"41,818,015",421,"710553183,83"
YSO,20.04.2026,"1,260,317",192,"63742801,25"
YSU,20.04.2026,"161,747",6403,"249891719,29"
YTC,20.04.2026,"62,491,731",120,"311441350,42"
YTD,20.04.2026,"803,588",15238,"1603571709,79"
YTJ,20.04.2026,"65,141,091",1,"1144440375,26"
YTO,20.04.2026,"5,030,942",4,"710298726,11"
YTR,20.04.2026,"75,922,485",2,"588049860,89"
YTV,20.04.2026,"2,846,227",2408,"218125679,61"
YTY,20.04.2026,"55,781,584",20581,"100867979537,11"
YUB,20.04.2026,"5,663,006",668,"600791287,08"
YUD,20.04.2026,"70,342,353",2,"241330897,97"
YUI,20.04.2026,"1,911,803",9,"1233266612,88"
YUK,20.04.2026,"46,863,382",149,"1282890241,66"
YUN,20.04.2026,"5,351,834",476,"2726559270,63"
YUY,20.04.2026,"1,022,276",2,"1012422617,39"
YVB,20.04.2026,"1,286,276",729,"112202907,86"
YVD,20.04.2026,"3,889,883",82886,"43013057076,13"
YVF,20.04.2026,"69,054,517",4,"900151250,10"
YVG,20.04.2026,"59,640,185",1223,"5951035749,57"
YVO,20.04.2026,"6,552,667",2,"686892228,54"
YVS,20.04.2026,"70,282,723",6,"406073333,45"
YZC,20.04.2026,"4,176,643",12673,"541956513,15"
YZF,20.04.2026,"9,018,275",1,"450913750,91"
YZG,20.04.2026,"15,499,322",70407,"14681171397,36"
YZH,20.04.2026,"12,469,058",6452,"1235051505,34"
YZK,20.04.2026,"7,393,557",212,"208013069,74"
YZL,20.04.2026,"4,857,151",74,"609479018,96"
ZA2,20.04.2026,"1,759,311",2528,"15126672995,75"
ZAD,20.04.2026,"43,589,616",27,"11094952,18"
ZAV,20.04.2026,"54,300,759",4836,"68703885234,05"
ZAY,20.04.2026,"5,720,412",3773,"1443275278,88"
ZBD,20.04.2026,"665,814,222",2207,"931507654,14"
ZBI,20.04.2026,"2,039,456",1781,"223456818,59"
ZBJ,20.04.2026,"4,533,928",19603,"31567973376,76"
ZBN,20.04.2026,"24,394,136",184,"125488533,12"
ZBO,20.04.2026,"2,971,476",251,"418337012,38"
ZBZ,20.04.2026,"62,810,174",1,"329743050,15"
ZCA,20.04.2026,"7,553,861",1,"56922858,79"
ZCB,20.04.2026,"68,180,432",3,"73494141,89"
ZCC,20.04.2026,"74,552,916",2,"393928141,62"
ZCD,20.04.2026,"4,558,213",639,"1477266698,40"
ZCE,20.04.2026,"410,815",1,"11534591399,19"
ZCF,20.04.2026,"3,739,731",1,"1724009099,38"
ZCG,20.04.2026,"5,835,529",163,"550377335,62"
ZCH,20.04.2026,"2,438,967",1,"5019382033,48"
ZCK,20.04.2026,"1,641,913",1927,"383112348,18"
ZCN,20.04.2026,"3,831,398",7837,"640853945,62"
ZDD,20.04.2026,"6,860,537",1456,"481244193,86"
ZDK,20.04.2026,"15,047,047",1,"3152928,20"
ZDZ,20.04.2026,"12,394,848",9394,"1059583851,04"
ZFB,20.04.2026,"6,475,537",16182,"865225806,31"
ZFZ,20.04.2026,"64,355,917",3,"20685736122,54"
ZHH,20.04.2026,"1,450,791",1135,"113290206,94"
ZJB,20.04.2026,"11,611,304",2295,"11146082908,13"
ZJH,20.04.2026,"57,233,851",1,"193793760,71"
ZJI,20.04.2026,"12,151,188",2319,"8768347619,05"
ZJL,20.04.2026,"14,180,721",2965,"416940148,37"
ZJR,20.04.2026,"6,858,871",1,"1331868905,34"
ZJT,20.04.2026,"63,048,065",1,"1254116923,21"
ZJV,20.04.2026,"10,701,981",1467,"601061753,85"
ZK1,20.04.2026,"46,844,815",120,"2072032238,71"
ZK2,20.04.2026,"54,995,268",72,"1857860992,02"
ZKK,20.04.2026,"23,694,919",1,"2219340854,24"
ZLB,20.04.2026,"47,054,783",60,"547827033,39"
ZLG,20.04.2026,"59,903,568",1,"1008345495,59"
ZLH,20.04.2026,"11,641,433",3721,"472733001,79"
ZMT,20.04.2026,"59,144,278",298,"1186028134,12"
ZMU,20.04.2026,"191,055",13,"20166588,14"
ZMY,20.04.2026,"6,076,723",2899,"184257779,90"
ZNF,20.04.2026,"51,851,811",1,"1900635015,69"
ZOS,20.04.2026,"1,720,815",11,"527466722,16"
ZP1,20.04.2026,"58,813,622",2,"59633365,83"
ZP2,20.04.2026,"5,064,264",1,"542101040,36"
ZP3,20.04.2026,"4,107,163",1,"59911841,08"
ZP6,20.04.2026,"54,179,003",1615,"7023131846,26"
ZP7,20.04.2026,"64,043,345",1,"1601083627,56"
ZP8,20.04.2026,"357,667",5064,"59631498672,26"
ZP9,20.04.2026,"57,305,992",835,"1736453263,71"
ZPA,20.04.2026,"6,202,158",879,"3963400111,22"
ZPC,20.04.2026,"188,679",2990,"3155551192,59"
ZPE,20.04.2026,"33,434,822",6697,"1236435265,44"
ZPF,20.04.2026,"21,429,498",3382,"792400684,71"
ZPG,20.04.2026,"9,472,585",5702,"1306949292,34"
ZPH,20.04.2026,"1,328,266",62,"98530524,49"
ZPJ,20.04.2026,"11,529,944",407,"146618118,56"
ZPK,20.04.2026,"7,429,554",27348,"16080735145,98"
ZPN,20.04.2026,"67,222,687",1,"1905480506,12"
ZPR,20.04.2026,"1,350,067",897,"14801705506,70"
ZR2,20.04.2026,"1,309,586",1,"2625453562,54"
ZR3,20.04.2026,"647,871",162,"199536270,34"
ZSB,20.04.2026,"9,747,673",18,"2693508200,58"
ZSF,20.04.2026,"53,013,778",1747,"44250971,32"
ZSG,20.04.2026,"4,118,869",1017,"51362712,08"
ZSK,20.04.2026,"54,611,843",1,"576112237,15"
ZSN,20.04.2026,"52,063,737",2,"2839332696,83"
ZTF,20.04.2026,"664,826",1,"1827354574,30"
ZTG,20.04.2026,"1,174,774",839,"31859054,80"
ZUD,20.04.2026,"3,889,441",1,"2806800341,73"
ZUE,20.04.2026,"4,551,014",1,"5737084980,35"
ZUS,20.04.2026,"46,801,401",3359,"72920775935,08"
ZVB,20.04.2026,"83,925,348",11,"224156883,84"
ZVO,20.04.2026,"3,811,844",405,"905672916,22"
ZYC,20.04.2026,"4,311,904",1,"7907111018,03"
ZYD,20.04.2026,"4,314,078",1,"7955969981,34"
ZZL,20.04.2026,"76,232,905",15,"38826866,97"